disk_num	script_num	basic_line	string_num	source_text	background_pic	portrait_pic	language	translation
disk01	NO0	10010	31	この物語は一部を除いてフィクシ			KO	이 이야기는 일부를 제외하곤
disk01	NO0	10011	32	ョンであり、実在の人物・地名・			KO	허구이며, 실존 인물, 지명,
disk01	NO0	10012	33	団体名とは一切関係ありません。			KO	단체명과 일절 관계 없습니다.
disk01	NO0	10100	34	白・・・・・・			KO	하얀...
disk01	NO0	10150	35	白い部屋・・・	disk01/OPN1.png		KO	하얀 방...
disk01	NO0	10200	38	白・・・・・・	disk01/OPN1.png		KO	하얀...
disk01	NO0	10250	39	白い時間・・・	disk01/OPN2.png		KO	하얀 시간...
disk01	NO0	10300	41	見慣れた石畳	disk01/OPN2.png		KO	익숙한 돌바닥
disk01	NO0	10350	42	生まれ育った街	disk01/OPN2.png		KO	태어나 자란 거리
disk01	NO0	10370	43	ベイエリア・・・	disk01/OPN3.png		KO	베이 에어리어...
disk01	NO0	10400	45	時が流れていく	disk01/OPN3.png		KO	시간이 흘러간다
disk01	NO0	10450	46	霧に包まれた街角	disk01/OPN4.png		KO	안개에 휩싸인 거리 모퉁이
disk01	NO0	10500	49	影だ・・・・	disk01/OPN4.png		KO	그림자다...
disk01	NO0	10550	50	殺意を感じる	disk01/OPN5.png		KO	살기가 밀려온다
disk01	NO0	10600	52	逃げる・・・・	disk01/OPN5.png		KO	도망친다...
disk01	NO0	10650	53	何から・・・・	disk01/OPN5.png		KO	무엇에서...
disk01	NO0	10660	54	わからない・・	disk01/OPN6.png		KO	모르겠다...
disk01	NO0	10700	56	なぜ俺が・・・	disk01/OPN6.png		KO	어째서 내가...
disk01	NO0	10750	57	影の標的に・・	disk01/OPN6.png		KO	그림자의 표적이...
disk01	NO0	10760	58	わからない・・	disk01/OPN7.png		KO	모르겠다...
disk01	NO0	10800	60	走れ、走れ・・・	disk01/OPN7.png		KO	뛰어라, 뛰어...
disk01	NO0	10850	61	影に追いつかれる	disk01/OPN8.png		KO	그림자에게 따라잡힌다
disk01	NO0	10900	64	俺を殺そうとしている	disk01/OPN8.png		KO	나를 죽이려 한다
disk01	NO0	10950	65	誰・・・わからない	disk01/OPN9.png		KO	누가... 모르겠다
disk01	NO0	11000	67	逃げるんだ・・・	disk01/OPN9.png		KO	도망쳐야 한다...
disk01	NO0	11050	68	奴の足音が	disk01/OPN9.png		KO	발소리가
disk01	NO0	11060	69	そこまできた・・	disk01/OP10.png		KO	코앞까지 다가온다...
disk01	NO0	11100	71	殺意の影が	disk01/OP10.png		KO	살기 어린 그림자가
disk01	NO0	11150	72	刃物を持って	disk01/OP10.png		KO	칼을 들고
disk01	NO0	11160	73	鏡にうつる・・・	disk01/OP11.png		KO	거울에 비친다...
disk01	NO0	15000	75	ＣＤ－ＲＯＭよりＤＡＴＡの読み込みを始めます。ＨＩＴ　ＡＮＹ　ＫＥＹ	disk01/OP11.png		KO	CD-ROM에서 데이터 읽습니다. 아무 키나 눌러주세요.
disk01	NO0	15010	76	　　　　　　　　ＣＤ－ＲＯＭよりＤＡＴＡを読み込み中	disk01/OP11.png		KO	데이터를 읽는 중...
disk02	NO1	110	2	デビッド「ウワァッ！！・・・ハァ、ハァ・・・」	main/MEU4.png		KO	데이비드: 으아악!! ...하아, 하아...
disk02	NO1	120	6	デビッドは、最悪の寝覚めをしたので、全身にネットリとした汗をかいている。	disk02/OKIL.png		KO	데이비드는 끔찍한 악몽 탓에 온몸에 끈적한 땀이 흘러내렸다.
disk02	NO1	150	7	デビッド「ちくしょう！　またあの夢だ！」	disk02/OKIL.png		KO	데이비드: 젠장! 또 그 꿈인가!
disk02	NO1	160	8	子供の頃からときどき見る悪夢なのだが、なかなか慣れない・・・。	disk02/OKIL.png		KO	어렸을 때부터 가끔씩 꾸는 악몽이지만 도무지 익숙해지지 않았다...
disk02	NO1	170	9	少し気になるのは成長するに連れてリアリティ－が増し、その分うなされる回数も増えていることだ。	disk02/OKIL.png		KO	조금 마음에 걸리는 점은 시간이 지날수록 현실감이 더 커지고, 그만큼 가위 횟수도 늘고 있다는 것이다.
disk02	NO1	180	10	デビッド「このままじゃ夢に殺されてしまう。いっそ精神科にでも行くかな・・・」	disk02/OKIL.png		KO	데이비드: 이러다가 꿈으로 죽겠어. 차라리 정신과라도 가볼까...
disk02	NO1	190	11	うなされるたびにそう思うデビッドであった。	disk02/OKIL.png		KO	가위에 눌릴 때마다 그렇게 생각하는 데이비드였다.
disk02	NO1	200	12	デビッド「・・・シャワ－でも浴びるか・・・」	disk02/OKIL.png		KO	데이비드: ...샤워라도 할까...
disk02	NO1	210	13	シャワ－を浴びれば少しは気分も良くなるとデビッドは思った・・・。	disk02/OKIL.png		KO	샤워를 하면 기분이 좀 나아질 거라고 데이비드는 생각했다...
disk02	NO1	310	14	デビッド「いよいよ明日か・・・初のヨ－ロッパツア－に行くのは・・・」	disk02/SHYW.png		KO	데이비드: 드디어 내일인가... 첫 유럽 투어를 떠나는 날이...
disk02	NO1	320	15	デビッドはイギリス・インディ－ズシ－ンの中でも、デビュ－してたった１年でヨ－ロッパツア－を敢行するなど、新進気鋭のロックバンド［エレノ・ヴィジョン］の一員であり、	disk02/SHYW.png		KO	데이비드는 영국 인디 씬에서 데뷔 불과 1년 만에 유럽 투어를 감행하는 신예 록 밴드 `엘레노 비전'의 멤버이자,
disk02	NO1	330	16	そのフロントマンにふさわしい美形・知性・カリスマ性と三拍子そろったボ－カリストである。	disk02/SHYW.png		KO	프론트맨에 걸맞은 외모, 지성, 카리스마 삼박자를 갖춘 보컬이다.
disk02	NO1	400	17	部屋の中を見わたす。	disk02/SHYW.png		KO	방 안을 둘러본다.
disk02	NO1	400	18	ヨ－ロッパ・ツア－について考える。	disk02/SHYW.png		KO	유럽 투어에 대해 생각한다.
disk02	NO1	400	19	テレビのスイッチを入れる。	disk02/SHYW.png		KO	TV를 켠다.
disk02	NO1	410	20	デビッドは、冷えたミネラル・ウォ－タ－を片手に持ってソファ－に座っている。	disk02/MYR1.png		KO	데이비드는 차가운 생수병를 한 손에 들고 소파에 앉았다.
disk02	NO1	430	21	売れっ子ミュ－ジシャンのわりには質素な造りの部屋で、こぎれいに片付けている。	disk02/MYR1.png		KO	인기 뮤지션치고는 소박한 방이지만, 깔끔하게 정리되어 있었다.
disk02	NO1	440	22	デビッド「フ－ッ！　こんな調子でツア－に出るとは・・・」	disk02/MYR1.png	main/davL.png	KO	데이비드: 하아... 이런 상태로 투어를 떠나야 하다니...
disk02	NO1	450	23	デビッド「ダメだ！　そんな弱気になっていては・・・シッカリしないと・・・」	disk02/MYR1.png	main/davL.png	KO	데이비드: 안 돼! 이렇게 약해져서는... 정신 차려야 돼...
disk02	NO1	460	24	デビッド「まだこんな時間か・・・テレビでも見るか」	disk02/MYR1.png	main/davL.png	KO	데이비드: 아직 시간이 이르니... TV나 볼까?
disk02	NO1	502	26	デビッド「昼間は、国営放送は休みか！？　税金ばかり高く取るわりに、休んでいるとは・・・しっかり働いてくれよ」	disk02/MYR2.png	main/davL.png	KO	데이비드: 낮에는 국영방송이 휴방인 거야!? 세금은 잔뜩 걷어가면서 쉬다니... 일 좀 하라고!
disk02	NO1	510	28	デビッド「昼間からホラ－とは！？　この映画は相変わらずだな・・・」	disk02/JSO1.png	main/davL.png	KO	데이비드: 대낮부터 공포 영화라니!? 이 영화도 변함없구만...
disk02	NO1	515	29	デビッド「ここまでくるとほとんどコミックだな・・・俺の夢のほうがよっぽどホラ－してるよ」	disk02/JSO2.png	main/davL.png	KO	데이비드: 이쯤되면 거의 코미디인데... 내 악몽이 훨씬 더 공포야.
disk02	NO1	520	31	デビッド「オッ！　この曲は・・・最高だな！！」	disk02/JSO2.png	main/davL.png	KO	데이비드: 오! 이 노래... 정말 좋은데!!
disk02	NO1	540	33	ＢＢＤ「・・・今朝キングストン地区のリッチモンド・ロ－ドで交通事故がありました・・・死亡者は女性１名で・・・事故当時、女性は意識不明の状態のため、近くのカッセル病院に運ばれましたが、まもなく死亡いたしました」	disk02/BBC1.png	main/davL.png	KO	BBC: ...오늘 아침 킹스턴 지역의 리치먼드 거리에서 교통사고가 발생했습니다... 사망자는 여성 1명으로... 사고 당시 의식 불명 상태였던 여성은 인근 카셀 병원으로 이송되었으나 끝내 사망했습니다.
disk02	NO1	550	34	ＢＢＤ「・・・死亡した女性の名前は、クレア・スタ－ク　２１才・・・ヴュ－ズ・レ－ベル所属の、最近若者に人気があるロックバンド［エレノ・ヴィジョン］のマネ－ジャ－をしていました・・・」	disk02/BBC3.png	main/davL.png	KO	BBC: ...사망한 여성은 21세 클레어 스타크 씨이며... Views 레이블 소속으로, 최근 젊은 층에서 큰 인기를 끌고 있는 록 밴드 `엘레노 비전'의 매니저를 맡고 있었습니다...
disk02	NO1	560	35	デビッド「んっ！？・・・なに！！・・・クレアが・・・まさか！？」	disk02/BBC3.png	main/davL.png	KO	데이비드: 응!? ...뭐라고!! ...클레어가... 설마!?
disk02	NO1	570	36	ＢＢＤ「・・・このバンドは明日から、初のヨ－ロッパ・ツア－を開始する矢先に事故があり・・・ヴュ－ズ・レ－ベル社内では・・・もようです」	disk02/BBC2.png	main/davL.png	KO	BBC: ...이 밴드는 내일부터 첫 유럽 투어를 시작할 예정이었던 터라... Views 레이블 내부에서는... 인 상황입니다.
disk02	NO1	640	37	電話は、同じバンドのマ－チンからだ。	disk02/TEL.png	main/davL.png	KO	전화는 밴드 멤버인 마틴에게서 온 것이다.
disk02	NO1	700	38	マ－チンからの電話を聞く。	disk02/TEL.png	main/davL.png	KO	마틴의 전화를 받는다.
disk02	NO1	700	39	事件について考える。	disk02/TEL.png	main/davL.png	KO	사건에 대해 생각한다.
disk02	NO1	720	40	とりあえず、事務所に行くしかなさそうだ。	disk02/TEL.png	main/davL.png	KO	일단 사무실로 가는 수밖에 없을 것 같다.
disk02	NO1	730	41	とにかく、マ－チンからの電話を聞いてみよう。	disk02/TEL.png	main/davL.png	KO	어쨌든 마틴의 이야기부터 들어보자.
disk02	NO1	770	42	ヴュ－ズ・レ－ベル事務所に行く。	disk02/TEL.png	main/davL.png	KO	사무실로 이동한다.
disk02	NO1	780	43	デビッドは、ミネラル・ウォ－タ－を一気に飲み干し、ヴュ－ズ・レ－ベル事務所に急いだ。	disk02/MYR1.png	main/davL.png	KO	데이비드는 생수를 단숨에 들이키고, 서둘러 Views 레이블 사무실로 향했다.
disk02	NO1	805	48	マ－チン「デビッド！・・・プロダクションから連絡が入ったよ・・・ク・クレアが・・・」	disk02/MYR1.png	main/marL.png	KO	마틴: 데이비드! ...회사에서 연락이 왔어... 크, 클레어가...
disk02	NO1	810	49	デビッド「あ、ああ・・・　今、ニュ－スで・・・」	disk02/MYR1.png	main/davL.png	KO	데이비드: 아, 나도... 방금 뉴스를 봤어...
disk02	NO1	820	50	マ－チン「・・・自過失だって・・・」	disk02/MYR1.png	main/marL.png	KO	마틴: ...본인 과실이래...
disk02	NO1	830	51	デビッド「そんな！？・・・、彼女がそんなミスを犯すなんて・・・」	disk02/MYR1.png	main/davL.png	KO	데이비드: 뭐!? 클레어가 그런 실수를 저지르다니...
disk02	NO1	840	52	マ－チン「まったくだよ。　しかしどうする？　明日からツア－だよ」	disk02/MYR1.png	main/marL.png	KO	마틴: 내 말이 그 말이야. 이제 어떡하지? 당장 내일부터 투어잖아.
disk02	NO1	850	53	デビッド「・・・まあ、そこはプロダクションの方がうまくやってくれるだろうけど・・・残念だな・・・ほかの奴には？・・・」	disk02/MYR1.png	main/davL.png	KO	데이비드: ...뭐, 그건 회사에서 잘 처리해주겠지만... 클레어가 죽다니... 다른 녀석들한테 연락했어?
disk02	NO1	860	54	マ－チン「これから連絡するよ。とりあえず事務所まで来てくれないか？」	disk02/MYR1.png	main/marL.png	KO	마틴: 이제 하려는 참이야. 일단 사무실로 와줄래?
disk02	NO1	870	55	デビッド「ああ、分かった」	disk02/MYR1.png	main/davL.png	KO	데이비드: 그래, 알았어.
disk02	NO1	902	57	デビッドの所属しているヴュ－ズ・レ－ベルは創立してまだ２年目だが、	disk02/LON5.png	main/davL.png	KO	데이비드가 소속된 Views 레이블은 창립 2년 차에 불과하지만,
disk02	NO1	906	58	マイナ－なバンドでも個性的な音楽なら投資を惜しまない事が有名になり、	disk02/LON5.png	main/davL.png	KO	비주류 밴드라도 개성 있다면 투자를 아끼지 않는 것으로 유명하다.
disk02	NO1	908	59	今では大手のレ－ベルに並ぶほどのイベントやセ－ルスの実績を上げ、	disk02/LON6.png	main/davL.png	KO	현재는 대형 레이블에 필적하는 이벤트 및 판매 실적을 올리며
disk02	NO1	910	61	ヨ－ロッパのインディ－ズ・シ－ンの代表的なレ－ベルである。	disk02/Vﾏｴ.png	main/davL.png	KO	유럽 인디 씬을 대표하는 레이블로 자리매김하고 있다.
disk02	NO1	10000	105	ＤＡＴＡをＳＡＶＥしますか？　Ｙ／Ｎ	disk02/Vﾏｴ.png	main/davL.png	KO	
disk02	NO1	10040	111	ドライブ１に、ＳＡＶＥ・ディスクを入れて下さい。	disk02/Vﾏｴ.png	main/davL.png	KO	
disk02	NO1	10070	113	ドライブ１のディスクが違います。	disk02/Vﾏｴ.png	main/davL.png	KO	드라이브 1의 디스크가 다릅니다.
disk02	NO1	10110	114	ＳＡＶＥしました。ドライブ１のディスクに、ＭＡＩＮディスクを入れて下さい。	disk02/Vﾏｴ.png	main/davL.png	KO	
disk02	NO1	10150	116	ドライブ１のディスクが違います。	disk02/Vﾏｴ.png	main/davL.png	KO	드라이브 1의 디스크가 다릅니다.
disk02	NO2	110	2	ケイト・ランベラ　２４才	disk02/KEIT.png	main/davL.png	KO	케이트 람벨라 (24세)
disk02	NO2	130	3	ケイトの話を聞いてみる。	disk02/KEIT.png	main/davL.png	KO	케이트의 이야기를 듣는다.
disk02	NO2	130	4	ケイトの表情を見る。	disk02/KEIT.png	main/davL.png	KO	케이트의 표정을 살핀다.
disk02	NO2	150	5	受付嬢のケイトは、いつもは笑顔を絶えさない明るい娘であるが、今日はクレアの事で悲しみを隠しきれないのか笑顔が見られない。	disk02/KEIT.png	main/davL.png	KO	접수원 케이트는 평소 미소를 잃지 않는 밝은 여자였지만, 오늘은 클레어의 죽음으로 슬픔을 감추지 못하고 있었다.
disk02	NO2	160	6	ケイト「デビッド！！　クレアが・・・」	disk02/KEIT.png	main/davL.png	KO	케이트: 데이비드! 클레어가...
disk02	NO2	170	7	デビッド「知っているよ・・・マ－チンから連絡があった・・・」	disk02/KEIT.png	main/davL.png	KO	데이비드: 알고 있어... 마틴한테 연락받았어...
disk02	NO2	170	8	クレアについてケイトに聞いてみる。	disk02/KEIT.png	main/davL.png	KO	클레어에 대해 케이트에게 물어본다.
disk02	NO2	180	9	ケイト「・・・明日のツア－は、一番クレアが楽しみにしていたのに・・・本当に神様は残酷な事をするわね・・・」	disk02/KEIT.png	main/davL.png	KO	케이트: ...내일 투어를 클레어가 가장 기대했는데... 정말 신도 너무해요...
disk02	NO2	190	10	デビット「ああ、たしかに・・・クレアは、このツア－のために寝るのも惜しんで働いたっけ・・・とにかく、社長のリチャ－ドに明日の事を聞かないと・・・」	disk02/KEIT.png	main/davL.png	KO	데이비드: 그래, 맞아... 클레어는 이번 투어를 위해 잠도 아껴가며 일했지... 어쨌든, 리차드 사장님께 내일 일정에 대해 물어봐야겠어...
disk02	NO2	190	11	社長についてケイトに聞いてみる。	disk02/KEIT.png	main/davL.png	KO	사장에 대해 케이트에게 물어본다.
disk02	NO2	200	12	ケイト「社長は、さきほど慌てて外に出ていったわ・・・あの様子だと何か考えがあるみたい」	disk02/KEIT.png	main/davL.png	KO	케이트: 사장님은 방금 황급히 나가셨어요... 그 모습을 보니 무슨 생각이라도 있으신 모양이에요.
disk02	NO2	210	13	デビッド「それじゃ・・・社長を待つとするか。ケイト、気を落とさずがんばれよ」	disk02/KEIT.png	main/davL.png	KO	데이비드: 그럼... 사장님을 기다려야겠네. 케이트, 너무 낙담하지 말고 기운 내.
disk02	NO2	220	14	ケイト「ええ・・・デビッド、サンキュ－！」	disk02/KEIT.png	main/davL.png	KO	케이트: 네... 데이비드, 고마워요!
disk02	NO2	300	15	デビッドは事務所に入った。	disk02/KEIT.png	main/davL.png	KO	데이비드는 사무실로 들어갔다.
disk02	NO2	305	16	事務所の様子を見る。	disk02/VIE2.png	main/davL.png	KO	사무실 내부를 둘러본다.
disk02	NO2	305	17	事務所の関係者にたずねる。	disk02/VIE2.png	main/davL.png	KO	사무실 관계자에게 물어본다.
disk02	NO2	310	18	デビッドの所属する、ここヴュ－ズ・レ－ベルの事務所は上へ下への大騒ぎである。なにせメジャ－と違ってインディ－ズだけに有能な彼女の死は大きな損失なのである。	disk02/VIE2.png	main/davL.png	KO	데이비드가 소속된 Views 레이블의 사무실은 발칵 뒤집혀 있었다. 메이저 레이블과 달리 인디인 만큼, 유능했던 그녀의 죽음은 막대한 손실이기 때문이다.
disk02	NO2	320	19	デビッド「あの・・・みんなは？・・・」	disk02/VIE2.png	main/davL.png	KO	데이비드: 저기... 멤버들은 어디에 있습니까?
disk02	NO2	330	20	女性「あっ！・・・デビッド、スタジオでメンバ－達が待ってます」	disk02/VIE2.png	main/davL.png	KO	여성: 앗! ...데이비드, 스튜디오에서 멤버들이 기다리고 있어요.
disk02	NO2	340	21	デビッド「・・・わかりました」	disk02/VIE2.png	main/davL.png	KO	데이비드: ...알겠습니다.
disk02	NO2	401	22	スタジオにはマ－チンとアンドリュ－だけしかいなかった。	disk02/ｽﾀｼｵ.png	main/davL.png	KO	스튜디오에는 마틴과 앤드류밖에 없었다.
disk02	NO2	402	23	二人の様子を見る。	disk02/ｽﾀｼｵ.png	main/davL.png	KO	두 사람의 상태를 살핀다.
disk02	NO2	402	24	アンドリュ－の話を聞く。	disk02/ｽﾀｼｵ.png	main/davL.png	KO	앤드류의 이야기를 듣는다.
disk02	NO2	402	25	マ－チンの話を聞く。	disk02/ｽﾀｼｵ.png	main/davL.png	KO	마틴의 이야기를 듣는다.
disk02	NO2	450	26	二人とも彼女の事で表情が暗くなっていた。	disk02/ｽﾀｼｵ.png	main/davL.png	KO	둘 다 클레어 때문에 표정이 어두웠다.
disk02	NO2	470	28	アンドリュ－「アランは、まだ来てないし・・・社長もどこかに行ってしまうし・・・本当にツア－が出来るのか心配だな」	disk02/ｽﾀｼｵ.png	main/andL.png	KO	앤드류: 앨런은 아직 오지도 않았고... 사장님도 어딘가로 가버리고... 정말 투어를 할 수 있을지 걱정이야.
disk02	NO2	480	29	デビッド「アランは、まだ来ていないのか？」	disk02/ｽﾀｼｵ.png	main/davL.png	KO	데이비드: 앨런은 아직 안 왔어?
disk02	NO2	490	30	マ－チン「デビット、こんな状態でツア－なんて・・・」	disk02/ｽﾀｼｵ.png	main/marL.png	KO	마틴: 데이비드, 이런 상황에서 투어는 가능할까...
disk02	NO2	490	31	マ－チン「デビット、もうツア－まで一週間しかないんだ・・・」	disk02/ｽﾀｼｵ.png	main/marL.png	KO	마틴: 데이비드, 이제 공연까지 일주일밖에 안 남았는데...
disk02	NO2	500	32	デビッド「マ－チン、どうしたんだ？・・・顔色が悪いぞ」	disk02/ｽﾀｼｵ.png	main/davL.png	KO	데이비드: 마틴, 왜 그래? 안색이 안 좋아 보여.
disk02	NO2	505	33	デビット「マ－チン、元気だせよ・・・」	disk02/ｽﾀｼｵ.png	main/davL.png	KO	데이비드: 마틴, 기운 내...
disk02	NO2	510	34	アンドリュ－「マ－チン、そんなにしょげるなよ・・・きっと社長が何とかしてくれるさ」	disk02/ｽﾀｼｵ.png	main/andL.png	KO	앤드류: 마틴, 너무 낙담하지 마... 분명 사장님이 잘 해결해 줄 거야.
disk02	NO2	520	35	マ－チン「アンドリュ－は普段から楽天的だからいいけどさ・・・このツア－が成功しなければマスコミの連中がなんて言うか・・・このバンドも・・・」	disk02/ｽﾀｼｵ.png	main/marL.png	KO	마틴: 앤드류는 평소에도 낙천적이니까 괜찮겠지만... 이번 투어가 실패하면 기자 놈들이 뭐라고 떠들지... 이 밴드도 끝났다면서...
disk02	NO2	540	36	デビッド「オイオイ！　二人とも、こんな時にもめなくても・・・」	disk02/ｽﾀｼｵ.png	main/davL.png	KO	데이비드: 이봐! 둘 다 이런 때에 다투지 말라고...
disk02	NO2	550	37	アンドリュ－「また始まった！・・・君はいつもバンドの評判ばかり気にするんだ」	disk02/ｽﾀｼｵ.png	main/andL.png	KO	앤드류: 또 시작이네! ...넌 항상 밴드 평판만 신경 쓴다니까.
disk02	NO2	555	38	デビッド「んっ？　誰か来たぞ！」	disk02/ｽﾀｼｵ.png	main/davL.png	KO	데이비드: 응? 누가 들어온다!
disk02	NO2	600	39	アランが駆け込んできた。	disk02/ｽﾀｼｵ.png	main/alnL.png	KO	앨런이 달려 들어왔다.
disk02	NO2	630	40	彼はメンバ－の中では一番の演奏テクニックがあり、曲のアレンジはほとんど彼一人でやってしまうほどの才能の持ち主である。	disk02/ｽﾀｼｵ.png	main/alnL.png	KO	그는 멤버들 중 가장 뛰어난 연주 기량을 갖췄으며, 곡의 편곡을 거의 혼자서 해낼 정도의 재능을 가진 남자다.
disk02	NO2	640	41	アラン「遅れてしまって、悪い！・・・今まで、ツア－に使うサンプリングソ－ス・ディスクを作っていたんだ・・・クレアの事、本当に残念だったな・・・」	disk02/ｽﾀｼｵ.png	main/alnL.png	KO	앨런: 늦어서 미안! ...여태까지 투어에 쓸 샘플링 소스 디스크를 만들고 있었거든... 클레어 일은 정말 안타깝게 됐어...
disk02	NO2	650	42	デビッド「・・・これで、みんなそろった訳だが・・・後は、社長が帰ってくれば・・・あっ、帰ってきたみたいだ」	disk02/ｽﾀｼｵ.png	main/davL.png	KO	데이비드: ...이제 다 모였으니... 이제 사장님만 돌아오면... 아, 돌아온 모양이네.
disk02	NO2	655	43	社長兼プロデュ－サ－のリチャ－ドが入ってきた。	disk02/ｽﾀｼｵ.png	main/davL.png	KO	사장 겸 프로듀서인 리차드가 들어왔다.
disk02	NO2	657	46	リチャ－ド「やあ、みんな集まったか・・・話しがあるので、会議室に来てくれ」	disk02/ｽﾀｼｵ.png	main/rtdL.png	KO	리차드: 오, 다들 모여 있었나... 할 이야기가 있으니 회의실로 와주게.
disk02	NO2	10000	68	ＤＡＴＡをＳＡＶＥしますか？　Ｙ／Ｎ	disk02/ｽﾀｼｵ.png	main/rtdL.png	KO	
disk02	NO2	10040	74	ドライブ１に、ＳＡＶＥ・ディスクを入れて下さい。	disk02/ｽﾀｼｵ.png	main/rtdL.png	KO	
disk02	NO2	10070	76	ドライブ１のディスクが違います。	disk02/ｽﾀｼｵ.png	main/rtdL.png	KO	드라이브 1의 디스크가 다릅니다.
disk02	NO2	10110	77	ＳＡＶＥしました。ドライブ１のディスクに、ＭＡＩＮディスクを入れて下さい。	disk02/ｽﾀｼｵ.png	main/rtdL.png	KO	
disk02	NO2	10150	79	ドライブ１のディスクが違います。	disk02/ｽﾀｼｵ.png	main/rtdL.png	KO	드라이브 1의 디스크가 다릅니다.
disk02	N3-1	20	0	部屋に入ると、一人の若い女性が待っていた。	disk02/VIE3.png	main/rtdL.png	KO	방에 들어서자, 한 젊은 여성이 기다리고 있었다.
disk02	N3-1	35	1	メンバ－の表情を見る。	disk02/VIE3.png	main/rtdL.png	KO	멤버들의 표정을 살핀다.
disk02	N3-1	35	2	リチャ－ドの話を聞く。	disk02/VIE3.png	main/rtdL.png	KO	리차드의 이야기를 듣는다.
disk02	N3-1	35	3	メンバ－の話を聞く。	disk02/VIE3.png	main/rtdL.png	KO	멤버들의 이야기를 듣는다.
disk02	N3-1	35	4	スシャ－ナに話しかける。	disk02/VIE3.png	main/rtdL.png	KO	수잔나에게 말을 건다.
disk02	N3-1	50	5	メンバ－は、社長の話に期待をしているようだ。	disk02/VIE3.png	main/rtdL.png	KO	멤버들은 사장인 리차드에게 기대를 걸고 있는 듯하다.
disk02	N3-1	60	6	スシャ－ナは、みかけより明かるい神秘的な女性である。	disk02/VIE3.png	main/rtdL.png	KO	수잔나는 겉모습보다 더 화사하고 신비로운 여성이었다.
disk02	N3-1	70	7	新しくマネ－ジャ－が決まり、なんとか予定通りにツア－へ出られそうだという安心感がメンバ－にひろがった。	disk02/VIE3.png	main/rtdL.png	KO	새로운 매니저가 결정되어 어떻게든 예정대로 투어를 떠날 수 있다는 안도감이 멤버들 사이에 퍼졌다.
disk02	N3-1	220	8	リチャ－ド「どうも、大変な事になってしまった。とりあえず紹介しておこう。彼女はスシャ－ナ・リン。君達の新しいマネ－ジャ－だ」	disk02/VIE3.png	main/rtdL.png	KO	리차드: 이거 참, 엄청난 일이 터져버렸군. 일단 소개부터 하지. 이쪽은 수잔나 린, 자네들의 새 매니저일세.
disk02	N3-1	230	10	スシャ－ナ「よろしく！　エレノ・ヴィジョンのみなさん」	disk02/VIE3.png	main/linR.png	KO	수잔나: 잘 부탁해요, 엘레노 비전 여러분!
disk02	N3-1	240	11	アンドリュ－「アンドリュ－・ベイカ－です。よろしく！」	disk02/VIE3.png	main/andL.png	KO	앤드류: 앤드류 베이커야. 잘 부탁해.
disk02	N3-1	241	12	アラン「アレンジ担当のアラン・スティ－ベルだ」	disk02/VIE3.png	main/alnL.png	KO	앨런: 편곡을 담당하는 앨런 스티벨야.
disk02	N3-1	242	13	マ－チン「作曲担当のマ－チン・ビンセントです。よろしくおねがいします！」	disk02/VIE3.png	main/marL.png	KO	마틴: 작곡을 담당하는 마틴 빈센트입니다. 잘 부탁드립니다.
disk02	N3-1	245	14	デビット「・・・よろしく・・・」	disk02/VIE3.png	main/davL.png	KO	데이비드: ...잘 부탁해...
disk02	N3-1	250	15	リチャ－ド「みんな何か質問は、ないかね？」	disk02/VIE3.png	main/rtdL.png	KO	리차드: 다들 질문이라도 있나?
disk02	N3-1	252	16	リチャ－ド「スシャ－ナ、デビットはクレアの事で少し疲れているようだ。私から誤るよ」	disk02/VIE3.png	main/rtdL.png	KO	리차드: 수잔나, 데이비드가 클레어 때문에 조금 예민해진 모양이네. 내가 대신 사과하겠네.
disk02	N3-1	255	17	リチャ－ド「みんな他に質問は？」	disk02/VIE3.png	main/rtdL.png	KO	리차드: 다른 질문 있는 사람 있나?
disk02	N3-1	260	18	アンドリュ－「さすが社長だ。どこからスカウトしてきたんですか？」	disk02/VIE3.png	main/andL.png	KO	앤드류: 역시 사장님이군요. 어디서 스카우트해 온 겁니까?
disk02	N3-1	270	19	リチャ－ド「いや、スカウトしたんじゃない。以前からうちへ入りたいという事だったんだが、一昨日正式に社員として採用したばかりなんだ」	disk02/VIE3.png	main/rtdL.png	KO	리차드: 그게, 스카우트한 게 아니네. 전부터 우리 회사에 들어오고 싶어했는데, 엊그제 정식 직원으로 막 채용한 참이네.
disk02	N3-1	280	20	マ－チン「社長、これで明日からのツア－は大丈夫ですね」	disk02/VIE3.png	main/marL.png	KO	마틴: 사장님, 이걸로 내일부터 시작하는 투어는 문제없는 거죠?
disk02	N3-1	285	21	リチャ－ド「ああ、とりあえず大丈夫だ」	disk02/VIE3.png	main/rtdL.png	KO	리차드: 다행히 일단은 괜찮다네.
disk02	N3-1	287	22	アンドリュ－「そうですか・・・マネ－ジャ－も決まったし、これで一安心だ。良かったな・・・デビット」	disk02/VIE3.png	main/andL.png	KO	앤드류: 그렇군요... 매니저도 정해졌으니, 이제 한시름 놓겠네요... 다행이야... 데이비드.
disk02	N3-1	290	23	アンドリュ－「よし、マネ－ジャ－も決まったし、そのマネ－ジャ－は美人だし、後はツア－の準備をするだけか」	disk02/VIE3.png	main/andL.png	KO	앤드류: 좋았어, 매니저도 정해졌는데, 게다가 심지어 미인이라니! 이제 남은 건 투어 준비뿐이구나.
disk02	N3-1	300	24	マ－チン「デビッド！　そんな言い方はないだろう・・・クレアは事故で死んだんだ。スシャ－ナさんとは関係ないよ。彼女にあやまれよ！」	disk02/VIE3.png	main/marL.png	KO	마틴: 데이비드! 말이 좀 심하잖아... 클레어는 사고로 죽은 거야. 수잔나 씨와 상관없는 일이라고. 어서 사과해!
disk02	N3-1	301	25	アラン「スシャ－ナ、デビッドは口は悪いが根はいい奴だから気にしなくてもいいぜ。それにしてもマ－チンが怒るなんて珍しいな。彼女に一目惚れでもしたんじゃないのか？」	disk02/VIE3.png	main/alnL.png	KO	앨런: 수잔나, 데이비드는 입은 험하지만 본심은 착한 놈이니까 너무 마음에 두지 마. 그나저나 마틴이 저렇게 발끈하다니 별일이네. 혹시 첫눈에 반하기라도 했나?
disk02	N3-1	312	26	マ－チン「ア、アランも口が悪いな・・・そんなんじゃないってば・・・」	disk02/VIE3.png	main/marL.png	KO	마틴: 애, 앨런 너까지 말을 함부로... 그런 거 아니야...
disk02	N3-1	313	27	スシャ－ナ「あらっ？　マ－チンさん、私の事お嫌いですか？」	disk02/VIE3.png	main/linR.png	KO	수잔나: 어머? 마틴 씨는 혹시 제가 싫으신 건가요?
disk02	N3-1	314	28	マ－チン「そう言われたら・・・困るなぁ・・・」	disk02/VIE3.png	main/marL.png	KO	마틴: 그렇게 말씀하면... 난감하네요...
disk02	N3-1	315	29	リチャ－ド「さすがスシャ－ナの魅力かな？　もうみんなと意気統合しているじゃないか・・・クレアには本当に申し訳ないがグッド・タイミングってわけだ」	disk02/VIE3.png	main/rtdL.png	KO	리차드: 역시 수잔나의 매력 덕분인가? 벌써 다들 하나가 되었구만... 클레어한테 참 미안한 소리지만, 딱 좋은 타이밍이었군.
disk02	N3-1	316	30	アラン「社長、明日からのツア－に使う楽器は、全部そろいましたか？」	disk02/VIE3.png	main/alnL.png	KO	앨런: 사장님, 내일 투어에 쓸 악기는 전부 준비가 되었나요?
disk02	N3-1	317	31	リチャ－ド「ああ、大丈夫だ。今回は君の注文通りに楽器をそろえたから心配しなくていいぞ・・・これからクレアの葬儀があるから支度をするようにな」	disk02/VIE3.png	main/rtdL.png	KO	리차드: 그래, 문제없네. 이번엔 자네 주문대로 싹 맞춰 놨으니 걱정 말게... 이제 클레어 장례식에 갈 테니 다들 준비하게.
disk02	N3-1	318	32	全員「はい！」	disk02/VIE3.png	main/rtdL.png	KO	모두: 네!
disk02	N3-1	319	33	デビッド「昨日、社員に採用されたって！？・・・あまりにもタイミングがいいな・・・クレアが死んだのは、もしかして君が殺ったんじゃないの？」	disk02/VIE3.png	main/davL.png	KO	데이비드: 어제 정식 채용됐다고!? ...기가 막힌 타이밍이군... 클레어의 사고, 혹시 네가 벌인 짓 아니야?
disk02	N3-1	320	34	スシャ－ナ「・・・・・・」	disk02/VIE3.png	main/linR.png	KO	수잔나: ......
disk02	N3-1	325	35	デビッド「・・・クレアの事で少し気が立ってたもんで・・・スシャ－ナ、ごめん」	disk02/VIE3.png	main/davL.png	KO	데이비드: ...클레어 일 때문에 내가 좀 예민했었나봐... 미안해, 수잔나.
disk02	N3-1	400	36	リチャ－ドの話しが終わるとメンバ－は、クレアの葬儀に出かけた。	disk02/LON6.png	main/davL.png	KO	리차드의 이야기가 끝나자, 멤버들은 클레어의 장례식장으로 향했다.
disk02	N3-1	10000	55	ＤＡＴＡをＳＡＶＥしますか？　Ｙ／Ｎ	disk02/LON6.png	main/davL.png	KO	
disk02	N3-1	10040	61	ドライブ１に、ＳＡＶＥ・ディスクを入れて下さい。	disk02/LON6.png	main/davL.png	KO	
disk02	N3-1	10070	63	ドライブ１のディスクが違います。	disk02/LON6.png	main/davL.png	KO	드라이브 1의 디스크가 다릅니다.
disk02	N3-1	10110	64	ＳＡＶＥしました。ドライブ１のディスクに、ＭＡＩＮディスクを入れて下さい。	disk02/LON6.png	main/davL.png	KO	
disk02	N3-1	10150	66	ドライブ１のディスクが違います。	disk02/LON6.png	main/davL.png	KO	드라이브 1의 디스크가 다릅니다.
disk02	N3-1	15000	67	ＣＤ－ＲＯＭよりＤＡＴＡの読み込みを始めます。ＨＩＴ　ＡＮＹ　ＫＥＹ	disk02/LON6.png	main/davL.png	KO	CD-ROM에서 데이터 읽습니다. 아무 키나 눌러주세요.
disk02	N3-1	15010	68	　　　　　　　　ＣＤ－ＲＯＭよりＤＡＴＡを読み込み中	disk02/LON6.png	main/davL.png	KO	데이터를 읽는 중...
disk03	N3-2	420	0	クレアの葬儀を見守るのか、ロンドンの空は珍しく晴れわたっていた。	disk03/LON3.png		KO	클레어의 장례식을 굽어살피듯, 런던의 하늘은 드물게 맑게 개어 있었다.
disk03	N3-2	430	1	デビッド達は、デビュ－当時から一緒に頑張ってきた彼女の面影を追いながら、神父の祈りを聞いていた。	disk03/SOU1.png		KO	멤버들은 데뷔 때부터 함께 동고동락한 그녀의 모습을 떠올리며, 신부의 기도를 듣고 있었다.
disk03	N3-2	450	2	アラン「クレア・・・デビュ－時から今まで休む暇もなく、よく俺達を見守ってくれたな。心から礼を言うよ・・・さよなら・・・」	disk03/SOU1.png	main/alnL.png	KO	앨런: 클레어, 데뷔 때부터 지금까지 쉴 틈 없이 우리를 잘 이끌어 주었지. 진심으로 고마웠어... 잘 가...
disk03	N3-2	451	3	アンドリュ－「アランの言う通り、彼女がいなければ今のエレノ・ビジョンは、有り得ないさ・・・そうだよなデビット」	disk03/SOU1.png	main/andL.png	KO	앤드류: 앨런 말대로, 그녀가 없었다면 지금의 엘레노 비전도 없었을 거야... 그렇지, 데이비드?
disk03	N3-2	452	4	デビッド「クレア・・・きっと、このツア－を成功してやるよ・・・天国から俺達のライヴを見ておくれ・・・きっとだぞ・・・」	disk03/SOU1.png	main/davL.png	KO	데이비드: 클레어... 꼭 이번 투어를 성공시킬게... 천국에서 우리 공연을 지켜봐줘...
disk03	N3-2	453	5	マ－チン「さようならクレア・・・安らかに眠ってくれ・・・」	disk03/SOU1.png	main/marL.png	KO	마틴: 잘 가, 클레어... 부디 편히 잠들어...
disk03	N3-2	500	6	クレアの葬儀が終わるとメンバ－は、近くの広場で休憩した。	disk03/ｺｳｴﾝ.png	main/marL.png	KO	장례식이 끝나고, 멤버들은 근처 광장에서 휴식을 취했다.
disk03	N3-2	510	7	メンバ－の話しを聞く。	disk03/ｺｳｴﾝ.png	main/marL.png	KO	멤버들의 이야기를 듣는다.
disk03	N3-2	600	8	アンドリュ－「みんな！　今度のツア－と、新マネ－ジャ－の歓迎会と、クレアのお別れを兼ねて飲みに行かないか？」	disk03/ｺｳｴﾝ.png	main/andL.png	KO	앤드류: 얘들아! 이번 투어 결의도 다지고, 새 매니저 환영회랑 클레어 송별회도 겸해서 술이나 한잔하러 갈래?
disk03	N3-2	610	9	アラン「いいね！・・・しかし、相変わらずだぜ。アンドリュ－の考える事は・・・」	disk03/ｺｳｴﾝ.png	main/alnL.png	KO	앨런: 그거 좋지! ...근데 여전하구나. 앤드류가 생각하는 건 다...
disk03	N3-2	620	10	スシャ－ナ「どうして？・・・」	disk03/ｺｳｴﾝ.png	main/linR.png	KO	수잔나: 무슨 뜻인가요?
disk03	N3-2	630	11	マ－チン「アンドリュ－は、演奏より幹事的な事が得意なんだよ」	disk03/ｺｳｴﾝ.png	main/marL.png	KO	마틴: 앤드류는 연주보다 회식 같은 거에 특화되었거든요.
disk03	N3-2	640	12	アンドリュ－「エヘヘヘ・・・と言うわけでデビッド、どこに行こうか？」	disk03/ｺｳｴﾝ.png	main/andL.png	KO	앤드류: 헤헤헤... 그렇게 됐으니 데이비드, 어디로 갈래?
disk03	N3-2	640	13	メンバ－に話しかける。	disk03/ｺｳｴﾝ.png	main/andL.png	KO	멤버들에게 말을 건다.
disk03	N3-2	650	14	デビッド「そうだな・・・いつもの［ダ－ティ－・ダックス］に行こうか」	disk03/ｺｳｴﾝ.png	main/davL.png	KO	데이비드: 그럴까... 늘 가던 '더티 덕스'는 어때?
disk03	N3-2	660	15	スシャ－ナ「あっ！　その店、わたし行った事あるわ」	disk03/ｺｳｴﾝ.png	main/linR.png	KO	수잔나: 아! 그 가게, 저 가본 적 있어요.
disk03	N3-2	670	16	アンドリュ－「よし、決まった！　みんな、午後８時までに店に来てくれ」	disk03/ｺｳｴﾝ.png	main/andL.png	KO	앤드류: 좋아, 정했다! 모두, 오후 8시까지 가게로 와줘.
disk03	N3-2	680	17	リチャ－ド「私は他のバンドの事で用事があるので行けないが・・・アンドリュ－、後は君に任せたよ・・・みんな、ツア－の事ががあるから、あまり飲みすぎるなよ・・・それと、領収書を忘れずにな」	disk03/ｺｳｴﾝ.png	main/rtdL.png	KO	리차드: 난 다른 밴드 일처리 때문에 못 가지만... 앤드류, 뒤는 자네한테 맡기지... 다들 투어도 앞두고 있으니 너무 과음하진 말게... 그리고 영수증 챙기는 거 잊지 말고.
disk03	N3-2	690	18	アンドリュ－「イェッサ－！！」	disk03/ｺｳｴﾝ.png	main/andL.png	KO	앤드류: 넵!
disk03	N3-2	700	19	デビットは、メンバ－と別れを告げて自宅へ向かった。	disk03/LON4.png	main/andL.png	KO	데이비드는 멤버들과 작별 인사를 하고 집으로 향했다.
disk03	N3-2	710	20	明日のツア－のしたくをすませ、行きつけのパブ［ダ－ティ・ダックス］に行った。	disk03/PAB1.png	main/andL.png	KO	내일 투어의 준비를 끝마치고, 단골 펍인 '더티 덕스'에 갔다.
disk03	N3-2	10000	52	ＤＡＴＡをＳＡＶＥしますか？　Ｙ／Ｎ	disk03/PAB1.png	main/andL.png	KO	
disk03	N3-2	10040	58	ドライブ１に、ＳＡＶＥ・ディスクを入れて下さい。	disk03/PAB1.png	main/andL.png	KO	
disk03	N3-2	10070	60	ドライブ１のディスクが違います。	disk03/PAB1.png	main/andL.png	KO	드라이브 1의 디스크가 다릅니다.
disk03	N3-2	10110	61	ＳＡＶＥしました。ドライブ１のディスクに、ＭＡＩＮディスクを入れて下さい。	disk03/PAB1.png	main/andL.png	KO	
disk03	N3-2	10150	63	ドライブ１のディスクが違います。	disk03/PAB1.png	main/andL.png	KO	드라이브 1의 디스크가 다릅니다.
disk03	NO4	120	0	ここのパブは、デビッド達がデビュ－する前からの行きつけの店で、レコ－ディングが終わった時やギグの前には必ず立ち寄る店である。	disk03/PUB4.png	main/andL.png	KO	이 술집은 멤버들이 데뷔하기 전부터 자주 찾던 단골집으로, 녹음이 끝났을 때나 공연 전에는 반드시 들르는 곳이다.
disk03	NO4	130	1	店の様子を見る。	disk03/PUB6.png	main/andL.png	KO	가게 안을 둘러본다.
disk03	NO4	130	2	メンバ－の話しを聞く。	disk03/PUB6.png	main/andL.png	KO	멤버들의 이야기를 듣는다.
disk03	NO4	166	3	スシャ－ナに話しかける。	disk03/PUB3.png	main/andL.png	KO	수잔나에게 말을 건다.
disk03	NO4	200	4	気さくなマスタ－とチ－プな香りのする店の雰囲気が、デビッド達の心を和ませ話しがはずんでいた。	disk03/PUB5.png	main/andL.png	KO	친근한 주인과 소박한 가게의 분위기가 멤버들의 마음을 편안하게 해줘서 이야기꽃을 피우게 했다.
disk03	NO4	205	5	みんなでワイワイと飲んでいたのだが、気が付くとデビッドとスシャ－ナだけになっていた。	disk03/PUB3.png	main/andL.png	KO	다 같이 왁자지껄 떠들며 마셨는데, 정신을 차려보니 어느새 데이비드와 수잔나 둘만 남게 되었다.
disk03	NO4	210	6	アンドリュ－「スシャ－ナ、よく内のレ－ベルで働く気になったな・・・どうしてだい？」	disk03/PUB5.png	main/andL.png	KO	앤드류: 수잔나, 잘도 우리 레이블에서 일할 생각을 했네... 이유가 뭐야?
disk03	NO4	220	7	スシャ－ナ「えっ！？　それは・・・貴方達のバンドが好きで憧れていましたから・・・それに・・・デビッド・・・」	disk03/PUB5.png	main/linR.png	KO	수잔나: 엣!? 그게... 여러분의 밴드를 좋아하고 동경했으니까요... 게다가... 데이비드를...
disk03	NO4	230	8	デビッド「なに・・・？」	disk03/PUB5.png	main/davL.png	KO	데이비드: 나...?
disk03	NO4	240	9	スシャ－ナ「・・・いえ、何でもないです・・・」	disk03/PUB5.png	main/linR.png	KO	수잔나: ...아뇨, 아무것도 아니에요...
disk03	NO4	250	10	アラン「んっ！？　怪しい！！・・・デビッドは女の子にもてるからな・・・」	disk03/PUB5.png	main/alnL.png	KO	앨런: 어라!? 수상해! ...데이비드가 여자들한테 인기가 좀 많아야지...
disk03	NO4	260	11	マ－チン「スシャ－ナ、気をつけたほうがいいよ。デビッドは手が早いって有名だからな」	disk03/PUB5.png	main/marL.png	KO	마틴: 수잔나도 조심하는 편이 좋아요. 데이비드는 바람둥이로 아주 유명하거든요.
disk03	NO4	270	12	デビッド「マ－チン！　スシャ－ナに変な事を吹き込むなよ」	disk03/PUB5.png	main/davL.png	KO	데이비드: 마틴! 수잔나한테 이상한 소리 좀 하지 마!
disk03	NO4	280	13	スシャ－ナ「大丈夫ですわ・・・私こう見えても日本の合気道を習った事がありますから・・・」	disk03/PUB5.png	main/linR.png	KO	수잔나: 괜찮아요... 저 보기와 달리 일본 합기도를 배웠으니까요.
disk03	NO4	290	14	アラン「それなら、大丈夫だ・・・」	disk03/PUB5.png	main/alnL.png	KO	앨런: 그렇다면 괜찮겠네...
disk03	NO4	300	15	全員「ハハハハハ・・・」	disk03/PUB5.png	main/alnL.png	KO	모두: 하하하하...
disk03	NO4	301	16	時間を忘れるようにデビッド達の話しははずんだ・・・。	disk03/PUB3.png	main/alnL.png	KO	멤버들은 시간 가는 줄도 모르고 이야기꽃을 피웠다...
disk03	NO4	302	17	アンドリュ－「さて、そろそろ帰るとするか。今日は、葬儀の事で色々と疲れたしな・・・」	disk03/PUB3.png	main/andL.png	KO	앤드류: 자, 이쯤에서 끝마칠까. 오늘은 장례식 때문에 다들 피곤할 테니...
disk03	NO4	303	18	マ－チン「アンドリュ－、僕も一緒に帰るよ」	disk03/PUB3.png	main/marL.png	KO	마틴: 같이 가자고, 앤드류.
disk03	NO4	305	19	アラン「俺は、スタジオまで新しい楽器のチェックをして帰るよ」	disk03/PUB3.png	main/alnL.png	KO	앨런: 나는 스튜디오에 들러서 새 악기 좀 확인하고 돌아갈게.
disk03	NO4	330	20	デビッド「今日は少し飲みすぎたみたいだな・・・」	disk03/PUB3.png	main/davL.png	KO	데이비드: 오늘은 좀 과음한 것 같네...
disk03	NO4	340	21	スシャ－ナ「そうね、私も。でも、楽しかったわ。クレアさんに悪いけど・・・」	disk03/PUB3.png	main/linR.png	KO	수잔나: 저도 그렇네요. 그래도 즐거웠어요. 클레어 씨에게 죄송하지만...
disk03	NO4	350	22	デビッド「それじゃ、そろそろ帰るか。送っていくよ」	disk03/PUB3.png	main/davL.png	KO	데이비드: 이제 우리도 슬슬 일어날까? 데려다줄게.
disk03	NO4	360	23	スシャ－ナ「ええ、お言葉に甘えて・・・お願いします」	disk03/PUB3.png	main/linR.png	KO	수잔나: 그럼, 사양 않고... 잘 부탁할게요.
disk03	NO4	370	24	・・・二人は店を出た。	disk03/PUB6.png	main/linR.png	KO	...두 사람은 가게를 나섰다.
disk03	NO4	400	25	デビッドとスシャ－ナは、酒の酔いをさますため裏路地を歩いていた。	disk03/PUB4.png	main/linR.png	KO	데이비드와 수잔나는 술을 깰 겸 뒷골목을 걷는다.
disk03	NO4	407	26	野外の様子を見る。	disk03/ﾌﾀﾘ.png	main/linR.png	KO	주위를 둘러본다.
disk03	NO4	407	27	スシャ－ナに話しかける。	disk03/ﾌﾀﾘ.png	main/linR.png	KO	수잔나에게 말을 건다.
disk03	NO4	411	28	ロンドンの夜風は冷たい・・・。	disk03/ﾌﾀﾘ.png	main/linR.png	KO	런던의 밤바람은 차가웠다...
disk03	NO4	510	29	デビッド「初めて君を見た時から気になっていたんだけど・・・昔、俺と会った事がないかい？・・・」	disk03/ﾌﾀﾘ.png	main/davL.png	KO	데이비드: 널 처음 봤을 때부터 신경 쓰였는데... 전에 나랑 만난 적 없어...?
disk03	NO4	520	30	スシャ－ナ「えっ？・・・貴方に会ったのは今日が初めて・・・もちろん、ライヴとかテレビでは貴方達を見ますけど・・・」	disk03/ﾌﾀﾘ.png	main/linR.png	KO	수잔나: 네? ...당신과 만난 건 오늘이 처음이에요... 물론 공연이나 TV에서 보긴 했지만...
disk03	NO4	530	31	デビッド「そうか・・・もしかしたら、俺の夢で会ったのかな？」	disk03/ﾌﾀﾘ.png	main/davL.png	KO	데이비드: 그러면... 내 꿈속에서 마주친 건가?
disk03	NO4	540	32	スシャ－ナ「夢？・・・私が貴方の夢に出るなんて、嬉しいわ」	disk03/ﾌﾀﾘ.png	main/linR.png	KO	수잔나: 꿈이요? ...제가 당신의 꿈에 나왔다니, 기쁘네.
disk03	NO4	550	33	デビッド「んっ・・・？」	disk03/ﾌﾀﾘ.png	main/davL.png	KO	데이비드: 응...?
disk03	NO4	10000	61	ＤＡＴＡをＳＡＶＥしますか？　Ｙ／Ｎ	disk03/ﾌﾀﾘ.png	main/davL.png	KO	
disk03	NO4	10040	67	ドライブ１に、ＳＡＶＥ・ディスクを入れて下さい。	disk03/ﾌﾀﾘ.png	main/davL.png	KO	
disk03	NO4	10070	69	ドライブ１のディスクが違います。	disk03/ﾌﾀﾘ.png	main/davL.png	KO	드라이브 1의 디스크가 다릅니다.
disk03	NO4	10110	70	ＳＡＶＥしました。ドライブ１のディスクに、ＭＡＩＮディスクを入れて下さい。	disk03/ﾌﾀﾘ.png	main/davL.png	KO	
disk03	NO4	10150	72	ドライブ１のディスクが違います。	disk03/ﾌﾀﾘ.png	main/davL.png	KO	드라이브 1의 디스크가 다릅니다.
disk03	NO4	15000	73	ＣＤ－ＲＯＭよりＤＡＴＡの読み込みを始めます。ＨＩＴ　ＡＮＹ　ＫＥＹ	disk03/ﾌﾀﾘ.png	main/davL.png	KO	CD-ROM에서 데이터 읽습니다. 아무 키나 눌러주세요.
disk03	NO4	15010	74	　　　　　　　　ＣＤ－ＲＯＭよりＤＡＴＡを読み込み中	disk03/ﾌﾀﾘ.png	main/davL.png	KO	데이터를 읽는 중...
disk04	N4-2	600	0	二つ目の角を曲がったところで災難が待っていた。二人のパンクスと正面衝突してしまった。	disk04/ROJ1.png		KO	두 번째 모퉁이를 돌자마자 재앙이 기다리고 있었다. 펑크족 두 명과 정면으로 부딪혀 버린 것이다.
disk04	N4-2	611	1	パンクスの様子をうかがう。	disk04/ROJ1.png		KO	펑크족의 반응을 살핀다.
disk04	N4-2	611	2	パンクスに話しかける。	disk04/ROJ1.png		KO	펑크족들에게 말을 건다.
disk04	N4-2	611	3	スシャ－ナに話しかける。	disk04/ROJ1.png		KO	수잔나에게 말을 건다.
disk04	N4-2	660	4	スシャ－ナが居る方を見る。	disk04/ROJ1.png		KO	수잔나가 있는 쪽을 바라본다.
disk04	N4-2	661	5	パンクＡをなぐる。	disk04/ROJ1.png		KO	펑크족 A를 공격한다.
disk04	N4-2	662	6	今の状況を考える。	disk04/ROJ1.png		KO	현재 상황을 파악한다.
disk04	N4-2	663	7	スシャ－ナと逃げる。	disk04/ROJ1.png		KO	수잔나와 함께 도망친다.
disk04	N4-2	663	8	大声で叫び助けをよぶ。	disk04/ROJ1.png		KO	큰 소리로 도움을 청한다.
disk04	N4-2	663	9	スシャ－ナを逃がし自分だけ戦う。	disk04/ROJ1.png		KO	수잔나를 도망치게 틈을 만든다.
disk04	N4-2	700	10	デビッドは笑ってごまかそうとしたが、そう甘くはない。	disk04/ROJ1.png		KO	데이비드는 웃으며 얼버무리려 했지만, 상황이 녹록지 않았다.
disk04	N4-2	710	11	パンクスの一人がスシャ－ナをつかもうとしている。	disk04/ROJ1.png		KO	펑크족 한 명이 수잔나를 붙잡으려 했다.
disk04	N4-2	720	12	もう一人がいつのまにかナイフを手にして構えている。	disk04/ROJ1.png		KO	다른 한 명이 어느새 나이프를 손에 쥐고 있었다.
disk04	N4-2	730	13	パンクスの二人は、デビッドを殺そうとしている。	disk04/ROJ1.png		KO	두 펑크족은 데이비드를 죽이려고 한다.
disk04	N4-2	800	14	デビッド「お－っと失礼。　おやすみなさい」	disk04/DAV1.png	main/davL.png	KO	데이비드: 아, 죄송합니다. 좋은 밤이네요.
disk04	N4-2	810	15	パンクＡ「おやすみはネェだろ－、にいちゃん・・・まあ、そこのねえちゃんでかんべしてやるか」	disk04/ﾊﾟﾝ2.png	main/davL.png	KO	펑크족 A: 좋은 밤? 뭔 개소리야, 형씨... 뭐, 저기 누님으로 퉁치기로 할까?
disk04	N4-2	815	16	パンクＡは、デビッドを  にらみつけると、スシャ－ナが居る方へゆっくりと近づいて行った。	disk04/ﾊﾟﾝ2.png	main/davL.png	KO	펑크족은 데이비드를 노려보더니, 수잔나 쪽으로 천천히 다가갔다.
disk04	N4-2	820	17	パンクスＡ「ようよう、ねえちゃん！　なかなかい－身体してるじゃないか。　今夜は、俺達とゆっくり楽しまねーか。　デェヘヘヘ・・・」	disk04/ﾊﾟﾝ2.png	main/davL.png	KO	펑크족 A: 안녕하슈, 누님! 몸매가 끝내주는구만. 오늘 밤 우리랑 재미 좀 보지 않을래? 헤헤헤헤...
disk04	N4-2	830	18	スシャ－ナ「いや－！！・・・やめてぇ－！！・・・デビッド、たす・・・」	disk04/ﾘﾝ.png	main/linR.png	KO	수잔나: 싫어!! ...그만둬요!! ...데이비드, 도와줘요...
disk04	N4-2	840	19	デビッドの突きが、パンクスの顔面に決まった。	disk04/ﾅｸﾙ1.png	main/linR.png	KO	데이비드의 주먹이 펑크족의 안면에 꽂혔다.
disk04	N4-2	850	20	パンクスＢ「ファック・ユ－！！・・・よくも相棒を・・・」	disk04/ﾊﾟﾝ1.png	main/linR.png	KO	펑크족 B: 개자식아!!! ...감히 내 친구를...
disk04	N4-2	851	21	パンクスＢ「ヘヘヘ・・・このナイフでズタズタにしてやるぜ」	disk04/ﾅｲﾌ.png	main/linR.png	KO	펑크족 B: 헤헤헤... 이 칼로 걸레로 만들어주마!
disk04	N4-2	860	22	デビッドは空手の心得があるのだ。が、いかんせん今は大量のアルコ－ルが入っている。そのうえのこれだから一気に酔いが回ってきた。	disk04/ﾅｲﾌ.png	main/linR.png	KO	데이비드는 공수도를 배웠지만, 하필 현재 술을 많이 마신 상태에다가 상황이 급박해지니 취기가 단숨에 올라왔다.
disk04	N4-2	870	23	デビッド「スシャ－ナ、走って！！」	disk04/DAV1.png	main/davL.png	KO	데이비드: 수잔나, 도망쳐!!
disk04	N4-2	871	24	デビッドとスシャ－ナが走りだそうとした瞬間！？	disk04/DAV1.png	main/davL.png	KO	데이비드와 수잔나가 도망치려는 그 순간...
disk04	N4-2	872	25	パンクスＡ「お－っと、待ちな。逃がさねえぜ！！」	disk04/ﾊﾟﾝ2.png	main/davL.png	KO	펑크족 A: 어허, 어디 급히 가시나. 누구 마음대로 도망을 쳐!!
disk04	N4-2	872	26	デビッドは、パンクスの攻撃を受けてしまった」	disk04/ﾅｸﾗﾚ.png	main/davL.png	KO	데이비드는 펑크족의 공격에 당해버렸다.
disk04	N4-2	873	27	パンクスＡ「ヘヘヘ・・・いい加減、あきらめたらどうだい」	disk04/ﾊﾟﾝ2.png	main/davL.png	KO	펑크족 A: 헤헤헤... 그냥 포기하는 게 편해.
disk04	N4-2	874	28	デビッド「誰か、助けてくれ！！」	disk04/ROJ2.png	main/davL.png	KO	데이비드: 누가 좀 도와줘!!
disk04	N4-2	875	29	デビッドは、大声で助けを呼んだ	disk04/ROJ2.png	main/davL.png	KO	데이비드는 큰소리로 도움을 청했다.
disk04	N4-2	880	30	パンクスＢ「誰も来やしねえよ。覚悟しな！」	disk04/ﾊﾟﾝ1.png	main/davL.png	KO	펑크족 B: 아무도 안 와. 각오해라!
disk04	N4-2	881	31	デビッド「逃げろ、スシャ－ナ！！」	disk04/DAV1.png	main/davL.png	KO	데이비드: 도망쳐, 수잔나!
disk04	N4-2	882	32	スシャ－ナ「だめ！　デビッドを一人にしては行けない・・・」	disk04/ﾘﾝ.png	main/linR.png	KO	수잔나: 안 돼요! 데이비드를 혼자 두고는 못 가요!
disk04	N4-2	882	33	パンクスＢ「何を話しも無駄だ！　覚悟しな！！」	disk04/ﾊﾟﾝ1.png	main/linR.png	KO	펑크족 B: 염병 떨고 자빠졌네! 각오해라!
disk04	N4-2	883	34	デビッド「おまえ等の相手は俺だ！  怖じけついたか！  かかって来い、腰抜け！！」	disk04/DAV1.png	main/davL.png	KO	데이비드: 너희들 상대는 나야! 혹시 쫄았어? 어서 덤벼, 등신들아!
disk04	N4-2	884	35	パンクＡ「いきがりやがって！　ヘヘヘ・・・ぶっ殺してやる！！」	disk04/ﾊﾟﾝ2.png	main/davL.png	KO	펑크족 A: 입만 살아서 깝치네! 헤헤헤... 아예 회를 떠주마!
disk04	N4-2	885	36	パンクＢ「にいちゃん、そんなに死ねてえのか！？  それじゃ、俺がとどめを刺してやる！！」	disk04/ﾊﾟﾝ1.png	main/davL.png	KO	펑크족 B: 형씨, 그렇게 죽고 싶어!? 좋아, 바라는 대로 내가 죽여줄게!
disk04	N4-2	886	37	一瞬、パンクスの二人は、デビッドの必用以上の挑発にスキを見せた	disk04/ROJ1.png	main/davL.png	KO	순간, 두 펑크족은 데이비드의 거친 도발에 빈틈을 보였다.
disk04	N4-2	887	38	デビッド「今だ！　逃げろ、スシャ－ナ！！」	disk04/DAV1.png	main/davL.png	KO	데이비드: 지금이야! 도망쳐, 수잔나!!
disk04	N4-2	888	39	スシャ－ナ「デビッド！！・・・は、はい！！」	disk04/ﾘﾝ.png	main/linR.png	KO	수잔나: 데이비드!! ...아, 알았어요!!
disk04	N4-2	889	40	スシャ－ナは駆け出した。その瞬間、パンクスが襲いかかってきた。	disk04/ﾆｹﾞﾙ.png	main/linR.png	KO	수잔나가 달려나갔다. 그 순간, 펑크족들이 덮쳐왔다.
disk04	N4-2	900	41	パンクスＢ「死ネッ！！」	disk04/ﾊﾟﾝ1.png	main/linR.png	KO	펑크족 B: 뒤져!
disk04	N4-2	910	42	デビッドは、かろうじてパンクスの攻撃を避けた。が、運悪く足元にビンがあったため、足を取られ転けてしまった。	disk04/ｺｹﾙ.png	main/linR.png	KO	데이비드는 간신히 펑크족의 공격을 피했지만, 하필 발밑의 빈 병을 밟아 나자빠지고 말았다.
disk04	N4-2	920	43	壁に頭を打ちつけ、なおかつ酔いの回りのがピ－クに達した時、デビッドの脳裏に明日からのツア－の事がよぎった。	disk04/ROJ3.png	main/linR.png	KO	벽에 머리를 부딪친 데다가 한꺼번에 몰려오는 취기로 아득해진 머릿속에 내일부터 시작할 투어가 떠올랐다.
disk04	N4-2	930	44	デビッド「・・・こんなところで殺られてたまるか！・・・スシャ－ナ・・・逃げろ・・・」	disk04/ROJ3.png	main/davL.png	KO	데이비드: ...이런 곳에서 죽을까보냐! ...수잔나... 도망쳐...
disk04	N4-2	940	45	デビッドの意識がだんだん遠退いていく・・・。	disk04/ROJ3.png	main/davL.png	KO	데이비드의 의식이 점점 희미해져 갔다...
disk04	N4-2	10000	80	ＤＡＴＡをＳＡＶＥしますか？　Ｙ／Ｎ	disk04/ROJ3.png	main/davL.png	KO	
disk04	N4-2	10040	86	ドライブ１に、ＳＡＶＥ・ディスクを入れて下さい。	disk04/ROJ3.png	main/davL.png	KO	
disk04	N4-2	10070	88	ドライブ１のディスクが違います。	disk04/ROJ3.png	main/davL.png	KO	드라이브 1의 디스크가 다릅니다.
disk04	N4-2	10110	89	ＳＡＶＥしました。ドライブ１のディスクに、ＭＡＩＮディスクを入れて下さい。	disk04/ROJ3.png	main/davL.png	KO	
disk04	N4-2	10150	91	ドライブ１のディスクが違います。	disk04/ROJ3.png	main/davL.png	KO	드라이브 1의 디스크가 다릅니다.
disk04	NO5	110	0	目が覚めるとデビッドは、見知らぬ場所にいた。	disk04/ｲﾘｸﾁ.png	main/davL.png	KO	눈을 뜨자, 데이비드는 낯선 곳에 서 있었다.
disk04	NO5	120	1	辺りを見る。	disk04/ｲﾘｸﾁ.png	main/davL.png	KO	주변을 본다.
disk04	NO5	120	2	現在の状況を考える。	disk04/ｲﾘｸﾁ.png	main/davL.png	KO	현재 상황을 파악한다.
disk04	NO5	130	3	城に入る。	disk04/ｲﾘｸﾁ.png	main/davL.png	KO	성에 들어간다.
disk04	NO5	200	4	目の前には、見た事もない城が見える。	disk04/ｲﾘｸﾁ.png	main/davL.png	KO	눈앞에는 생전 처음 본 성이 보인다.
disk04	NO5	205	5	きっとこの城は、悪夢でみるあの城だ。	disk04/ｲﾘｸﾁ.png	main/davL.png	KO	틀림없이 악몽에서 본 그 성이다.
disk04	NO5	210	6	デビッド「ここは、どこなんだ？」	disk04/ｲﾘｸﾁ.png	main/davL.png	KO	데이비드: 여기는 어디지?
disk04	NO5	220	7	デビッド「・・・まてよ・・・この城、たしか夢の中で見るあの城！？」	disk04/ｲﾘｸﾁ.png	main/davL.png	KO	데이비드: ...잠깐만... 이 성, 분명 꿈에서 봤던 그 성이잖아!
disk04	NO5	230	8	デビッド「そうか、これは多分現実ではないんだ。いつも見るあの悪夢だ」	disk04/ｲﾘｸﾁ.png	main/davL.png	KO	데이비드: 그렇군, 이건 아마 현실이 아닐 거야. 매일 꾸는 그 악몽이겠지.
disk04	NO5	240	9	デビッド「・・・とりあえず、城に入るしかなさそうだな・・・」	disk04/ｲﾘｸﾁ.png	main/davL.png	KO	데이비드: ...일단 성에 들어갈 수밖에 없는 것 같군...
disk04	NO5	250	10	デビッドは、ゆっくりと城に近づいた。	disk04/ﾄﾋﾞﾗ.png	main/davL.png	KO	데이비드는 천천히 성으로 다가갔다.
disk04	NO5	251	11	扉をあける。	disk04/ﾄﾋﾞﾗ.png	main/davL.png	KO	문을 연다.
disk04	NO5	252	12	辺りを見る。	disk04/ﾄﾋﾞﾗ.png	main/davL.png	KO	주변을 둘러본다.
disk04	NO5	252	13	現在の状況を考える。	disk04/ﾄﾋﾞﾗ.png	main/davL.png	KO	현재 상황을 파악한다.
disk04	NO5	265	14	城の中に入る。	disk04/ﾄﾋﾞﾗ.png	main/davL.png	KO	성 안으로 들어간다.
disk04	NO5	310	15	城の中に入れる扉が見える。	disk04/ﾄﾋﾞﾗ.png	main/davL.png	KO	성 내부로 통하는 문이 보였다.
disk04	NO5	315	16	デビッド「・・・鍵は、掛かってないようだ。よし、扉を開けてみよう」	disk04/ﾄﾋﾞﾗ.png	main/davL.png	KO	데이비드: ...잠겨 있진 않은 모양이야. 좋아, 문을 열어보자.
disk04	NO5	316	17	デビッド「なかに、誰かいるみたいだ。入ってみるか・・・」	disk04/ﾄﾋﾞﾗ.png	main/davL.png	KO	데이비드: 안에 누군가 있는 것 같은데, 일단 들어가 볼까...
disk04	NO5	320	18	デビッドは、扉を開けた。すると、どこからともなく声がきこえる。	disk04/ﾄﾋﾞﾗ.png	main/davL.png	KO	데이비드가 문을 열자, 어디선가 목소리가 들려왔다.
disk04	NO5	325	19	「デビッド・・・デビッド・・・」	disk04/ﾄﾋﾞﾗ.png	main/davL.png	KO	"""데이비드... 데이비드..."""
disk04	NO5	330	20	デビッド「誰だ、俺を呼ぶのは！？」	disk04/ﾄﾋﾞﾗ.png	main/davL.png	KO	데이비드: 누구야, 나를 부르는 게!?
disk04	NO5	340	21	「デビッド・・・デビッド・・・」	disk04/ﾄﾋﾞﾗ.png	main/davL.png	KO	"""데이비드... 데이비드..."""
disk04	NO5	350	22	城の中から聞こえる。	disk04/ﾄﾋﾞﾗ.png	main/davL.png	KO	성 안에서 소리가 들려왔다.
disk04	NO5	400	23	デビッドは、城の中へ入った。	disk04/ﾄﾋﾞﾗ.png	main/davL.png	KO	데이비드는 성 안으로 들어갔다.
disk04	NO5	401	24	デビッド「暗いな・・・明かりは、ないのか？」	disk04/ｼﾛﾅｶ.png	main/davL.png	KO	데이비드: 컴컴하네... 불이 없는 건가?
disk04	NO5	402	25	その時、何か動く物音がした瞬間・・・	disk04/ｼﾛﾅｶ.png	main/davL.png	KO	그때, 뭔가가 움직이는 기척과 함께...
disk04	NO5	408	26	「デビッド・・・デビッド・・・」	disk04/ｼﾛﾅｶ.png	disk04/Dｶｵ.png	KO	"""데이비드... 데이비드..."""
disk04	NO5	410	27	「殺してやる・・・殺してやる・・・・」	disk04/ｼﾛﾅｶ.png	disk04/Dｶｵ.png	KO	"""죽인다... 죽인다..."""
disk04	NO5	420	28	デビッド「ウワァ－！　たっ、助けてくれ！！」	disk04/ｼﾛﾅｶ.png	main/davL.png	KO	데이비드: 으아악! 사, 살려줘!!
disk04	NO5	454	29	ビンを取る。	disk04/ｻﾜﾙ.png	main/davL.png	KO	병을 집는다.
disk04	NO5	500	30	首をしめられ、辺りを確認する事は出来ないが、何かデビッドの手に触れた。	disk04/ｼﾛﾅｶ.png	main/davL.png	KO	목이 조여져 주변을 분간조차 못 했지만, 손에 뭔가 닿았다.
disk04	NO5	510	31	ウウ・・・な、何かあるぞ！？・・・手の側にビンがある！！	disk04/ｻﾜﾙ.png	main/davL.png	KO	으으... 소, 손에 뭐가!? 병인가!!
disk04	NO5	520	32	デビッド「ウウウ・・・このままでは、殺される！！」	disk04/ｼﾛﾅｶ.png	main/davL.png	KO	데이비드: 으으으... 이대로라면 죽어버려!!
disk04	NO5	530	33	デビッド「くっ、苦しい！　早くビンを取るんだ！！」	disk04/ｼﾛﾅｶ.png	main/davL.png	KO	데이비드: 크윽, 숨 막혀! 빨리 병을 잡아야 돼!
disk04	NO5	545	34	デビッド「ウワァ－！！」	disk04/ﾋｰﾙ1.png	main/davL.png	KO	데이비드: 으아아!
disk04	NO5	546	35	「ウギャ－！　たすけてくれ！！」	disk04/ｼﾙｴﾄ.png	main/davL.png	KO	"""으아악! 살려줘!!"""
disk04	NO5	550	36	デビッドは、なんとかビンを取ると、我を忘れ無我夢中でそのビンで殴りつけた。	disk04/ｼﾙｴﾄ.png	main/davL.png	KO	데이비드는 간신히 병을 움켜쥐고, 무아지경으로 미친 듯이 병으로 내리쳤다.
disk04	NO5	560	37	そして、デビッドも気力を失い、気絶した・・・	disk04/ｼﾙｴﾄ.png	main/davL.png	KO	그리고 데이비드도 기력을 다해 정신을 잃었다...
disk04	NO5	606	38	デビッドは、パンクスに殴られ気絶した路地に一人、立っていた。	disk04/ROJ1.png	main/davL.png	KO	데이비드는 펑크족에게 얻어맞고 기절했던 골목길에 홀로 서 있었다.
disk04	NO5	606	39	デビッド「・・・頭が痛い・・・ウウウ・・・夢か・・・」	disk04/DAV1.png	main/davL.png	KO	데이비드: ...머리 아파... 으으으... 꿈인가...
disk04	NO5	608	40	気を取り戻したデビッドは、辺りを見た。	disk04/DAV1.png	main/davL.png	KO	정신을 차린 데이비드는 주위를 둘러봤다.
disk04	NO5	610	41	デビッド「どういう事だ、これは！？・・・お、俺が殺ったのか！？・・・何も覚えていない・・・」	disk04/ｻｽ.png	main/davL.png	KO	데이비드: 이게 대체 무슨 일이야!? ...내, 내가 죽인 건가!? ...아무것도 기억나지 않아...
disk04	NO5	620	42	目の前の道路には、腹からおびただしい血を流して倒れているパンクス。そして、デビッドが持つビンから血がたれて・・・どうやら、もう一人のパンクスは逃げてしまったらしい。	disk04/ｻｽ.png	main/davL.png	KO	눈앞의 도로에는 펑크족이 배에서 엄청난 양의 피를 흘리며 쓰러져 있었다. 그리고 데이비드가 들고 있는 병에서 피가 떨어지고 있었다... 아무래도 다른 펑크족은 도망친 건지 보이지 않았다.
disk04	NO5	630	43	パトカ－のサイレンが近づいてくる。	disk04/ｱｼ0.png	main/davL.png	KO	경찰차 사이렌 소리가 점점 다가왔다.
disk04	NO5	640	44	デビッド「ウワァ－！・・・俺は、殺してない！！」	disk04/ｱｼ0.png	main/davL.png	KO	데이비드: 우아아! ...내가 죽이지 않았어!!
disk04	NO5	710	45	デビッド「ハァハァ・・・夢か・・・あのパンクスも、あの城も・・・」	disk04/OKIL.png	main/davL.png	KO	데이비드: 하아 하아... 꿈이었나... 펑크족도, 그 성도...
disk04	NO5	715	46	デビッド「あぁ・・・なんて恐ろしい夢なんだ・・・気が狂いそうだ・・・」	disk04/OKIL.png	main/davL.png	KO	데이비드: 아아... 뭐 이리 끔찍한 꿈이 다 있어... 미쳐버릴 지경이야...
disk04	NO5	732	47	電話を取る。	disk04/TEL.png	main/davL.png	KO	전화를 받는다.
disk04	NO5	735	48	スシャ－ナに話す。	disk04/TEL.png	main/davL.png	KO	수잔나와 통화한다.
disk04	NO5	735	49	昨日の事について考える。	disk04/TEL.png	main/davL.png	KO	어제 일에 대해 생각한다.
disk04	NO5	750	50	スシャ－ナ「デビッド、起きた？　昨日だいぶ酔っていたから、連絡いれたの、大丈夫？」	disk04/TEL.png	main/linR.png	KO	수잔나: 데이비드, 일어났어요? 어제 엄청 취해 있길래 걱정돼서 전화했는데, 괜찮아요?
disk04	NO5	760	51	デビッド「・・・まだ少し頭が痛いが、もう大丈夫だ」	disk04/TEL.png	main/davL.png	KO	데이비드: ...아직 머리가 아프지만, 이제 괜찮아.
disk04	NO5	770	52	デビッド「そうだ、スシャ－ナ。昨日パブから出た後、どうした？」	disk04/TEL.png	main/davL.png	KO	데이비드: 그러고 보니 수잔나, 어제 술집에서 나온 뒤 어떻게 됐지?
disk04	NO5	780	53	スシャ－ナ「覚えていないの？  デビッドが飲みすぎてたから、私がデビッドの自宅まで送ったのよ」	disk04/TEL.png	main/linR.png	KO	수잔나: 기억 안 나요? 데이비드가 너무 취해서 제가 집까지 바래다줬잖아요.
disk04	NO5	790	54	デビッド「・・・途中で何もなかった？」	disk04/TEL.png	main/davL.png	KO	데이비드: ...도중에 별일은 없었어?
disk04	NO5	800	55	スシャ－ナ「ええ、何もなかったわ。そのままタクシ－に乗って帰ったのよ」	disk04/TEL.png	main/linR.png	KO	수잔나: 네, 아무 일도 없었어요. 그대로 택시를 타고 돌아갔어요.
disk04	NO5	810	56	デビッド「そうか・・・迷惑かけたな」	disk04/TEL.png	main/davL.png	KO	데이비드: 그렇구나... 폐만 끼쳤네.
disk04	NO5	820	57	スシャ－ナ「デビッド、元気を出して、今日からツア－が始まるのよ」	disk04/TEL.png	main/linR.png	KO	수잔나: 기운 내요, 데이비드. 오늘부터 투어가 시작되잖아요.
disk04	NO5	830	58	デビッド「そうだな・・・ありがとう・・・」	disk04/TEL.png	main/davL.png	KO	데이비드: 그래... 고마워...
disk04	NO5	840	59	スシャ－ナに昨日の事を聞いて見よう。	main/davL.png	main/davL.png	KO	수잔나에게 어제 일을 물어본다.
disk04	NO5	850	60	昨日は、クレアの事で少し飲みすぎたみたいだ。	main/davL.png	main/davL.png	KO	어제는 클레어 때문에 좀 과음을 한 듯하다.
disk04	NO5	860	61	やはりパンクスも、あの城も、すべて夢だったのか。	main/davL.png	main/davL.png	KO	펑크족도, 그 성도 역시 전부 꿈이었나.
disk04	NO5	900	62	悪夢に悩まされ続けるデビッドだが、スシャ－ナの励ましにより、何とか平常心を取り戻し、メンバ－が待つヒ－スロ－空港へと急いだ。	main/davL.png	main/davL.png	KO	악몽에 계속 시달리는 데이비드지만, 수잔나의 격려로 어떻게든 평정심을 되찾고, 멤버들이 기다리는 히드로 공항으로 서둘러 이동했다.
disk04	NO5	9910	112	デビッド「ウワァッ！！・・・・、ハァ、ハァ・・」	main/MEU4.png	main/davL.png	KO	데이비드: 으아악!! ...하아, 하아...
disk04	NO5	10000	117	ＤＡＴＡをＳＡＶＥしますか？　Ｙ／Ｎ	main/MEU4.png	main/davL.png	KO	
disk04	NO5	10040	123	ドライブ１に、ＳＡＶＥ・ディスクを入れて下さい。	main/MEU4.png	main/davL.png	KO	
disk04	NO5	10070	125	ドライブ１のディスクが違います。	main/MEU4.png	main/davL.png	KO	드라이브 1의 디스크가 다릅니다.
disk04	NO5	10110	126	ＳＡＶＥしました。ドライブ１のディスクに、ＭＡＩＮディスクを入れて下さい。	main/MEU4.png	main/davL.png	KO	
disk04	NO5	10150	128	ドライブ１のディスクが違います。	main/MEU4.png	main/davL.png	KO	드라이브 1의 디스크가 다릅니다.
disk04	NO5	15000	129	ＣＤ－ＲＯＭよりＤＡＴＡの読み込みを始めます。ＨＩＴ　ＡＮＹ　ＫＥＹ	main/MEU4.png	main/davL.png	KO	CD-ROM에서 데이터 읽습니다. 아무 키나 눌러주세요.
disk04	NO5	15010	130	　　　　　　　　ＣＤ－ＲＯＭよりＤＡＴＡを読み込み中	main/MEU4.png	main/davL.png	KO	데이터를 읽는 중입니다.
disk05	NO6	90	0	ヒ－スロ－空港　ＮＯ．４タ－ミナル	disk05/ｸｳｺｳ.png		KO	히드로 공항 제4 터미널
disk05	NO6	100	1	デビッド達メンバ－は、普通ロンドン空港と呼ばれるヒ－スロ－空港のＮＯ．４タ－ミナルの待合室に集まった。	disk05/ﾛﾋﾞｰ.png		KO	멤버들은 흔히 런던 공항이라 불리는 히드로 공항 제4 터미널 대합실에 모여 있었다.
disk05	NO6	101	2	空港の様子を見る。	disk05/ﾛﾋﾞｰ.png		KO	공항 내부를 둘러본다.
disk05	NO6	101	3	メンバ－の話を聞く。	disk05/ﾛﾋﾞｰ.png		KO	멤버의 이야기를 듣는다.
disk05	NO6	101	4	悪夢の事を話す。	disk05/ﾛﾋﾞｰ.png		KO	악몽에 대해 이야기한다.
disk05	NO6	110	5	待合室は混雑していて、全員が一緒に座れるような場所が見つからない。客は若者が少なく、彼等を知る熱狂的ファンもいないようだ。	disk05/ﾛﾋﾞｰ.png		KO	대합실은 붐비어서 다 같이 앉을 자리를 찾기 힘들었다. 이용객들 중에 젊은 층이 적어서 그들을 알아볼 열성 팬도 없는 듯했다.
disk05	NO6	120	6	マ－チン「いよいよヨ－ロッパツア－に旅立つのか・・・昨日の夜なんか緊張してよく眠れなかったよ」	disk05/ﾛﾋﾞｰ.png	main/marL.png	KO	마틴: 드디어 유럽 투어 출발이네... 어젯밤엔 긴장돼서 한숨도 못 잤어.
disk05	NO6	130	7	アンドリュ－「俺は家に帰ってから、一人で迎え酒を飲んだらグッスリ眠れたよ・・・そのお陰で、今日はビンビンだ」	disk05/ﾛﾋﾞｰ.png	main/andL.png	KO	앤드류: 난 집에 돌아가서 해장술을 마셨더니 푹 잘 수 있었어... 그 덕분에 오늘은 쌩쌩해.
disk05	NO6	140	8	スシャ－ナ「私も昨夜はよく眠れなかったわ・・・だって、初の仕事がヨ－ロッパツア－なんですもの・・・デビッド、昨夜はよく眠れた？」	disk05/ﾛﾋﾞｰ.png	main/linR.png	KO	수잔나: 첫 업무가 유럽 투어라니 긴장돼서... 저도 잘 못 잤어요... 데이비드는 어젯밤에 잘 잤나요?
disk05	NO6	150	9	デビッド「・・・ああ・・・」	disk05/ﾛﾋﾞｰ.png	main/davL.png	KO	데이비드: ...그냥 그랬어...
disk05	NO6	160	10	アラン「デビッド、そういえば昨日はだいぶ飲んでいたな。今日は、大丈夫か？」	disk05/ﾛﾋﾞｰ.png	main/alnL.png	KO	앨런: 데이비드, 그러고 보니 어제 꽤 과음했잖아. 속은 괜찮아?
disk05	NO6	170	11	デビッド「ああ・・・少し飲み過ぎたが、もう大丈夫だ」	disk05/ﾛﾋﾞｰ.png	main/davL.png	KO	데이비드: 아... 무리하긴 했지만 지금은 괜찮아.
disk05	NO6	180	12	アンドリュ－「おい、デビッド。少し顔色が悪いぞ。何かあったのか？」	disk05/ﾛﾋﾞｰ.png	main/andL.png	KO	앤드류: 데이비드, 안색이 안 좋아 보이는데 무슨 일이라도 있었어?
disk05	NO6	200	13	デビッド「ああ、又いつもの悪夢を見てしまったよ・・・」	disk05/ﾛﾋﾞｰ.png	main/davL.png	KO	데이비드: 그게, 또 맨날 꾸던 악몽을 꿨거든.
disk05	NO6	210	14	アラン「デビッドのよく見る悪夢の事か？・・・普通の夢と、どんなふうに違うんだよ」	disk05/ﾛﾋﾞｰ.png	main/alnL.png	KO	앨런: 네가 맨날 말하던 그 악몽 말이야? ...보통 꿈하고 뭐가 다른데?
disk05	NO6	230	15	・・・いつも夢で見る街並みを俺は走っていた・・・。	disk05/ﾛｼﾞ1.png	main/davL.png	KO	...나는 꿈에서 늘 보던 거리를 달리고 있다...
disk05	NO6	240	16	それも、殺意のある見えない影におびえて、ひたすら走っていた・・・。	disk05/ﾛｼﾞ3.png	main/davL.png	KO	살의를 품은 보이지 않는 그림자에게 쫓기며, 오로지 내달린다...
disk05	NO6	250	17	ふと気づくと、その街並みが初めて見る景色に変わっていた・・・。	disk05/ﾛｼﾞ3.png	main/davL.png	KO	그러다 문득 정신을 차리면, 생전 처음 보는 풍경 속으로 바뀌고...
disk05	NO6	260	18	見たこともない街並みを走っていた・・・。	disk05/ﾛｼﾞ5.png	main/davL.png	KO	본 적도 없는 거리를 내달리다가...
disk05	NO6	270	19	いつの間にか先程通った街並みを走っていた・・・。	disk05/ﾛｼﾞ2.png	main/davL.png	KO	어느새 방금 지나쳤던 그 거리를 다시 달리고 있다...
disk05	NO6	280	20	俺はひたすら、同じ街並みを走り続けた・・・。	disk05/ﾛｼﾞ3.png	main/davL.png	KO	나는 그저 같은 거리를 계속 달리기만 했다...
disk05	NO6	290	21	夢の中で同じ事を繰り返し走っていた・・・。	disk05/ﾛｼﾞ5.png	main/davL.png	KO	꿈속에서 같은 길을 반복해 달리고 있다...
disk05	NO6	300	22	もしかしたら、俺は夢から一生、目覚めないかもしれない・・・。	disk05/ﾛｼﾞ3.png	main/davL.png	KO	어쩌면, 나는 꿈에서 영영 깨어나지 못할지도 모른다...
disk05	NO6	320	23	突然！！　古い城が見える所に出た・・・それも一度も見た事のない城だ・・・。	disk05/ﾕﾒｼﾛ.png	main/davL.png	KO	그때 불쑥 거대한 고성이 눈앞에 나타난다... 한 번도 본 적 없는 성이...
disk05	NO6	330	24	デビッド「その瞬間、夢から覚めたのだが・・・古城の事が頭の中にコビリついて離れなくて・・・今でも目をつぶると・・・」	disk05/ﾛﾋﾞｰ.png	main/davL.png	KO	데이비드: 그 순간 꿈에서 깼지만... 그 낡은 성이 머릿속에 맴돌아서 사라지지 않아... 지금도 눈을 감으면 계속 떠올라...
disk05	NO6	331	25	そしてデビッドは、昨夜の人を殺した夢を話そうとしたが、出来なかった。	disk05/ﾛﾋﾞｰ.png	main/davL.png	KO	그리고 데이비드는 어젯밤 사람을 죽였던 악몽까지 털어놓으려다 입을 다물었다.
disk05	NO6	350	26	空港の待合室は、色々な人種の観光客でにぎあっている。いつの間にか若い人達が増え、目線を感じるようになった。	disk05/ﾛﾋﾞｰ.png	main/davL.png	KO	공항 대합실은 각국에서 온 관광객들로 북적였다. 언제부터인지 젊은 사람들이 모이면서 시선이 모이기 시작했다.
disk05	NO6	360	27	スシャ－ナ「・・・デビッドがそんな夢をよく見るなんて・・・」	disk05/ﾛﾋﾞｰ.png	main/linR.png	KO	수잔나: ...데이비드가 그런 악몽을 자주 꾼다니...
disk05	NO6	370	28	アラン「ほんとにその古城を見た事がないのか？」	disk05/ﾛﾋﾞｰ.png	main/alnL.png	KO	앨런: 그 고성은 정말 본 적이 없는 거야?
disk05	NO6	380	29	デビッド「ああ・・・」	disk05/ﾛﾋﾞｰ.png	main/davL.png	KO	데이비드: 어...
disk05	NO6	390	30	アラン「・・・多分、クレアの事で神経がたかぶり、そんな変な夢を見たと思う・・・だからデビッド、気にしないほうがいいぜ」	disk05/ﾛﾋﾞｰ.png	main/alnL.png	KO	앨런: ...아무래도 클레어 일 때문에 신경이 예민해져서 그런 거겠지... 그러니 너무 마음에 담아두지 마.
disk05	NO6	400	31	マ－チン「そうだよ・・・僕もアランの言うとおりだと思うよ」	disk05/ﾛﾋﾞｰ.png	main/marL.png	KO	마틴: 그래... 나도 앨런 말이 맞다고 생각해.
disk05	NO6	410	32	デビッド「そうかな・・・」	disk05/ﾛﾋﾞｰ.png	main/davL.png	KO	데이비드: 그런가...
disk05	NO6	420	33	アンドリュ－「デビッド、そんな事ばっかり気にするとノイロ－ゼになるぞ！・・・嫌な事は忘れて、俺みたいに明るくパァ－とやらないと・・・」	disk05/ﾛﾋﾞｰ.png	main/andL.png	KO	앤드류: 데이비드, 그런 거 자꾸 신경 쓰다간 노이로제 걸린다고! 안 좋은 건 훌훌 털어버리고 나처럼 밝게 지내야지...
disk05	NO6	430	34	デビッド「アンドリュ－は特別だからな・・・」	disk05/ﾛﾋﾞｰ.png	main/davL.png	KO	데이비드: 그건 네가 특별한 거고...
disk05	NO6	435	35	アンドリュ－「おい、デビッド。女の子が二人こっちを見てるぞ」	disk05/ﾛﾋﾞｰ.png	main/andL.png	KO	앤드류: 야, 데이비드. 여자애 둘이 이쪽을 보고 있어.
disk05	NO6	441	36	若い二人の女の子が近づいてきた。	disk05/ｵﾝﾅ2.png	main/andL.png	KO	두 명의 어린 소녀가 다가왔다.
disk05	NO6	442	37	女の子の様子を見る。	disk05/ｵﾝﾅ2.png	main/andL.png	KO	소녀들을 바라본다.
disk05	NO6	442	38	女の子の話を聞く。	disk05/ｵﾝﾅ2.png	main/andL.png	KO	소녀들의 이야기를 듣는다.
disk05	NO6	447	39	メンバ－の話を聞く	disk05/ｵﾝﾅ2.png	main/andL.png	KO	멤버의 이야기를 듣는다.
disk05	NO6	450	40	女の子Ａ「キャ－！　エレノのメンバ－よ！　デビッド、カッコイイ－！！」	disk05/ｵﾝﾅ2.png	main/andL.png	KO	소녀 A: 꺄앗! 엘레노 비전이다! 데이비드 완전 멋져!!
disk05	NO6	460	41	女の子Ｂ「マ－チンもいるわ。ラッキ－！！　ツア－に行く途中ね。サインしてもらおっと・・・」	disk05/ｵﾝﾅ2.png	main/andL.png	KO	소녀 B: 마틴도 있어. 대박!! 투어 가는 길인가 봐. 싸인 받아야지...
disk05	NO6	470	42	二人の女の子は、エレノ・ヴィジョンのファンのようだ。	disk05/ｵﾝﾅ2.png	main/andL.png	KO	두 소녀는 엘레노 비전의 팬인 것 같았다.
disk05	NO6	480	43	女の子Ａ「今からツア－に行くんですね。ロンドン公演の時はぜったい見に行きます！」	disk05/ｵﾝﾅ2.png	main/andL.png	KO	소녀 A: 지금 투어 가시는 거죠? 런던 공연 때는 꼭 보러 갈게요!
disk05	NO6	490	44	女の子Ｂ「私は、デビュ－当時からのファンです。ツア－がんばってください！！」	disk05/ｵﾝﾅ2.png	main/andL.png	KO	소녀 B: 데뷔 때부터 쭉 팬이었어요. 이번 투어 꼭 성공하세요!!
disk05	NO6	500	45	女の子Ａ「あのー、デビッドさん、アランさん・・・サインしてください！」	disk05/ｵﾝﾅ2.png	main/andL.png	KO	소녀 A: 저기, 데이비드 씨, 앨런 씨... 사인 좀 해주세요!
disk05	NO6	510	46	女の子Ｂ「マ－チンさん、サインと握手してください！」	disk05/ｵﾝﾅ2.png	main/andL.png	KO	소녀 B: 마틴 씨, 싸인이랑 악수도 같이 부탁할게요!
disk05	NO6	520	47	アンドリュ－「困るなぁ、俺の事を忘れているじゃないか・・・」	disk05/ｵﾝﾅ2.png	main/andL.png	KO	앤드류: 이거 섭섭하게 난 왜 빼먹는 건데?
disk05	NO6	530	48	女の子Ａ「あ、ごめんなさい。アンドリュ－さんを忘れていました」	disk05/ｵﾝﾅ2.png	main/andL.png	KO	소녀 A: 아, 죄송해요. 앤드류 씨를 깜빡했어요.
disk05	NO6	540	49	女の子Ｂ「じゃあアンドリュ－さん、サインお願いします」	disk05/ｵﾝﾅ2.png	main/andL.png	KO	소녀 B: 앤드류 씨도 사인해주세요.
disk05	NO6	550	50	アンドリュ－「今ごろ言っても遅いよ・・・まぁ、そんなに欲しいのならファンのためだ、書いてあげましょう」	disk05/ｵﾝﾅ2.png	main/andL.png	KO	앤드류: 이제 와서 수습하긴 늦었어... 뭐, 그래도 갖고 싶다니까 팬을 위해 특별히 사인해줘야겠지.
disk05	NO6	560	51	デビッド「アハハハハ・・・どれに書いたらいいのかな？」	disk05/ｵﾝﾅ2.png	main/davL.png	KO	데이비드: 하하하... 그래서 어디다 사인해줄까?
disk05	NO6	561	52	メンバ－の様子を見る。	disk05/ｵﾝﾅ2.png	main/davL.png	KO	멤버을 바라본다.
disk05	NO6	561	53	メンバ－の話を聞く。	disk05/ｵﾝﾅ2.png	main/davL.png	KO	멤버들의 이야기를 듣는다.
disk05	NO6	580	54	デビッドはアンドリュ－やファンを見ていると、少しは気が楽になった。	disk05/ｵﾝﾅ2.png	main/davL.png	KO	데이비드는 앤드류와 팬들을 보고 있으니, 조금은 마음이 편해졌다.
disk05	NO6	590	55	アンドリュ－「デビッド、なに笑ってるんだよ。急に明るくなっちゃて・・・まぁいいか。これも俺の仕事のひとつだからな」	disk05/ｵﾝﾅ2.png	main/andL.png	KO	앤드류: 너 왜 갑자기 밝아져서 그렇게 실실 쪼개냐... 뭐 됐어, 이것도 다 팬 서비스 중 하나라고.
disk05	NO6	600	56	マ－チン「アンドリュ－、なにひとりでブツブツ言ってるんだい？」	disk05/ｵﾝﾅ2.png	main/marL.png	KO	마틴: 앤드류, 뭘 혼자서 그렇게 중얼거리는 거야?
disk05	NO6	610	57	アンドリュ－「ンッ！？・・・」	disk05/ｵﾝﾅ2.png	main/andL.png	KO	앤드류: 으잉...!?
disk05	NO6	620	58	デビッド「アハハハハハ・・・」	disk05/ｵﾝﾅ2.png	main/davL.png	KO	데이비드: 하하하...
disk05	NO6	640	59	このエレノ・ヴィジョン御一行を監視するような二つの人影があった。	disk05/ｸﾗｰA.png	main/davL.png	KO	한편, 그런 멤버들을 감시하는 2개의 그림자가 있었다.
disk05	NO6	670	60	所長と呼ばれているこの男、名はクラ－クという。元インタ－ポ－ルというキャリアを持つ探偵である。	disk05/ｸﾗｰA.png	main/davL.png	KO	소장이라 불리는 남자의 이름은 클라크, 전직 인터폴 출신의 경력을 가진 사립 탐정이었다.
disk05	NO6	671	61	もう一人は、助手のヴィンスだ。父親が日本人、母親がイギリス人の東洋系のハ－フである。	disk05/ｸﾗｰA.png	main/davL.png	KO	또 다른 한 명은 그의 조수인 빈스였고, 그는 아버지가 일본인, 어머니가 영국인인 동양계 혼혈이었다.
disk05	NO6	672	62	クラ－クが話す。	disk05/ｸﾗｰA.png	main/davL.png	KO	클라크가 말한다.
disk05	NO6	672	63	ヴィンスが話す。	disk05/ｸﾗｰA.png	main/davL.png	KO	빈스가 말한다.
disk05	NO6	689	64	クラ－ク「出発の時間がきたようだ」	disk05/ｸﾗｰA.png	main/ｸﾗｰｸ.png	KO	클라크: 출발할 시간이 된 모양이군.
disk05	NO6	690	65	ヴィンス「所長、今度の仕事は最高ですね。スシャ－ナ・リンを調査していればいいのでしょう？」	disk05/ｸﾗｰA.png	main/ｳｲﾝｽ.png	KO	빈스: 소장님, 이번 의뢰는 완전 개꿀인데요? 수잔나 린 저 여자 뒷조사만 가볍게 하면 되는 거죠?
disk05	NO6	700	66	クラ－ク「ああ、そうだ。調査費用はがっぽり頂いているし、ヨ－ロッパ旅行まで出来るんだ。最高の仕事と言うしかないな」	disk05/ｸﾗｰA.png	main/ｸﾗｰｸ.png	KO	클라크: 나도 동감이네. 조사비용도 두둑이 받았고, 겸사겸사 유럽 여행까지 즐길 수 있으니 말일세.
disk05	NO6	710	67	クラ－ク「しかし調査の依頼主の身元が、はっきりしないのが引っ掛かるが、金を大枚積まれては引っ込めなかったな」	disk05/ｸﾗｰA.png	main/ｸﾗｰｸ.png	KO	클라크: 다만 의뢰인의 신원이 불분명한 게 좀 걸리긴 하지만, 거절하기엔 너무 큰 돈이긴 했지.
disk05	NO6	720	68	ヴィンス「悪い事をするのなら別ですが、女一人を見張るだけですから、いいじゃないですか」	disk05/ｸﾗｰA.png	main/ｳｲﾝｽ.png	KO	빈스: 나쁜 짓을 하는 것도 아니고, 여자 한 명을 감시하는 것뿐이니, 좋기만 한 걸요.
disk05	NO6	730	69	クラ－ク「あれだけの金を積んだんだ。ただの身元調査ではなく、裏に何かあるに違いない」	disk05/ｸﾗｰA.png	main/ｸﾗｰｸ.png	KO	클라크: 의뢰비로 거액을 선뜻 내놓은 걸 보면... 단순한 신원조사가 아니라 뭔가 있는 게 분명해.
disk05	NO6	735	70	ヴィンス「そうですよ。何か起こらないと面白くありません」	disk05/ｸﾗｰA.png	main/ｳｲﾝｽ.png	KO	빈스: 맞아요, 단순한 뒷조사면 너무 시시하잖아요.
disk05	NO6	740	71	クラ－ク「おっ、連中はそろそろ出発するみたいだ。ヴィンス、行くぞ！」	disk05/ｸﾗｰA.png	main/ｸﾗｰｸ.png	KO	클라크: 어, 저 녀석들이 슬슬 출발하는 모양이군. 빈스, 따라가지.
disk05	NO6	750	72	ヴィンス「は、はい！・・・所長、待ってくださいよー」	disk05/ｸﾗｰA.png	main/ｳｲﾝｽ.png	KO	빈스: 네, 넵! ...소장님, 같이 가요.
disk05	NO6	770	73	一行は、ヒ－スロ－空港を発った・・・。	disk05/ｺﾝｺﾙ.png	main/ｳｲﾝｽ.png	KO	멤버들은 히드로 공항을 떠났다.
disk05	NO6	780	74	・・・予定どおりオルリ－空港へ到着した。	disk05/ﾄﾎﾞﾙ.png	main/ｳｲﾝｽ.png	KO	...그리고 예정대로 오를리 공항에 도착했다.
disk05	NO6	790	75	パリ（Ｐａｌｉｓ）	disk05/ｴﾌﾙ.png	main/ｳｲﾝｽ.png	KO	파리 (Paris)
disk05	NO6	3000	76	ＣＤ－ＲＯＭよりＤＡＴＡの読み込みを始めます。ＨＩＴ　ＡＮＹ　ＫＥＹ	disk05/ｴﾌﾙ.png	main/ｳｲﾝｽ.png	KO	CD-ROM에서 데이터 읽습니다. 아무 키나 눌러주세요.
disk05	NO6	3010	77	　　　　　　　　ＣＤ－ＲＯＭよりＤＡＴＡを読み込み中	disk05/ｴﾌﾙ.png	main/ｳｲﾝｽ.png	KO	데이터를 읽는 중...
disk05	NO6	10000	119	ＤＡＴＡをＳＡＶＥしますか？　Ｙ／Ｎ	disk05/ｴﾌﾙ.png	main/ｳｲﾝｽ.png	KO	
disk05	NO6	10040	125	ドライブ１に、ＳＡＶＥ・ディスクを入れて下さい。	disk05/ｴﾌﾙ.png	main/ｳｲﾝｽ.png	KO	
disk05	NO6	10070	127	ドライブ１のディスクが違います。	disk05/ｴﾌﾙ.png	main/ｳｲﾝｽ.png	KO	드라이브 1의 디스크가 다릅니다.
disk05	NO6	10110	128	ＳＡＶＥしました。ドライブ１のディスクに、ＭＡＩＮディスクを入れて下さい。	disk05/ｴﾌﾙ.png	main/ｳｲﾝｽ.png	KO	
disk05	NO6	10150	130	ドライブ１のディスクが違います。	disk05/ｴﾌﾙ.png	main/ｳｲﾝｽ.png	KO	드라이브 1의 디스크가 다릅니다.
disk05	NO7	1000	0	今日はパリのヒルトン・ホテルで一泊して、明日はチャ－タ－・バスでひたすら走る事になるので、デビッドは打ち合せもそこそこに早く休むことにした。	disk06/ﾛﾋﾞｰ.png	main/ｳｲﾝｽ.png	KO	오늘은 파리의 힐튼 호텔에서 묵고 내일은 전세버스로 온종일 이동해야 하기에, 데이비드는 대충 회의를 마무리하고 일찍 잠자리에 들기로 했다.
disk05	NO7	1010	1	デビッドは、睡眠薬を飲みベッドに入ったが、ロンドンでの事件やフランスでのコンサ－トの事が頭の中で交差して、いつ迄も寝つかれなかった。	disk06/ﾍﾔﾅｶ.png	main/ｳｲﾝｽ.png	KO	데이비드는 수면제를 먹고 침대에 누웠지만, 런던의 사건과 프랑스 공연 생각이 머릿속을 맴돌아 쉽사리 잠을 이룰 수 없었다.
disk05	NO7	1030	2	睡眠薬が効いてきたのか少し眠けがきたが、それも一瞬の事でかえって眼がさえてベッドにいるのが苦痛になった。	disk06/ﾍﾔﾅｶ.png	main/ｳｲﾝｽ.png	KO	수면제가 듣기 시작해서 졸음이 밀려오는가 싶더니 그것도 잠시뿐, 오히려 정신이 말똥말똥해져 침대에 누워 있는 것이 고통스러웠다.
disk05	NO7	1040	3	デビットは気分を一新する為に、パリの夜を一人で見物する事にした。	disk06/ﾍﾔﾅｶ.png	main/ｳｲﾝｽ.png	KO	데이비드는 기분을 전환할 겸, 혼자서 파리의 야경을 구경하기로 마음먹었다.
disk05	NO7	1050	4	ホテルの前でタクシ－に乗った。	disk06/ﾎﾃﾙﾏ.png	main/ｳｲﾝｽ.png	KO	호텔 앞에서 택시에 탔다.
disk05	NO7	1060	5	運転手「どちらまで行きますか？」	disk06/ｸﾙﾏ.png	main/ｳｲﾝｽ.png	KO	기사: 어디로 모실까요?
disk05	NO7	1070	6	デビットは行く先を考えていなかったので、慌ててパリの名所を思い出そうととした。	disk06/ｸﾙﾏ.png	main/ｳｲﾝｽ.png	KO	데이비드는 목적지를 정해두지 않았던 터라, 당황하며 파리의 명소들을 급히 떠올려 보았다.
disk06	NO7	1200	7	エッフェル塔	disk06/ｸﾙﾏ.png		KO	에펠탑
disk06	NO7	1200	8	モンマルトルの丘	disk06/ｸﾙﾏ.png		KO	몽마르트르 언덕
disk06	NO7	1200	9	カルチェラタン	disk06/ｸﾙﾏ.png		KO	라탱 지구
disk06	NO7	1200	10	凱　旋　門	disk06/ｸﾙﾏ.png		KO	개선문
disk06	NO7	1200	11	ジャンヌダルク広場	disk06/ｸﾙﾏ.png		KO	잔다르크 광장
disk06	NO7	1200	12	ノ－トルダム寺院	disk06/ｸﾙﾏ.png		KO	노트르담 대성당
disk06	NO7	1200	13	サクレク－ル寺院	disk06/ｸﾙﾏ.png		KO	사크레쾨르 대성당
disk06	NO7	1200	14	オペラ座	disk06/ｸﾙﾏ.png		KO	오페라 극장
disk06	NO7	1200	15	ボ－ジュ広場	disk06/ｸﾙﾏ.png		KO	보주 광장
disk06	NO7	1310	16	運転手「エッフェル塔までですね」	disk06/ｸﾙﾏ.png		KO	기사: 에펠탑으로 가시는군요.
disk06	NO7	1360	17	タクシ－はエッフエル塔でデビットを降ろした。昼間見た時はただの鉄の塔と魅力はなかったが、夜の照明に輝くエッフェル塔を見て、その光のトリックの素晴らしさに魅了されていた。	disk06/ﾖﾙ28.png		KO	택시는 에펠탑에서 데이비드를 내려주었다. 낮에 봤을 때는 그저 철탑일 뿐 아무론 매력이 없었지만, 밤의 조명에 빛나는 에펠탑을 마주하자 그 환상적인 야경의 마법에 매료되었다.
disk06	NO7	1370	18	展望台からパリの夜景を見ようと思ったが、今夜は観光気分になれず外から眺めるだけで満足してしまった。	disk06/ﾖﾙ28.png		KO	전망대에서 파리의 야경을 보려고 했지만, 오늘 밤은 관광을 즐길 기분이 들지 않아 밖에서 바라보는 것만으로 만족했다.
disk06	NO7	1510	19	運転手「モンマルトルの丘までですね」	disk06/ｸﾙﾏ.png		KO	기사: 몽마르트르 언덕으로 가시는군요.
disk06	NO7	1560	20	モンマルトルに着いた。この町は若い芸術家達が大勢いる為、店は遅くまで営業している。	disk06/ﾖﾙ1.png		KO	택시가 몽마르트르에 도착했다. 이 동네는 젊은 예술가들이 모여 있어 늦은 시각까지 영업하는 가게들이 많았다.
disk06	NO7	1570	21	モンマルトル丘はパリの司教［聖ドニ］が殉教した土地で殉教者の丘とも言われている。デビットが期待した風車の回る景色はなかった。	disk06/ﾖﾙ1.png		KO	몽마르트르는 파리의 주교 `성 드니'가 순교한 장소로, 일명 순교자의 언덕으로도 불리는 곳이었다. 데이비드가 기대했던 풍차가 돌아가는 풍경은 보이지 않았다.
disk06	NO7	1580	22	絵で良く見る古びた町並みを見ようと思ったが、道は坂や階段ばかりなのでコンサ－ト前の散歩には少し疲れすぎる。	disk06/ﾖﾙ1.png		KO	그림에서 보던 고풍스러운 옛 거리 풍경을 구경하려 했으나, 사방이 가파른 언덕과 계단뿐이라 공연 전 산책으로 부적절하다고 판단했다.
disk06	NO7	1710	23	運転手「カルチェラタンに行くのですか？　パンティオンを見に行かれるのですね。承知しました」	disk06/ｸﾙﾏ.png		KO	기사: 라탱 지구로 가시나요? 판테온을 보러 가시는 모양이군요. 알겠습니다.
disk06	NO7	1760	24	車から降りたデビットは、パンティオンの建物を見た。運転手の話では、パンティオンとはギリシャ語で［万神殿］と書き、地下にはフランスに献身した人達の墓があると言っていた。	disk06/ﾖﾙ13.png		KO	차에서 내린 데이비드는 판테온을 바라보았다. 기사의 설명에 따르면 판테온은 그리스어로 `만신전'을 뜻하며, 지하에는 프랑스를 위해 헌신한 위인들의 묘가 안치되어 있다고 했다.
disk06	NO7	1770	25	デビットは今夜は寝むれそうにないので、パリの名所を徹底的に見て回ろうと決心した。	disk06/ﾖﾙ13.png		KO	데이비드는 오늘 밤은 잠들 수 없을 것 같아, 파리의 명소를 꼼꼼히 둘러보기로 결심했다.
disk06	NO7	1910	26	運転手「凱旋門に行くのですね」	disk06/ｸﾙﾏ.png		KO	기사: 개선문으로 가시는군요.
disk06	NO7	1960	27	運転手「凱旋門の広場に着きましたが、シャンゼリゼ通りで降りたほうが賑やかですよ。・・・ここでいいのですね」	disk06/ﾖﾙ21.png		KO	기사: 개선문 광장에 도착했습니다만, 샹젤리제 거리 쪽에서 내리시는 게 구경할 게 많을 텐데... 여기서 내려드릴까요?
disk06	NO7	1970	28	デビットは凱旋門のあるエトワ－ル広場の中心近くで、円形に放射した道路を眺めた。すべての道が襲って来るような恐怖を感じた。	disk06/ﾖﾙ21.png		KO	데이비드는 개선문이 있는 에투알 광장 중심부 부근에서 원형으로 뻗어 나가는 도로를 바라보았다. 모든 길이 자신을 덮쳐오는 듯한 공포를 느꼈다.
disk06	NO7	1980	29	広場からシャンゼリゼ通りに行こうとしたが、車の往来が激しく無理に華やかな通りを歩きたいとも思わなかった。	disk06/ﾖﾙ21.png		KO	광장에서 샹젤리제 거리로 가려고 했지만, 교통이 너무 혼잡해서 굳이 무리하게 그 화려한 거리로 가고 싶지 않았다.
disk06	NO7	2110	30	運転手「ノ－トルダム寺院まで行くのですね」	disk06/ｸﾙﾏ.png		KO	기사: 노트르담 대성당으로 가시는군요.
disk06	NO7	2160	31	タクシ－はセーヌ川を渡りノ－トルダム広場でデビットを降ろした。広場には観光客やアベックが眼についた。	disk06/ﾖﾙ5.png		KO	택시는 센 강을 건너 노트르담 광장에서 데이비드를 내려주었다. 광장에는 수많은 관광객들과 연인들이 눈에 들어왔다.
disk06	NO7	2170	32	寺院はフランスを象徴する大聖堂だけあって、建物の豪華さにデビットはあっとうされていたが、遥か昔の悲しみ憎しみの霊気が漂うように感じ逃げ出したい気分になった。	disk06/ﾖﾙ5.png		KO	프랑스를 상징하는 대성당다운 웅장함과 화려함에 데이비드는 압도당했지만, 아득한 옛 세월의 슬픔과 맺힌 원한의 기운이 감도는 듯한 기운이 느껴져 그곳에서 벗어나고 싶어졌다.
disk06	NO7	2310	33	運転手「サクレク－ル寺院まで行くのですね」	disk06/ｸﾙﾏ.png		KO	기사: 사크레쾨르 성당으로 가시는군요.
disk06	NO7	2360	34	タクシ－はサクレク－ル寺院にデビットを降ろして走り去った。ビザンチン様式の白亜のド－ムは月の光に照らされ夜空に浮かんでいる。４０年の歳月をかけて作られただけあって素晴らしい眺めだ。	disk06/ﾖﾙ7.png		KO	택시는 사크레쾨르 대성당에 데이비드를 내려놓고 멀어져 갔다. 비잔틴 양식의 새하얀 돔은 달빛에 비쳐 밤하늘에 떠 있는 듯했다. 40년의 세월을 들여 지어진 만큼 정말 멋진 경치였다.
disk06	NO7	2370	35	寺院のテラスから眺めるパリの町並みは素晴らしいと聞いたが、いまは夜だ寺院に入れないので外から見るしかなかった。	disk06/ﾖﾙ7.png		KO	성당 테라스에서 내려다보는 파리 시내의 야경이 일품이라 들었지만, 이미 깊은 밤이라 성당으로 들어갈 수는 없어서 밖에서 쳐다볼 수밖에 없었다.
disk06	NO7	2510	36	運転手「オペラ座に行くのですね」	disk06/ｸﾙﾏ.png		KO	기사: 오페라 하우스로 가시는군요.
disk06	NO7	2560	37	パリが世界に誇るオペラ座に着いた。タクシ－はそこで客を拾い走り去った。デビットはオペラ座に入った事がなかったが、その内装の豪華さは舞台だけでなく、休憩室や廊下・天井にいたるまで華やかだと聞いている。	disk06/ﾖﾙ15.png		KO	파리가 세계에 자랑하는 오페라 극장에 도착했다. 택시는 거기서 손님을 태우고 멀어져 갔다. 데이비드는 오페라 극장에 가본 적이 없었지만, 그 내부의 호화로움은 무대뿐만 아니라 휴게실과 복도, 천장에 이르기까지 화려하다고 들었다.
disk06	NO7	2570	38	オペラ座の前では、客には見えない若い人達が大勢いた。デビットは顔を知られ騒がれると困るので、ここを立ちさろうと思った。	disk06/ﾖﾙ15.png		KO	오페라 극장 앞에는, 극장 관객으로는 보이지 않는 젊은 사람들이 많이 모여 있었다. 혹시라도 얼굴이 팔려 시끄러운 상황이 발생할까 걱정한 데이비드는 그 자리를 벗어나기로 했다.
disk06	NO7	2710	39	運転手「ボ－ジュ広場まで行くのですね」	disk06/ｸﾙﾏ.png		KO	기사: 보주 광장으로 가시는군요.
disk06	NO7	2760	40	広場に着いたデビットは、その豪華さに１６世紀の王族の暮らしを見たように感じた。赤レンガで作られた建物が広場を囲み、王宮の中庭にいるように思えた。	disk06/ﾖﾙ29.png		KO	광장에 도착한 데이비드는 그 호화로움 속에서 마치 16세기 왕족의 삶을 엿보는 듯한 느낌을 받았다. 붉은 벽돌로 지어진 건물들이 광장을 둘러싸고 있어 마치 왕궁의 안뜰에 있는 듯한 기분이 들었다.
disk06	NO7	2770	41	昔は庶民が見る事も許されなかった庭園が、今では広場となり観光客で賑わっている。そんな事を考えていると、１６世紀に浸っていた気分が一度に現代に戻り、夢も消えてしまった。	disk06/ﾖﾙ29.png		KO	예전에는 서민들이 보는 것조차 허용되지 않았던 정원이 지금은 광장이 되어 관광객들로 북적였다. 그렇게 생각하니, 16세기의 낭만에 젖어 있던 기분이 단번에 현실로 돌아와 감동도 사라져 버렸다.
disk06	NO7	2910	42	運転手「ル－アンの町ですね」	disk06/ｸﾙﾏ.png		KO	기사: 루앙 거리로 가시는군요.
disk06	NO7	2920	43	タクシ－の去ったル－アンの町は、人通りが無かった。額に汗がにじんでいるというのに、ジャンヌダルクの像のせいか、両腕に鳥肌がたっている。	disk06/ﾖﾙ2.png		KO	택시가 떠난 루앙 거리에는 인적이 없었다. 이마에 땀이 맺힐 정도의 더위인데도, 잔다르크 동상 때문인지 양팔에 소름이 돋았다.
disk06	NO7	2930	44	１５世紀の１００年戦争で戦った奇跡の少女ジャンヌダルクが、ここで処刑された。神の命によりフランスの為に戦い、勝利の英雄を妬まれ宗教裁判で火あぶりの刑で神に召されて行った。	disk06/ﾖﾙ2.png		KO	15세기 백년 전쟁에서 싸운 기적의 소녀 잔 다르크가 이곳에서 처형되었다. 신의 계시를 받들며 프랑스를 위해 목숨 바쳐 싸웠으나, 승리의 영웅은 시기받아 종교재판에서 화형으로 신의 곁으로 떠났다.
disk06	NO7	2950	45	ル－アンの町を歩いていると、門の開いた建物が見えた。デビットは吸い寄せられるように、その門の中に入った。	disk06/ﾖﾙ18.png		KO	루앙 거리를 걷다 보니, 문이 열린 건물이 보였다. 데이비드는 무언가에 홀리 듯이 그 문 안으로 들어갔다.
disk06	NO7	3000	46	ＣＤ－ＲＯＭよりＤＡＴＡの読み込みを始めます。ＨＩＴ　ＡＮＹ　ＫＥＹ	disk06/ﾖﾙ18.png		KO	CD-ROM에서 데이터 읽습니다. 아무 키나 눌러주세요.
disk06	NO7	3010	47	　　　　　　　　ＣＤ－ＲＯＭよりＤＡＴＡを読み込み中	disk06/ﾖﾙ18.png		KO	데이터를 읽는 중...
disk06	NO7	4500	49	デビットは次の名所を回る為に、手を上げてタクシ－を止めて車に乗った。	disk06/ﾖﾙ18.png		KO	데이비드는 다음 명소를 둘러보기 위해 손을 들어 택시를 세우고 올라탔다.
disk06	NO7	4510	50	運転手「どちらまで行きますか？」	disk06/ｸﾙﾏ.png		KO	기사: 어디로 모실까요?
disk06	NO7	4520	51	デビットは、どこに行くか考えた。	disk06/ｸﾙﾏ.png		KO	데이비드는 어디로 갈지 생각했다.
disk06	NO7	4600	52	運転手「お客さん着きましたよ。降りるのですか、それとも他に行くのですか」	disk06/ｸﾙﾏ.png		KO	기사: 손님, 도착했습니다. 내리시겠습니까, 아니면 다른 곳으로 가시겠습니까?
disk06	NO7	4610	53	デビットは車から降りようとして外の景色を見た。ここは先程来た同じ場所だと知り、悪夢の中に居るように感じた。どこに行くか決めなければデビットは考えた。	disk06/ｸﾙﾏ.png		KO	데이비드는 차에서 내리려다 밖의 풍경을 바라보았다. 이곳이 방금 전 왔던 바로 그 장소라는 것을 깨닫고, 악몽 속에 있는 것처럼 느껴졌다. 어디로 갈지 정해야만 한다고 데이비드는 생각했다.
disk06	NO7	4630	54	タクシ－は、目的地に向かってパリの町を走った。	disk06/ｸﾙﾏ.png		KO	택시는 목적지를 향해 파리 거리를 달렸다.
disk06	NO7	4640	55	タクシ－の窓からパリの夜景が走る。	disk06/ｸﾙﾏ.png		KO	택시 창밖으로 파리의 야경이 스쳐 지나갔다.
disk06	NO7	10000	100	ＤＡＴＡをＳＡＶＥしますか？　Ｙ／Ｎ	disk06/ｸﾙﾏ.png		KO	
disk06	NO7	10040	106	ドライブ１に、ＳＡＶＥ・ディスクを入れて下さい。	disk06/ｸﾙﾏ.png		KO	
disk06	NO7	10070	108	ドライブ１のディスクが違います。	disk06/ｸﾙﾏ.png		KO	드라이브 1의 디스크가 다릅니다.
disk06	NO7	10110	109	ＳＡＶＥしました。ドライブ１のディスクに、ＭＡＩＮディスクを入れて下さい。	disk06/ｸﾙﾏ.png		KO	
disk06	NO7	10150	111	ドライブ１のディスクが違います。	disk06/ｸﾙﾏ.png		KO	드라이브 1의 디스크가 다릅니다.
disk07	NO8	800	0	デヒッドは開いた門の中に入ると、通路は次の門に続いていた。	disk07/Jﾛｼﾞ.png		KO	데이비드가 열린 문 안으로 들어서자, 통로는 다음 문으로 이어져 있었다.
disk07	NO8	810	1	次の門を抜けると石壁のある道に出た。	disk07/Jｶﾍﾞ.png		KO	다음 문을 지나자, 돌벽이 있는 길로 나왔다.
disk07	NO8	900	2	突然、後の門の中から大勢の人のざわめきが流れて来た。	disk07/Jｶﾍﾞ.png		KO	갑자기 방금 지나온 문 쪽에서 수많은 군중의 소란스러운 소리가 들려왔다.
disk07	NO8	1000	3	デビッド「・・・フランス語のようだが・・・なんだろう？・・・ウアァ－！！　だんだん近づいてくる！」	disk07/Jｶﾍﾞ.png		KO	데이비드: ...프랑스어 같은데... 뭐지? ...우아아!! 점점 가까워지잖아!
disk07	NO8	1010	4	デビッドはフランス語の意味が解らなかったので恐怖を感じて身振いした。	disk07/Jｶﾍﾞ.png		KO	프랑스어를 알아듣지 못한 데이비드는 왠지 모를 공포에 몸서리쳤다.
disk07	NO8	1020	5	デビッド「・・・早くこの場から逃げなくては！」	disk07/Jｶﾍﾞ.png		KO	데이비드: ...빨리 여기서 도망쳐야 해!
disk07	NO8	1040	6	デビッドは、大勢の人の声から逃るように街の中を走っていた。	disk07/ﾛｼﾞE.png		KO	데이비드는 군중의 소리에서 벗어나기 위해 안쪽으로 내달렸다.
disk07	NO8	1050	7	デビッド「ウワァ－！　近づいてくる・・・早く逃げなくては！」	disk07/ﾛｼﾞE.png		KO	데이비드: 우와아! 가까워지고 있어... 빨리 도망쳐야 해!
disk07	NO8	1052	8	デヒッドは狭い路地が見えたので、急いでそこに隠れた。	disk07/ﾛｼﾞ.png		KO	눈앞에 좁은 골목길이 보이자, 데이비드는 황급히 몸을 숨겼다.
disk07	NO8	1053	9	デヒッドは音をたてないように、路地を走って逃げた。	disk07/ﾛｼﾞ.png		KO	데이비드는 숨을 죽인 채 골목길을 따라 도망쳤다.
disk07	NO8	1060	10	路地が途切れ、薄暗い広場に出た。	disk07/J1.png		KO	골목이 끝나고, 어스름한 광장에 나왔다.
disk07	NO8	1070	11	デビッド「ここは・・・広場か？・・・」	disk07/J1.png		KO	데이비드: 여기는... 광장인가?
disk07	NO8	1080	12	広場の真ん中に何か立っている。	disk07/J1.png		KO	광장 한가운데에 무언가 서 있었다.
disk07	NO8	1090	13	デビッド「暗くてよく見えないな・・・一体あれは何だろう？・・・」	disk07/J1.png		KO	데이비드: 어두워서 잘 안 보이는데... 대체 저게 뭐지?
disk07	NO8	1095	14	暗闇になれたデヒッドの眼になにかが見えてきた。	disk07/J1.png		KO	어둠에 익숙해진 데이비드의 눈에 무언가가 보이기 시작했다.
disk07	NO8	1096	15	デビッド「木の枝がまきのように積まれ、中央の柱に人が縛られている・・・なぜだ？」	disk07/ｸｻﾘ.png		KO	데이비드: 나무 장작이 산더미같이 쌓여 있고, 중앙의 기둥에 사람이 묶여 있어... 대체 왜?
disk07	NO8	1100	16	デビッドは近づこうと一歩踏み出した・・・。	disk07/J1.png		KO	데이비드가 확인하려고 다가가려 한 그 순간,
disk07	NO8	1110	17	いきなり男が闇の中から現れ、火のついた木を積上げられた木の枝に投げ入れた。	disk07/ﾋﾂｹﾙ.png		KO	느닷없이 어둠 속에서 한 남자가 나타나, 불이 붙은 나뭇가지를 장작 더미 속으로 던져 넣었다.
disk07	NO8	1115	18	「ギャア－ッ！！」　炎の中から女性の悲鳴があがった。	disk07/ﾋJ1.png		KO	"""꺄아앗!!""
화염 속에서 여성의 비명이 터져 나왔다."
disk07	NO8	1120	19	積上げられた木に油がまかれていたのか、いきなり枝木は燃え上がり炎の柱となった。	disk07/ﾋJ1.png		KO	장작에 기름이 뿌려졌던 것인지, 순식간에 나뭇가지들이 불타오르며 불기둥이 치솟았다.
disk07	NO8	1130	20	炎の中に人がいる・・・それも若い女性だ。炎から逃れようと柱に縛られた体をよじって苦しんでいる。	disk07/J4.png		KO	불길 속에는 사람이 있었다... 그것도 어린 소녀였다. 소녀는 불길에서 벗어나려고 기둥에 묶인 몸을 비틀며 고통스러워하고 있었다.
disk07	NO8	1140	21	デビッド「火あぶりの刑・・・」	disk07/J4.png		KO	데이비드: 화형...
disk07	NO8	1150	22	デビッドは呆然とそのシ－ンを眺めている・・・。	disk07/ﾋJ1.png		KO	데이비드는 멍하니 그 모습을 바라보고 있었다...
disk07	NO8	1160	23	・・・気が付くと何百人もの民衆が炎の柱を取り巻き、合唱しているように叫んでいる。	disk07/ﾋJ1.png		KO	...정신을 차려 보니 수백 명의 군중이 불기둥을 둘러싸고, 마치 합창하듯 소리치고 있었다.
disk07	NO8	1170	24	民衆「魔女に死を！、魔女に死を！、魔女に死を！、魔女に死を！、魔女に・・・」	disk07/ﾋJ1.png		KO	군중: 마녀에게 죽음을! 마녀에게 죽음을! 마녀에게 죽음을! 마녀에게 죽음을! 마녀에게...
disk07	NO8	1180	25	デビッドには民衆の言葉が呪いの呪文のように聞こえてきた。	disk07/ﾋJ1.png		KO	데이비드에게는 군중의 외침이 저주의 주문처럼 들려왔다.
disk07	NO8	1190	26	デビッド「魔女に死を？・・魔女狩り・・フランス・・火あぶり・・・もしや！？、この女性はジャンヌ・ダルクでは・・・なぜ俺が昔の時代にいるのか？・・なぜだ！！」	disk07/ﾋJ1.png		KO	데이비드: 마녀에게 죽음을...? 마녀사냥... 프랑스... 화형... 설마!? 저 소녀가 잔다르크? ...왜 내가 과거로 온 거지? 어째서!!
disk07	NO8	1200	27	デビッドの頭の中は混乱していた・・・	disk07/ﾋJ1.png		KO	데이비드는 머릿속이 혼란스러워졌다...
disk07	NO8	1210	28	デビッド「民衆は異常な興奮に酔っている。ここにいては危険だ！・・・この場から逃げなくては！」	disk07/ﾋJ1.png		KO	데이비드: 사람들이 광기에 사로잡혀 있어. 이러다가 나까지 휘말리고 말 거야! ...여기서 벗어나야 해!
disk07	NO8	1220	29	デヒッドが逃れようと後ずさりした時、民衆の目が一斉にデビッドに集中した。	disk07/ﾋJ1.png		KO	데이비드가 도망치려 뒤로 물러섰을 때, 군중의 시선이 일제히 데이비드에게 쏠렸다.
disk07	NO8	1230	30	デビッド「ウワァ！・・・し、しまった！　見つかってしまった！！」	disk07/ｸﾞﾝｼ.png		KO	데이비드: 으악! ...제, 제기랄! 들켜버렸어!!
disk07	NO8	1240	31	デビッドは、今までこれほどの恐怖を感じたことがない。	disk07/ｸﾞﾝｼ.png		KO	생전 처음 겪어보는 극심한 공포가 온몸을 짓눌렀다.
disk07	NO8	1250	32	デビッド「どこでもいい、逃げなくては！！」	disk07/ｸﾞﾝｼ.png		KO	데이비드: 어디든 상관없어, 도망쳐야 해!!
disk07	NO8	10000	60	ＤＡＴＡをＳＡＶＥしますか？　Ｙ／Ｎ	disk07/ｸﾞﾝｼ.png		KO	
disk07	NO8	10040	66	ドライブ１に、ＳＡＶＥ・ディスクを入れて下さい。	disk07/ｸﾞﾝｼ.png		KO	
disk07	NO8	10070	68	ドライブ１のディスクが違います。	disk07/ｸﾞﾝｼ.png		KO	드라이브 1의 디스크가 다릅니다.
disk07	NO8	10110	69	ＳＡＶＥしました。ドライブ１のディスクに、ＭＡＩＮディスクを入れて下さい。	disk07/ｸﾞﾝｼ.png		KO	
disk07	NO8	10150	71	ドライブ１のディスクが違います。	disk07/ｸﾞﾝｼ.png		KO	드라이브 1의 디스크가 다릅니다.
disk07	NO9	500	0	登りになった通りを行く	disk07/ﾛ2L.png		KO	오르막길로 간다.
disk07	NO9	500	1	下りになった通りを行く	disk07/ﾛ2L.png		KO	내리막길로 간다.
disk07	NO9	500	2	右の通りを行く	disk07/ﾛ2L.png		KO	오른쪽으로 간다.
disk07	NO9	500	3	左の通りを行く	disk07/ﾛ2L.png		KO	왼쪽으로 간다.
disk07	NO9	500	4	前方の道を行く	disk07/ﾛ2L.png		KO	앞으로 간다.
disk07	NO9	1285	5	狂乱した群衆の叫びを背にしてデビッドは走り続けた。前方の通りが左右に別れている。	disk07/ﾛ2L.png		KO	광기에 휩싸인 군중의 함성을 뒤로 한 채 데이비드는 계속 달렸다. 앞쪽 길이 좌우로 갈라졌다.
disk07	NO9	1350	6	前方の道がＬ字形に曲がっている。デビッドは後を振り向かずに、通りを曲がった。	disk07/ﾛ2R.png		KO	전방의 길이 L자형으로 꺾여 있었다. 데이비드는 뒤돌아보지 않고, 모퉁이를 돌았다.
disk07	NO9	1360	7	道が左に曲がって下りになっている。デビッドは走り続ける。	disk07/ﾛ1L.png		KO	길이 왼쪽으로 꺾여 내리막이 되었다. 데이비드는 계속 달렸다.
disk07	NO9	1390	8	狂乱の叫びが背後に迫る。左に曲がった道しかない。デビッドは走り続ける。	disk07/ﾛ3L.png		KO	광란의 외침이 등 뒤로 다가왔다. 왼쪽으로 꺾인 길밖에 없다. 데이비드는 계속 달렸다.
disk07	NO9	1400	9	狂乱の叫びが通りに渦巻くように響きわたる。デビッドは右に曲がった下りの道を走り続ける。	disk07/ﾛ3R.png		KO	광기 서린 함성이 골목 구석구석에 울려 퍼졌다. 데이비드는 오른쪽으로 꺾인 내리막길을 계속 달려 나갔다.
disk07	NO9	1430	10	前方の道が二つに別れている。どの道を選ぶかデビッドは迷った。	disk07/ﾛ4L.png		KO	앞의 길이 두 갈래로 갈라져 있었다. 어느 길을 고를지 데이비드는 고민했다.
disk07	NO9	1490	11	前方に道が三つに別れている。群衆の足音がデビッドの鼓膜を突き破るように迫って来た。どの道に逃げるのか決断しないと捕まってしまう。	disk07/ﾛ5L.png		KO	앞쪽이 세 갈래 길로 나뉘어 있었다. 군중들의 발소리가 데이비드의 고막을 찢어버릴 듯 다가왔다. 어느 길로 도망칠지 빨리 결정하지 않으면 붙잡히고 말 것이다.
disk07	NO9	1550	12	走っても走っても民衆の声は遠ざからない。前方の道は二つに別れている。	disk07/ﾛ6L.png		KO	아무리 달리고 또 달려도 성난 군중들의 함성이 멀어지지 않았다. 앞쪽 길이 둘로 갈라졌다.
disk07	NO9	1590	13	道が右に曲がって登り坂になっている。道は一つしかない。デビッドは何も考えずに走り続ける。	disk07/ﾛ6R.png		KO	길이 오른쪽으로 꺾여 오르막길이 되었다. 길은 하나밖에 없었다. 데이비드는 생각할 겨를도 없이 계속 달렸다.
disk07	NO9	1600	14	道は左に曲がっている。群衆の興奮に満ちた殺気がデビッドを襲う。	disk07/ﾛ7L.png		KO	길은 왼쪽으로 꺾여 있었다. 군중의 광기로 가득 찬 살기가 데이비드를 덮쳐왔다.
disk07	NO9	1620	15	ここは十字路になっている。デビッドは後ろから追ってくる群衆を気にしながら道を選ぶのに迷った。	disk07/ﾛ8.png		KO	사방이 탁 트인 사거리였다. 데이비드는 뒤에서 쫓아오는 군중을 신경 쓰며 길을 고르는 데 고민했다.
disk07	NO9	1670	16	デビッドは遠ざからない群衆の足跡に恐怖を感じながら、右に曲がった道を走り続ける。	disk07/ﾛ9R.png		KO	데이비드는 멀어지지 않는 군중의 발소리에 공포를 느끼며, 오른쪽으로 꺾인 길을 계속 달렸다.
disk07	NO9	1680	17	デビッドは恐怖を背にして左に曲がった登りの道を走り続ける。	disk07/ﾛ9L.png		KO	데이비드는 등 뒤에서 몰려오는 공포를 떨쳐내며, 왼쪽으로 꺾인 오르막길을 계속 달렸다.
disk07	NO9	1740	18	・・・民衆の声に追いつめられたデビッドは、下りになった一本道を走り続けた。	disk07/ﾛ8.png		KO	...군중의 함성에 내몰린 데이비드는, 내리막이 된 외길을 계속 달렸다.
disk07	NO9	3000	19	ＣＤ－ＲＯＭよりＤＡＴＡの読み込みを始めます。ＨＩＴ　ＡＮＹ　ＫＥＹ	disk07/ﾛ8.png		KO	CD-ROM에서 데이터 읽습니다. 아무 키나 눌러주세요.
disk07	NO9	3010	20	　　　　　　　　ＣＤ－ＲＯＭよりＤＡＴＡを読み込み中	disk07/ﾛ8.png		KO	데이터를 읽는 중...
disk07	NO9	10000	49	ＤＡＴＡをＳＡＶＥしますか？　Ｙ／Ｎ	disk07/ﾛ8.png		KO	
disk07	NO9	10040	55	ドライブ１に、ＳＡＶＥ・ディスクを入れて下さい。	disk07/ﾛ8.png		KO	
disk07	NO9	10070	57	ドライブ１のディスクが違います。	disk07/ﾛ8.png		KO	드라이브 1의 디스크가 다릅니다.
disk07	NO9	10110	58	ＳＡＶＥしました。ドライブ１のディスクに、ＭＡＩＮディスクを入れて下さい。	disk07/ﾛ8.png		KO	
disk07	NO9	10150	60	ドライブ１のディスクが違います。	disk07/ﾛ8.png		KO	드라이브 1의 디스크가 다릅니다.
disk08	NO10	1770	0	・・・坂道を下り終えると、そこは広場だった。中央に何かが備え付けられているようだが、前に見た広場では無い。	disk08/ﾋﾛﾊﾞ.png		KO	비탈길을 다 내려오니, 탁 트인 광장이 나타났다. 광장 한가운데 무언가가 설치되어 있었지만, 아까 전 그 광장은 아니었다.
disk08	NO10	1780	1	デビッド「ここにも何かあるぞ・・・また、火あぶりなんだろうか？・・・」	disk08/ﾋﾛﾊﾞ.png		KO	데이비드: 여기도 뭔가가 있어... 또 화형대 같은 건가?
disk08	NO10	1790	2	良く見ると広場の中央に備えられているのは、処刑に使うギロチンが建っている。	disk08/ﾋﾛﾊﾞ.png		KO	자세히 살펴보니, 광장 한복판에는 처형에 사용하는 단두대가 세워져 있었다.
disk08	NO10	1800	3	デビッド「ギ、ギロチン！？・・・人がいないが、だれが殺されるんだろうか？・・・」	disk08/ﾋﾛﾊﾞ.png		KO	데이비드: 처, 처형대...!? 아무도 없는데, 대체 누가 여기서 처형당하는 거지?
disk08	NO10	1810	4	「それはおまえだ！！」デビッドのすぐ後ろで男が答えた。	disk08/ﾋﾛﾊﾞ.png		KO	"""바로 너다!!""
데이비드 바로 뒤에서 굵직한 목소리가 들려왔다."
disk08	NO10	1820	5	デビッドは驚いて振り返った・・・そこには黒い衣をまとった司祭が立っていた。	disk08/ﾎﾞｸｼ.png		KO	데이비드는 깜짝 놀라 뒤를 돌아보니... 그곳에는 검은 옷을 입은 사제가 서 있었다.
disk08	NO10	1830	6	デビッド「い、いつのまに！？・・・お前は誰だ！」	disk08/ﾎﾞｸｼ.png		KO	데이비드: 어, 언제부터!? ...넌 대체 누구야!
disk08	NO10	1840	7	司祭「魔道の者よ、こよい　おまえは神の名の元に裁かれるのだ」	disk08/ﾎﾞｸｼ.png		KO	사제: 마도의 무리여, 오늘 밤 넌 신의 이름으로 심판을 받을 것이다.
disk08	NO10	1850	8	司祭「なぜだと？　・・・それは、おまえがよく知っているはずだ！！」	disk08/ﾎﾞｸｼ.png		KO	사제: 왜냐고? ...그것은 네가 잘 알고 있을 텐데!!
disk08	NO10	1860	9	突然、闇の中から民衆が現われた・・・だんだん近づいてくる。	disk08/ｸﾞﾝG.png		KO	갑자기 어둠 속에서 사람들이 튀어나와... 서서히 다가왔다.
disk08	NO10	1870	10	デビッド「大勢の民衆が近づいてくる！・・・なぜ俺がここで死ななければ？・・・これは夢だ！　夢なら覚めてくれ！！」	disk08/ｸﾞﾝG.png		KO	데이비드: 사람들이 포위하고 있어! ...왜 내가 여기서 죽어야만 하지? ...이건 꿈이야! 꿈이라면 제발 깨어나게 해줘!!
disk08	NO10	1880	11	・・・絶体絶命だ。その時、突然デビッドの体の中に異変が起きた・・・	disk08/ｸﾞﾝG.png		KO	...절체절명의 위기였다. 바로 그때, 데이비드의 몸에서 기괴한 변화가 일어났다...
disk08	NO10	1890	12	デビッド「ウワァ－！　あ、頭が・・・頭が痛い！！・・・身体が・・・身体が熱くて燃えそうだ！！・・・」	disk08/ｸﾙｼﾑ.png		KO	데이비드: 으아아! 머, 머리가... 머리가 아파!! ...몸이... 몸이 뜨거워서 타버릴 것 같아...!!
disk08	NO10	1900	13	デビッドの体の中で何かが爆発した・・・・その時、解放された快感が襲い意識が遠退いていくのを感じた。	disk08/ｸﾙｼﾑ.png		KO	데이비드의 몸속에서 무언가가 폭발했다... 그 순간, 해방된 쾌감이 밀려오며 의식이 아득해지기 시작했다.
disk08	NO10	1920	14	わずかに残された意識の中で、デビッドは見た。司祭をはがい絞めにした男を・・・。	disk08/ｸﾋﾞｼ.png		KO	간신히 의식을 유지하는 데이비드의 눈에 사제를 목 졸라 제압하는 남자가 들어왔다...
disk08	NO10	1925	15	その男は司祭の首を捕まえ、はがい絞めにしてギロチン台の方にひきずって行く。　その男は自分である筈のデビッドの姿をしている。これは夢か？	disk08/ｸﾋﾞｼ.png		KO	"그 남자는 사제의 목덜미를 움켜잡고 단두대로 끌고 갔다. 그 남자는 다름 아닌 바로 데이비드 자신이었다.
꿈인가?"
disk08	NO10	1930	16	司祭「グワァ－！！　や、やめてくれー！！」	disk08/ﾎﾞUP.png		KO	사제: 안 돼에에! 그, 그만둬!!
disk08	NO10	1935	17	デビッドは、司祭を倒し喉に手をやり首かせへと押して行く。	disk08/ﾎﾞUP.png		KO	데이비드는 사제를 쓰러뜨려 목을 목틀에 밀어 넣었다.
disk08	NO10	1940	18	デビッドは司祭の首をギロチン台の首かせにはめた。	disk08/ｸﾋﾞ1.png		KO	데이비드는 사제의 목을 목고리에 고정시켰다.
disk08	NO10	1950	19	デビッド「フッフフフ・・・」	disk08/ｸﾋﾞ1.png		KO	데이비드: 흐흐흐...
disk08	NO10	1960	20	デビッドは、司祭の恐怖で引きつっている顔を見て笑っている。	disk08/ｸﾋﾞ1.png		KO	데이비드는 사제의 공포로 일그러진 얼굴을 보고 웃고 있었다.
disk08	NO10	1970	21	ギロチンの刃が音をたてて落ちる。	disk08/ｷﾞ1.png		KO	단두대의 칼날이 굉음을 내며 떨어졌다.
disk08	NO10	9910	48	デビッド「ウワァッ！！・・・・、ハァ、ハァ・・」	main/MEU4.png		KO	데이비드: 으아악!! ...하아, 하아...
disk08	NO11	500	0	アンドリュ－が話す。	main/MEU4.png		KO	앤드류가 말한다.
disk08	NO11	500	1	マ－チンが話す。	main/MEU4.png		KO	마틴이 말한다.
disk08	NO11	500	2	デビッドが話す。	main/MEU4.png		KO	데이비드가 말한다.
disk08	NO11	500	3	スシャ－ナが話す。	main/MEU4.png		KO	수잔나가 말한다.
disk08	NO11	500	4	アランが話す。	main/MEU4.png		KO	앨런이 말한다.
disk08	NO11	500	5	外の景色を見る。	main/MEU4.png		KO	밖의 경치를 구경한다.
disk08	NO11	1000	6	デビッドは、司祭の首が飛んだ瞬間、意識が混乱し恐怖と息苦しさに悶え、眼を見開いた。	main/MEU4.png		KO	데이비드는 사제의 목이 날아간 순간, 극심한 혼란으로 치밀어 오르는 공포와 숨 가쁨에 몸부림치며 눈을 번쩍 떴다.
disk08	NO11	1010	7	デビッド「ハァハァハァ・・・夢か・・・」	disk08/OKIL.png		KO	데이비드: 하아, 하아, 하아... 꿈인가...
disk08	NO11	1015	8	デビッド「今度は、処刑される女・・・ギロチン・・・それに、もう一人の自分・・・気が狂いそうだ・・・」	disk08/OKIL.png		KO	데이비드: 이번엔 화형당하는 여자에... 단두대... 게다가 또 다른 나까지... 이러다 정말 미쳐버릴지도 몰라...
disk08	NO11	1020	9	乱れた意識が戻り、その眼に写ったのは、ホテルの部屋の模様だった。	disk08/ﾍﾔﾅｶ.png		KO	흩어졌던 정신이 서서히 돌아오자, 그의 눈에 들어온 것은 호텔 방의 벽무늬였다.
disk08	NO11	1030	10	デビッドは寝汗に濡れたパジャマでベッドの上にいる。今までの事が夢だと知り、新たな恐怖を感じている。	disk08/ﾍﾔﾅｶ.png		KO	데이비드는 땀에 젖은 잠옷 차림으로 침대에 누워 있었다. 그는 지금까지의 일이 꿈이었다는 사실을 깨닫고 새로운 공포를 느꼈다.
disk08	NO11	1040	11	デビッドはベッドから起き上がり時計を見た。	disk08/ﾍﾔﾅｶ.png		KO	데이비드는 침대에서 일어나 시계를 봤다.
disk08	NO11	1050	12	デビッド「まだ午前３時か・・・ちくしょう。パリに来てまで夢がつきまとうのか・・・」	disk08/ﾎﾞｹ3.png		KO	데이비드: 아직 새벽 3시인가... 젠장, 파리까지 와서도 악몽에 시달려야 하다니...
disk08	NO11	1060	13	夢を見た為か、なんだか身体がだるい・・・このままでは、睡眠不足になってしまう。	disk08/ﾎﾞｹ3.png		KO	악몽 탓인지, 왠지 몸이 나른해... 이대로라면 수면 부족에 시달리게 될 거야.
disk08	NO11	1070	14	デビッドはク－ラ－・ボックスからビ－ルを一缶取り出し一気に飲み干し、ふたたびベッドにもぐりこんだ。	disk08/ﾍﾔﾅｶ.png		KO	데이비드는 냉장고에서 맥주 한 캔을 꺼내 단숨에 들이키고, 다시 침대 속으로 파고들었다.
disk08	NO11	1090	15	翌朝、ＴＶを見ていたデビッドは声が出るほど驚き、鳥肌が走るのを感じた。	disk08/ｱｻﾍﾔ.png		KO	다음 날 아침, TV를 보고 있던 데이비드는 소리 지를 만큼 깜짝 놀라 온몬에 소름이 돋았다.
disk08	NO11	2010	16	ＴＶのニュ－スで、ル－アンのノ－トルダム寺院の前で修道僧の首無し死体が発見され、	disk08/ﾉｰﾄﾙ.png		KO	TV 뉴스에서 루앙의 노트르담 대성당 앞에서 한 수도사의 목이 잘린 시신이 발견되었고,
disk08	NO11	2020	17	その修道僧の首が［ル－アンの大時計］の長針に突き刺さっているのが発見されたと報道していた。	disk08/ﾄｹｲ1.png		KO	그 잘린 목이 `루앙의 대시계'의 분침에 꽂혀 있었다고 보도하고 있었다.
disk08	NO11	2030	18	大時計の針は３時を指し止まっている。	disk08/ﾄｹｲ2.png		KO	시계탑의 시침은 3시를 가리킨 채 멈춰 있었다.
disk08	NO11	2040	19	・・・ル－アンはジャンヌ・ダルクが火刑にされた街として知られている。	disk08/ﾄｹｲ5.png		KO	...루앙은 잔 다르크가 화형당한 곳으로 알려진 유명한 거리다.
disk08	NO11	2045	20	デビッドは夢の続きを見ているような気がした。	disk08/ﾄｹｲ5.png		KO	데이비드는 마치 공포 영화의 속편을 보고 있는 듯한 기분이 들었다.
disk08	NO11	2060	21	・・・デビッド達［エレノ・ヴィジョン］の一行はホテルを出て貸し切ったバスに向かった・・・。	disk08/ﾋﾙｿﾄ.png		KO	...`엘레노 비전' 멤버들은 호텔을 나와 전세 버스로 향했다...
disk08	NO11	2065	22	・・・バスは最初のコンサ－ト場［カルナック］を目指してひた走っている・・・。	disk08/ﾊﾞｽ1.png		KO	...버스는 첫 번째 공연장 `카르낙'을 목표로 거침없이 질주했다...
disk08	NO11	2070	23	バスは世界的に有名なカ－レ－スが開催される町［ル・マン］を通過し、ブルタ－ニュ地方の玄関口である［レンヌ］の町に入ろうとしている・・・。	disk08/ﾊﾞｽ1.png		KO	버스는 세계적인 자동차 경주 대회로 유명한 도시 `르망'을 지나, 브르타뉴 지방의 관문인 `렌'으로 들어서려 하고 있었다.
disk08	NO11	2080	24	退屈なバスの旅をまぎらわす為、みんなはカ－ドゲ－ムに興じていた。	disk08/ﾊﾞｽ1.png		KO	지루한 버스 여행을 달래기 위해, 모두가 카드 게임에 열중하고 있었다.
disk08	NO11	2090	25	アンドリュ－「どうだ！　９のスリ－カ－ド！！」	disk08/3ｶｰﾄ.png	main/andL.png	KO	앤드류: 앗싸! 9 쓰리 카드다!!
disk08	NO11	2095	26	アンドリュ－「げっ！　やられた。スシャ－ナとアランも、もったいつけずに見せてくれよ」	disk08/3ｶｰﾄ.png	main/andL.png	KO	앤드류: 켁! 당했다! 수잔나랑 앨런도 빼지 좀 말고 빨리 카드나 까라고.
disk08	NO11	2100	27	マ－チン「えっと、・・・フルハウス」	disk08/2.3.png	main/marL.png	KO	마틴: 난 뭐... 풀하우스지.
disk08	NO11	2110	28	デビッド「・・・スペ－ドのフラッシュ・・・」	disk08/ﾌﾙﾊｳ.png	main/davL.png	KO	데이비드: ...스페이드 플러쉬...
disk08	NO11	2120	29	スシャ－ナ「だめだわ。クィ－ンと６のツ－ペア」	disk08/2ﾍﾟｱ.png	main/linR.png	KO	수잔나: 망했네요. 퀸과 6 투페어예요.
disk08	NO11	2130	30	アラン「エヘヘヘ・・・やったね！　ストレ－ト・フラッシュで勝った！！」	disk08/STﾌﾙ.png	main/alnL.png	KO	앨런: 헤헤헤... 내가 이겼네? 난 스트레이트 플러쉬야!
disk08	NO11	2131	31	アンドリュ－「ストレ－ト・フラッシュ！？　出来過ぎだ・・・」	disk08/STﾌﾙ.png	main/andL.png	KO	앤드류: A 스플이라고!? 끝발 오지는구만...
disk08	NO11	2140	32	アンドリュ－「また、アランか・・・賭ると強いな、イカサマしてるんじゃないのか？」	disk08/ﾊﾞｽ2.png	main/andL.png	KO	앤드류: 또 앨런이야? 판돈만 걸리면 다 이겨버리니, 혹시 사기친 거 아니지?
disk08	NO11	2141	33	アラン「アンドリュ－、負け惜しみを言っては困る。実力の違いだぜ」	disk08/ﾊﾞｽ2.png	main/alnL.png	KO	앨런: 앤드류, 삐딱한 소리 좀 그만해. 그냥 실력 차이야.
disk08	NO11	2160	34	アンドリュ－「くそっ！　この次は勝ってみせる！！」	disk08/ﾊﾞｽ2.png	main/andL.png	KO	앤드류: 제길! 다음 판엔 꼭 이겨주겠어!
disk08	NO11	2170	35	マ－チン「ハハハ・・・こんどはスシャ－ナが一番負けだから、早くカ－ドを配ってよ」	disk08/ﾊﾞｽ2.png	main/marL.png	KO	마틴: 하하하... 수잔나가 꼴찌였으니까, 빨리 카드를 돌려줘.
disk08	NO11	2180	36	スシャ－ナ「はい！」	disk08/ﾊﾞｽ2.png	main/linR.png	KO	수잔나: 네!
disk08	NO11	2190	37	デビッド「・・・俺は抜けるから配らなくていいよ・・・」	disk08/ﾊﾞｽ2.png	main/davL.png	KO	데이비드: ...난 빠질 테니까 안 줘도 돼.
disk08	NO11	2200	38	デビッドは、修道僧の殺され方が夢の続きを見ているようで、ゲ－ムに熱中できない。	disk08/ﾊﾞｽ2.png	main/davL.png	KO	데이비드는 수도사가 살해당한 사건이 머릿속에 맴돌아 게임에 집중할 수가 없었다.
disk08	NO11	3000	40	ＣＤ－ＲＯＭよりＤＡＴＡの読み込みを始めます。ＨＩＴ　ＡＮＹ　ＫＥＹ	disk08/ﾊﾞｽ2.png	main/davL.png	KO	CD-ROM에서 데이터 읽습니다. 아무 키나 눌러주세요.
disk08	NO11	3010	41	　　　　　　　　ＣＤ－ＲＯＭよりＤＡＴＡを読み込み中	disk08/ﾊﾞｽ2.png	main/davL.png	KO	데이터를 읽는 중...
disk08	NO11	10000	83	ＤＡＴＡをＳＡＶＥしますか？　Ｙ／Ｎ	disk08/ﾊﾞｽ2.png	main/davL.png	KO	
disk08	NO11	10040	89	ドライブ１に、ＳＡＶＥ・ディスクを入れて下さい。	disk08/ﾊﾞｽ2.png	main/davL.png	KO	
disk08	NO11	10070	91	ドライブ１のディスクが違います。	disk08/ﾊﾞｽ2.png	main/davL.png	KO	드라이브 1의 디스크가 다릅니다.
disk08	NO11	10110	92	ＳＡＶＥしました。ドライブ１のディスクに、ＭＡＩＮディスクを入れて下さい。	disk08/ﾊﾞｽ2.png	main/davL.png	KO	
disk08	NO11	10150	94	ドライブ１のディスクが違います。	disk08/ﾊﾞｽ2.png	main/davL.png	KO	드라이브 1의 디스크가 다릅니다.
disk09	NO12	500	0	アンドリュ－が話す。			KO	앤드류가 말한다.
disk09	NO12	500	1	マ－チンが話す。			KO	마틴이 말한다.
disk09	NO12	500	2	デビッドが話す。			KO	데이비드가 말한다.
disk09	NO12	500	3	スシャ－ナが話す。			KO	수잔나가 말한다.
disk09	NO12	500	4	アランが話す。			KO	앨런이 말한다.
disk09	NO12	500	5	外の景色を見る。			KO	밖의 풍경을 구경한다.
disk09	NO12	2220	6	デビッドはカ－ドゲ－ムをやめて外の風景を見ていると、スシャ－ナが、心配そうに話かけてきた。	disk09/ｸﾓD.png		KO	데이비드가 카드 게임을 그만두고 밖의 풍경을 바라보고 있자, 수잔나가 걱정스러운 얼굴로 말을 걸어왔다.
disk09	NO12	2240	7	スシャ－ナ「・・・どうしたの、デビッド。暗いじゃない」	disk09/ｸﾓD.png	main/linR.png	KO	수잔나: ...왜 그래, 데이비드? 표정이 어두워요.
disk09	NO12	2250	8	デビッド「あ、いや、何でもないよ。チョット夢見が悪くて・・・ハハハ・・・」	disk09/ｸﾓD.png	main/davL.png	KO	데이비드: 아, 그냥 별거 아니야. 악몽을 좀 꿔서... 하하하...
disk09	NO12	2260	9	デビッドは無理して笑って見せる・・・。	disk09/ｸﾓD.png	main/davL.png	KO	데이비드는 애써 웃어 보였다...
disk09	NO12	2265	10	スシャ－ナ「一人で悩むなんて、私に話してくださる？」	disk09/ｸﾓD.png	main/linR.png	KO	수잔나: 혼자 끙끙 앓지 말고 나한테 얘기해 줄래요?
disk09	NO12	2270	11	スシャ－ナ「顔色が悪いわ。一体どんな夢を見たの？」	disk09/ｸﾓD.png	main/linR.png	KO	수잔나: 안색이 안 좋은데, 대체 무슨 꿈을 꾼 거예요?
disk09	NO12	2280	12	スシャ－ナは好奇心と心配のいり混じった目でデビッドを見ている。	disk09/ｸﾓD.png	main/linR.png	KO	수잔나는 호기심과 걱정이 뒤섞인 눈빛으로 데이비드를 바라봤다.
disk09	NO12	2285	13	バスは草原を走っている。デビッドは、誰かに話せば少しは気が楽になるように思えたので、夢の出来事を最初から話しだした。	disk09/ﾊﾞｽ4.png	main/davL.png	KO	버스는 초원을 달리고 있었다. 데이비드는 누군가에게 털어놓으면 마음이 조금은 편해질 것 같아, 꿈에서 겪은 일을 처음부터 이야기하기 시작했다.
disk09	NO12	2286	14	いつの間にかデビッドの夢の話にメンバ－達もゲ－ムを忘れ聞きいっている。	disk09/ﾊﾞｽ4.png	main/davL.png	KO	어느새 멤버들도 게임을 멈추고 데이비드의 꿈 이야기에 빠져들었다.
disk09	NO12	2300	15	アンドリュ－「そいつは確かにうなされるぜ」	disk09/ﾊﾞｽ4.png	main/andL.png	KO	앤드류: 그런 꿈이라면 가위에 눌릴 만하네.
disk09	NO12	2310	16	マ－チン「クレアの事が原因じゃないかな・・・元気だせよ、デビッド」	disk09/ﾊﾞｽ4.png	main/marL.png	KO	마틴: 클레어 때문에 그런 거 아닐까... 기운 내, 데이비드.
disk09	NO12	2320	17	スシャ－ナ「そういえば今朝ニュ－スでイヤな事件を報道していたわ。なんでもル－アンで僧侶が殺されてたそうよ」	disk09/ﾊﾞｽ4.png	main/linR.png	KO	수잔나: 그러고 보니 아침 뉴스에서 끔찍한 사건을 보도했어요. 루앙에서 수도사가 살해당했나 봐요.
disk09	NO12	2330	18	アラン「本当かい！？　もしかしたら、デビッドの夢は予知夢なのかもな」	disk09/ﾊﾞｽ4.png	main/alnL.png	KO	앨런: 정말이야!? 어쩌면 데이비드의 꿈이 예지몽일지도 몰라.
disk09	NO12	2340	19	・・・メンバ－のみんなは、それぞれ勝手なこと言っている。	disk09/ﾊﾞｽ4.png	main/alnL.png	KO	...멤버들은 저마다 한마디씩 자기 생각을 늘어놓았다.
disk09	NO12	2360	20	デビッドは、みんなの見解を上の空で聞きながら窓から外の景色を見た・・・。	disk09/ｸﾓD.png	main/alnL.png	KO	데이비드는 그런 헛소리를 건성으로 흘려들으며 다시 창밖을 바라보았다...
disk09	NO12	2370	21	デビッド「んっ？・・・何だ！？・・・」	disk09/ｸﾓD.png	main/alnL.png	KO	데이비드: 응...? ...뭐지...!?
disk09	NO12	2380	22	後から白馬にまたがった白い騎士が追いかけて来るのが見えた・・・ような気がした。	disk09/ｳﾏ.png	main/alnL.png	KO	뒤쪽에서 백마 탄 백기사가 버스를 쫓아오는 모습을... 본 것 같았다.
disk09	NO12	2390	23	デビッドは思った。「・・・馬の上に白騎士？　まさか！？・・・透けている、幽霊！？・・・」	disk09/ｳﾏ.png	main/davL.png	KO	"데이비드는 생각했다.
""...백마 탄 기사? 설마...!? 몸이 투명해... 유령인가...!?"""
disk09	NO12	2400	24	デビッドはあわてて振り向いたが、後には白い騎士ではなく車が走っていた。	disk09/ﾊﾞｽ2.png	main/davL.png	KO	데이비드가 황급히 뒤돌아봤지만, 그곳에는 백기사 대신 차가 달리고 있었다.
disk09	NO12	2410	25	デビッドは、つぶやくように思った。「車！？・・・幻覚か」	disk09/ﾊﾞｽ2.png	main/davL.png	KO	"데이비드는 자신도 모르게 중얼거렸다.
""차...? 환각이었나..."""
disk09	NO12	2420	26	スシャ－ナ「デビッド何か言った？　そんなに驚いた顔をして、何かあったの？」	disk09/ﾊﾞｽ2.png	main/linR.png	KO	수잔나: 데이비드, 뭐라고 했어요? 그렇게 놀란 표정으로, 무슨 문제라도 있나요?
disk09	NO12	2425	27	スシャ－ナはデビッドが、「車・・・幻覚か・・・」と、つぶやいたように聞こえた。	disk09/ﾊﾞｽ2.png	main/linR.png	KO	수잔나는 데이비드가 `차...? 환각이었나...'라고 중얼거리는 것을 들은 듯했다.
disk09	NO12	2430	28	デビッド「いや、なんでもない・・・マ－チンの言うとおり、クレアの事で少し疲れたみたいだ・・・」	disk09/ﾊﾞｽ2.png	main/davL.png	KO	데이비드: 아니야, 아무것도... 마틴 말대로 클레어 때문에 내가 좀 예민해졌나 봐...
disk09	NO12	2440	29	スシャ－ナ「カルナックまでまだあるわ。大丈夫？」	disk09/ﾊﾞｽ2.png	main/linR.png	KO	수잔나: 카르낙까지 아직 멀었는데, 괜찮겠어요?
disk09	NO12	2450	30	デビッド「心配しなくても大丈夫だ。少し休めば元に戻れるさ」	disk09/ﾊﾞｽ2.png	main/davL.png	KO	데이비드: 걱정하지 않아도 돼. 조금만 쉬면 괜찮아질 거야.
disk09	NO12	2460	31	アンドリュ－「スシャ－ナ！！　デビッドは疲れているから一人にしてやれ、俺達はゲ－ムを続けよう。早くカ－ドを配れよ」	disk09/ﾊﾞｽ2.png	main/andL.png	KO	앤드류: 수잔나!! 데이비드는 피곤하다잖아, 혼자 쉬게 냅둬. 게임이나 계속하게 빨리 카드 좀 돌려줘.
disk09	NO12	2470	32	スシャ－ナ「はいはい、わかりました」	disk09/ﾊﾞｽ2.png	main/linR.png	KO	수잔나: 네, 알겠어요.
disk09	NO12	2480	33	メンバ－達の乗ったバスは目的地カルナックえと走りつづけた。	disk09/ﾊﾞｽ3.png	main/linR.png	KO	멤버들을 태운 버스는 목적지 카르낙을 향해 계속 달려나갔다.
disk09	NO12	2490	34	デビッドが見た車には、探偵のクラ－クとヴィンスが乗っている。	disk09/Kｳｼﾛ.png	main/linR.png	KO	데이비드가 본 차에는 탐정 클라크와 빈스가 타고 있다.
disk09	NO12	2491	35	クラ－クが話す。	disk09/Kﾏｴ.png	main/linR.png	KO	클라크가 말한다.
disk09	NO12	2491	36	ヴインスが話す。	disk09/Kﾏｴ.png	main/linR.png	KO	빈스가 말한다.
disk09	NO12	2500	37	ヴィンス「所長、今朝のニュ－ス見ましたか？」	disk09/Kﾏｴ.png	main/ｳｲﾝｽ.png	KO	빈스: 소장님, 아침 뉴스 보셨어요?
disk09	NO12	2510	38	クラ－ク「あぁ、フランスもなかなか物騒だな」	disk09/Kﾏｴ.png	main/ｸﾗｰｸ.png	KO	클라크: 그래, 프랑스도 꽤나 흉흉하더군.
disk09	NO12	2515	39	クラ－ク「奴等の目的地は［カルナック］だ」	disk09/Kﾏｴ.png	main/ｸﾗｰｸ.png	KO	클라크: 녀석들의 목적지는 `카르낙'이네.
disk09	NO12	2520	40	ヴィンス「あの事件、エレノヴィジョン達と何か関係あるんじゃないですか？　あの連中の近くで、やたらと人が死ぬなんて」	disk09/Kﾏｴ.png	main/ｳｲﾝｽ.png	KO	빈스: 그 사건도 엘레노 비전 녀석들과 뭔가 관련 있는 것 아닐까요? 그 녀석들 주변에선 이상할 정도로 사람이 자꾸 죽잖습니까.
disk09	NO12	2530	41	クラ－ク「さあな。　ル－アンは逆方向だし、奴等に僧侶は向いて無いさ」	disk09/Kﾏｴ.png	main/ｸﾗｰｸ.png	KO	클라크: 글쎄, 루앙은 가는 방향부터 반대네. 게다가 놈들이 수도사를 노릴 이유도 없고.
disk09	NO12	2540	42	クラ－クは関係なしと見ているようだ・・・。	disk09/Kﾏｴ.png	main/ｸﾗｰｸ.png	KO	클라크는 그 사건이 무관하다고 판단하는 듯했다...
disk09	NO12	2550	43	一行はフランスの秘境ブルタ－ニュを知るうえで通り過ごせない町［ヴァンヌ］を通過し、ツア－目的地である［カルナック］についた。	disk09/ｶﾙﾅ.png	main/ｸﾗｰｸ.png	KO	멤버들은 프랑스의 비경 브르타뉴를 이해하려면 빼놓을 수 없는 도시 `반'을 지나, 투어의 목적지 `카르낙'에 도착했다.
disk09	NO12	2560	44	カルナックには、先史時代のメンヒルが多数存在する。その巨石群の中に設けられた特設ステ－ジで今夜、ヨ－ロッパツア－が幕を開ける。	disk09/ｶﾙﾅ.png	main/ｸﾗｰｸ.png	KO	카르낙엔 선사 시대에 세워진 수많은 선돌이 남아 있었다. 그 거석군 한가운데 마련된 특설 무대에서 유럽 투어의 막이 올랐다.
disk09	NO12	10000	83	ＤＡＴＡをＳＡＶＥしますか？　Ｙ／Ｎ	disk09/ｶﾙﾅ.png	main/ｸﾗｰｸ.png	KO	
disk09	NO12	10040	89	ドライブ１に、ＳＡＶＥ・ディスクを入れて下さい。	disk09/ｶﾙﾅ.png	main/ｸﾗｰｸ.png	KO	
disk09	NO12	10070	91	ドライブ１のディスクが違います。	disk09/ｶﾙﾅ.png	main/ｸﾗｰｸ.png	KO	드라이브 1의 디스크가 다릅니다.
disk09	NO12	10110	92	ＳＡＶＥしました。ドライブ１のディスクに、ＭＡＩＮディスクを入れて下さい。	disk09/ｶﾙﾅ.png	main/ｸﾗｰｸ.png	KO	
disk09	NO12	10150	94	ドライブ１のディスクが違います。	disk09/ｶﾙﾅ.png	main/ｸﾗｰｸ.png	KO	드라이브 1의 디스크가 다릅니다.
disk09	NO13	500	0	アンドリュ－が話す。	disk09/ｶﾙﾅ.png	main/ｸﾗｰｸ.png	KO	앤드류가 말한다.
disk09	NO13	500	1	マ－チンが話す。	disk09/ｶﾙﾅ.png	main/ｸﾗｰｸ.png	KO	마틴이 말한다.
disk09	NO13	500	2	デビッドが話す。	disk09/ｶﾙﾅ.png	main/ｸﾗｰｸ.png	KO	데이비드가 말한다.
disk09	NO13	500	3	スシャ－ナが話す。	disk09/ｶﾙﾅ.png	main/ｸﾗｰｸ.png	KO	수잔나가 말한다.
disk09	NO13	500	4	アランが話す。	disk09/ｶﾙﾅ.png	main/ｸﾗｰｸ.png	KO	앨런이 말한다.
disk09	NO13	500	5	外の景色を見る。	disk09/ｶﾙﾅ.png	main/ｸﾗｰｸ.png	KO	밖의 풍경을 구경한다.
disk09	NO13	1300	6	一行はヴァンヌのホテル［Ａｎｎｅ　ｄｅ　Ｂｒｅｔａｇｎｅ］に直行した・・・	disk09/ﾎﾃﾙK.png	main/ｸﾗｰｸ.png	KO	멤버들은 곧장 반의 호텔 `Anne de Bretagne'로 향했다...
disk09	NO13	1305	7	ホテルの一室を借りきつてメンバ－達は、コンサ－トの成功を祝って、祝杯をあげている。	disk09/ｼﾕﾍﾔ.png	main/ｸﾗｰｸ.png	KO	멤버들은 호텔 객실 하나를 통째로 빌려, 공연 성공을 자축하며 축배를 들었다.
disk09	NO13	1310	8	メンバ－はまだ興奮醒めやらずといったふうである・・・	disk09/ｼﾕﾍﾔ.png	main/ｸﾗｰｸ.png	KO	그들은 아직도 흥분이 가시지 않은 듯했다...
disk09	NO13	1320	9	スシャ－ナ「みなさん、お疲れさま。ステ－ジ、すばらしかったわ！！」	disk09/ｼﾕﾍﾔ.png	main/linR.png	KO	수잔나: 여러분, 수고 많으셨어요. 정말 훌륭한 공연이었어요!!
disk09	NO13	1420	10	マ－チン「本当に最高のステ－ジだったよ」	disk09/ｼﾕﾍﾔ.png	main/marL.png	KO	마틴: 정말 최고의 무대였어.
disk09	NO13	1430	11	・・・マ－チンも上機嫌でビ－ルを流しこんでいる。	disk09/ｼﾕﾍﾔ.png	main/marL.png	KO	...마틴도 잔뜩 신이 나서 맥주를 들이붓고 있었다.
disk09	NO13	1440	12	アラン「しかし、最初からこんなに飛ばして大丈夫かなぁ」	disk09/ｼﾕﾍﾔ.png	main/alnL.png	KO	앨런: 그래도 첫날부터 이렇게 무리해도 괜찮을까?
disk09	NO13	1450	13	・・・アランが心にも無いことをいう。	disk09/ｼﾕﾍﾔ.png	main/alnL.png	KO	...앨런은 마음에도 없는 말을 늘어놓았다.
disk09	NO13	1460	14	アンドリュ－「アラン、大丈夫だよ。この調子で明日もガンガンいこうぜ！！」	disk09/ｼﾕﾍﾔ.png	main/andL.png	KO	앤드류: 앨런, 걱정 마! 이 기세 그대로 내일도 신나게 달려 보자고!!
disk09	NO13	1465	15	デビッド「俺も最高だ！　夢の事など忘れてしまった。」	disk09/ｼﾕﾍﾔ.png	main/davL.png	KO	데이비드: 나도 최고였어! 악몽 같은 건 생각나지도 않을 정도야.
disk09	NO13	1470	16	デビッド「今夜は、さすがにヘトヘトだ。俺、先に休むよ。これだけ疲れていれば、夢を見る事もないだろう・・・」	disk09/ｼﾕﾍﾔ.png	main/davL.png	KO	데이비드: 오늘은 정말 녹초가 됐어. 먼저 들어가 쉴게. 이 정도로 피곤하면 악몽도 안 꾸겠지...
disk09	NO13	1480	17	アンドリュ－「あぁ、どうぞ、どうぞ、ぐっすりと寝てください。俺も部屋に戻って、ベッドで横になろうかな、疲れがでてきたよ」	disk09/ｼﾕﾍﾔ.png	main/andL.png	KO	앤드류: 아, 그래 그래. 가서 푹 쉬어. 나도 슬슬 방에 가서 침대에 누워야겠어. 슬슬 피곤해지네.
disk09	NO13	1490	18	スシャ－ナ「デビッド、おやすみなさい・・・」	disk09/ｼﾕﾍﾔ.png	main/linR.png	KO	수잔나: 데이비드, 잘 자요...
disk09	NO13	1500	19	デビッド「おやすみ・・・」	disk09/ｼﾕﾍﾔ.png	main/davL.png	KO	데이비드: 수잔나도 잘 자...
disk09	NO13	1510	20	ツア－最初のコンサ－トは、いつもへとへとに疲れてしまう。全員それぞれの部屋に引き上げて行く・・・	disk09/ｼﾕﾍﾔ.png	main/davL.png	KO	투어 첫 공연은 언제나 온몸이 녹초가 될 만큼 힘들었다. 모두 각자의 방으로 돌아갔다...
disk09	NO13	3000	21	ＣＤ－ＲＯＭよりＤＡＴＡの読み込みを始めます。ＨＩＴ　ＡＮＹ　ＫＥＹ	disk09/ｼﾕﾍﾔ.png	main/davL.png	KO	CD-ROM에서 데이터 읽습니다. 아무 키나 눌러주세요.
disk09	NO13	3010	22	　　　　　　　　ＣＤ－ＲＯＭよりＤＡＴＡを読み込み中	disk09/ｼﾕﾍﾔ.png	main/davL.png	KO	데이터를 읽는 중...
disk09	NO13	10000	42	ＤＡＴＡをＳＡＶＥしますか？　Ｙ／Ｎ	disk09/ｼﾕﾍﾔ.png	main/davL.png	KO	
disk09	NO13	10040	48	ドライブ１に、ＳＡＶＥ・ディスクを入れて下さい。	disk09/ｼﾕﾍﾔ.png	main/davL.png	KO	
disk09	NO13	10070	50	ドライブ１のディスクが違います。	disk09/ｼﾕﾍﾔ.png	main/davL.png	KO	드라이브 1의 디스크가 다릅니다.
disk09	NO13	10110	51	ＳＡＶＥしました。ドライブ１のディスクに、ＭＡＩＮディスクを入れて下さい。	disk09/ｼﾕﾍﾔ.png	main/davL.png	KO	
disk09	NO13	10150	53	ドライブ１のディスクが違います。	disk09/ｼﾕﾍﾔ.png	main/davL.png	KO	드라이브 1의 디스크가 다릅니다.
disk09	LIV1	3000	59	      E l e n o  V i s i o n	disk09/STG5.png	main/davL.png	KO	Eleno Vision
disk09	LIV1	3005	60	                   G e t ･ G e t ･ G e t	disk09/STG5.png	main/davL.png	KO	Get Get Get
disk09	LIV1	3010	61	S h e  m a d e  a  g e s t u r e	disk09/STG5.png	main/davL.png	KO	She made a gesture
disk09	LIV1	3015	62	                       o f  i m p e t i e n c e .	disk09/STG5.png	main/davL.png	KO	of impatience.
disk09	LIV1	3020	63	    A n d  g l o o m y  s i g h  f o r  m e .	disk09/STG5.png	main/davL.png	KO	And sighed gloomily at me.
disk09	LIV1	3030	65	S h e   s a i d .  C r i m   t o   h a v e	disk09/STG5.png	main/davL.png	KO	She said, it's a crime to have
disk09	LIV1	3035	66	            t o   w o r k  s o  h a r d   y o u .	disk09/STG5.png	main/davL.png	KO	to work so hard.
disk09	LIV1	3040	67	L o o k  l i k e	disk09/STG5.png	main/davL.png	KO	It doesn't look
disk09	LIV1	3045	68	                p r e a u r e  a t  a l l .	disk09/STG5.png	main/davL.png	KO	fun at all.
disk09	LIV1	3050	69	I  t h i n k  s o  b u t  l o u g h  a g a i n.	disk09/STG5.png	main/davL.png	KO	I think so too, but I just laugh it off.
disk09	LIV1	3060	71	     I'm  a  p u p p e t  o f  s o c i e t y .	disk09/STG5.png	main/davL.png	KO	I'm a puppet of society.
disk09	LIV1	3070	73	   J u s t   o n l y  d a n c i n g  t o d a y .	disk09/STG5.png	main/davL.png	KO	I'm just going to dance today.
disk09	LIV1	3080	75	I  w o n t  t o  s o m e t h i n g	disk09/STG5.png	main/davL.png	KO	I want to do something different
disk09	LIV1	3085	76	                           d a y  b y  d a y .	disk09/STG5.png	main/davL.png	KO	each and every day.
disk09	LIV1	3090	77	S h e  m a k e  s o  m a n y  r e q u i r .	disk09/STG5.png	main/davL.png	KO	She asks so many things of me.
disk09	LIV1	3100	79	I  f e e l  a s  i f	disk09/STG5.png	main/davL.png	KO	I feel as if
disk09	LIV1	3105	80	             I  h a d  m a d e  m i s t a k e .	disk09/STG5.png	main/davL.png	KO	I'd make a mistake.
disk09	LIV1	3110	81	B u t  t h e r e  i s  n o  r e a s o n  w h y	disk09/STG5.png	main/davL.png	KO	But there's no reason why
disk09	LIV1	3120	83	            I  s h o u l d  i t .    Y e a h !	disk09/STG5.png	main/davL.png	KO	I should do as she says. Yeah!
disk09	LIV1	3130	85	Y o u  w i l l  h a v e  t o	disk09/STG5.png	main/davL.png	KO	You will have to
disk09	LIV1	3135	86	                w o r k  m u c h  h a r d e r .	disk09/STG5.png	main/davL.png	KO	work much harder.
disk09	LIV1	3140	87	G e t  i n t o  t r o u b l e	disk09/STG5.png	main/davL.png	KO	You'll get in trouble
disk09	LIV1	3145	88	                         t o n i g h t  b u t .	disk09/STG5.png	main/davL.png	KO	tonight.
disk09	LIV1	3150	89	       J u s t  a t  d o w n  a g a i n.	disk09/STG5.png	main/davL.png	KO	I feel down again.
disk09	LIV1	3160	91	I  w o n t  t o  s m o e t h i n g	disk09/STG5.png	main/davL.png	KO	I want to do something different
disk09	LIV1	3165	92	                           d a y   b y  d a y .	disk09/STG5.png	main/davL.png	KO	each and every day.
disk09	LIV1	3170	93	          V o l c a l	disk09/STG5.png	main/davL.png	KO	Vocal:
disk09	LIV1	3175	94	                  D . A s t l e y	disk09/STG5.png	main/davL.png	KO	D. Astley
disk09	LIV1	3180	95	        K e y & V o l	disk09/STG5.png	main/davL.png	KO	Key&Vocals:
disk09	LIV1	3185	96	                  M . V i n c e n t	disk09/STG5.png	main/davL.png	KO	M. Vincent
disk09	LIV1	3190	97	        K e y & V o l	disk09/STG5.png	main/davL.png	KO	Key&Vocals:
disk09	LIV1	3195	98	                  A . S t u b e l l	disk09/STG5.png	main/davL.png	KO	A. Stiebel
disk09	LIV1	3200	99	        K e y & V o l	disk09/STG5.png	main/davL.png	KO	Key&Vocals:
disk09	LIV1	3210	100	                  A . B a k e r	disk09/STG5.png	main/davL.png	KO	A. Baker
disk09	LIV1	9030	118	Ｅ・Ｖｉｓｉｏｎ　Ｌｉｖｅ　ｉｎ　Ｆｒａｎｃｅ	disk09/STG5.png	main/davL.png	KO	Eleno Vision Live in France
disk10	NO14	500	0	デビッドが話す。			KO	데이비드가 말한다.
disk10	NO14	500	1	アンドリュ－が話す。			KO	앤드류가 말한다.
disk10	NO14	500	2	マ－チンが話す。			KO	마틴이 말한다.
disk10	NO14	500	3	アランが話す。			KO	앨런이 말한다.
disk10	NO14	500	4	スシャ－ナが話す。			KO	수잔나가 말한다.
disk10	NO14	1010	5	部屋に戻ったデビッドは、早々にベッドに入った。コンサ－トの疲れからすぐに眠気が襲ってきた・・・	disk10/ﾍﾞｯﾄ.png		KO	방으로 돌아온 데이비드는 곧바로 침대에 몸을 뉘었다. 공연의 피로가 몰려와 금세 잠이 쏟아졌다...
disk10	NO14	1020	6	久振りに心地良い眠りに落ちているデビッドを叩き起こす音がする。	disk10/ﾍﾞｯﾄ.png		KO	오랜만에 편안한 잠에 빠져 있던 데이비드에게 이상한 소리가 들려왔다.
disk10	NO14	1030	7	デビッド「ウッ！、何だこの音は・・・」	disk10/ﾍﾞｯﾄ.png		KO	데이비드: 윽! 이 소리는 뭐지...
disk10	NO14	1040	8	デビッドは窓の外から聞こえる音に目がさめてしまった。	disk10/ﾏﾄﾞ.png		KO	데이비드는 창밖에서 들려오는 소리에 잠에서 깨고 말았다.
disk10	NO14	1050	9	デビッド「馬のひずめの音に聞こえる・・・」	disk10/ﾏﾄﾞ.png		KO	데이비드: 말발굽 소리 같은데...
disk10	NO14	1060	10	この部屋は５階だから、窓の外から馬のひずめの音など聞こえてくる筈がない。	disk10/ﾏﾄﾞ.png		KO	이곳은 5층이라서, 창밖에서 말발굽 소리가 들릴 리가 없을 텐데...
disk10	NO14	1070	11	デビッドがベッドから起きあがり窓に近ずこうとした瞬間・・・	disk10/ﾏﾄﾞ.png		KO	데이비드가 침대에서 일어나 창가로 다가가려던 순간,
disk10	NO14	1080	12	白い馬が窓を蹴破って現われた。	disk10/ﾏﾄﾞ.png		KO	백마가 창문을 박살내며 나타났다.
disk10	NO14	1090	13	馬が入って来た窓を見る	disk10/ﾏﾄﾞ.png		KO	박살난 창문을 바라본다.
disk10	NO14	1090	14	窓から入った馬を見る	disk10/ﾏﾄﾞ.png		KO	말을 바라본다.
disk10	NO14	1100	15	デビッドが話す。	disk10/JｳﾏA.png		KO	데이비드가 말한다.
disk10	NO14	1100	16	白い騎士が話す。	disk10/JｳﾏA.png		KO	백기사가 말한다.
disk10	NO14	1100	17	白い騎士を見る。	disk10/JｳﾏA.png		KO	백기사를 바라본다.
disk10	NO14	1240	18	大きな一枚ガラスの窓は、こなごなに割れ、外からの風でカ－テンが揺らいでいる。	disk10/ﾏﾄﾞ.png		KO	커다란 통유리창은 산산이 부서져 있었고, 밖에서 불어오는 바람에 커튼이 나부끼고 있었다.
disk10	NO14	1250	19	白い鎧をつけた中世の騎士が、白い馬にまたがりデビッドをにらんでいる。	disk10/JｳﾏA.png		KO	새하얀 갑옷을 두른 중세 기사가 백마에 올라탄 채 데이비드를 매섭게 노려봤다.
disk10	NO14	1260	20	デビッド「・・・・・・・」　デビッドは唖然として言葉も出ない・・・	disk10/JｳﾏA.png		KO	"데이비드: ......
데이비드는 너무 놀란 나머지 아무 말도 하지 못했다..."
disk10	NO14	1270	21	白い騎士「・・・・・・・」白い騎士は何も話そうとしない。	disk10/JｳﾏA.png		KO	"백기사: ......
백기사는 아무 말도 하지 않았다."
disk10	NO14	1280	22	白い騎士の乗った馬が一歩デビッドに近ずいた。	disk10/JｳﾏB.png		KO	백마가 데이비드를 향해 한 걸음 다가왔다.
disk10	NO14	1285	23	騎士はデビッドの、そばに近づくと、何も答えずただ静かにデビッドを見ている。	disk10/JｳﾏB.png		KO	기사는 가까이 다가와서도 아무 말 없이 그저 조용히 그를 바라봤다.
disk10	NO14	1290	24	白い騎士は鎧の音もたてずに、又一歩デビッドに近ずいた。	disk10/JｳﾏC.png		KO	백기사는 갑옷 소리조차 내지 않고, 다시 한 걸음 다가왔다.
disk10	NO14	1300	25	デビッド「な、なんだお前は・・・窓からどうして入った・・・」	disk10/JｳﾏC.png		KO	데이비드: 너, 넌 대체 뭐야... 어떻게 창문으로 들어온 거야...?
disk10	NO14	1310	26	デビッド「人の部屋に勝手に入り、何もしゃべらず・・・俺に何をしようというのだ」	disk10/JｳﾏC.png		KO	데이비드: 남의 방에 멋대로 들어와서 말 한마디 없이... 대체 나한테 뭘 원하는 거야!
disk10	NO14	1320	27	騎士はデビッドの、そばに近づくと、何も答えずただ静かに鎧を取ろうとした・・・	disk10/ｹﾝｳ1.png		KO	기사는 데이비드 가까이 다가와서 아무 말 없이 조용히 투구를 벗었다...
disk10	NO14	1330	28	デビッド「誰なんだ！　おまえは・・・？」	disk10/ｹﾝｳ1.png		KO	데이비드: 누구냐고! 넌 대체...!?
disk10	NO14	1340	29	近づいた白い鎧の騎士の顔を見て、デビッドは、その騎士の顔を何処かで見たように感じた。	disk10/ｹﾝｳ1.png		KO	가까이 다가온 백기사의 얼굴을 본 순간, 데이비드는 어디선가 그 얼굴을 본 듯한 느낌이 들었다.
disk10	NO14	1350	30	デビッド「まっまさか！　おまえは、！？」	disk10/ｹﾝｳ1.png		KO	데이비드: 서, 설마! 넌!?
disk10	NO14	1350	31	デビッドが、そう思った瞬間、騎士は剣を抜くとデビッドの胸に突き立てた。	disk10/ｹﾝｳﾏ.png		KO	바로 그 순간, 기사는 검을 뽑아 데이비드의 가슴을 깊숙이 찔렀다.
disk10	NO14	1360	32	デビッド「ウワァ－！！」	disk10/ｹﾝｳﾏ.png		KO	데이비드: 으아아!!
disk10	NO14	1380	33	・・・殺されたとデビッドが思ったとき、部屋の中が真っ暗になり、気がつくとベッドの上で、まだ生きている事を知った。	disk10/ｱｻﾞ1.png		KO	...살해당한다고 생각한 순간, 방 안이 갑자기 암흑에 휩싸였다. 정신을 차려보니, 침대 위에 아직 살아있는 자신을 발견했다.
disk10	NO14	1390	34	デビッド「ここは・・・今のは夢だったのか、白い馬に白い鎧の騎士？・・・確か、あの騎士の顔・・・思い出せない・・・」	disk10/ｱｻﾞ1.png		KO	데이비드: 여기는... 방금 건 꿈이었나? 백마에 백기사라니... 분명 그 얼굴은 어디선가... 기억이 안 나...
disk10	NO14	1395	35	デビッドは馬が入って来た窓を見たが、ガラスは割れていない。床もきれいだ。	disk10/ｱｻﾞ1.png		KO	데이비드는 백마가 들어온 창문을 바라봤다. 유리창는 멀쩡했고, 바닥도 깨끗했다.
disk10	NO14	1400	36	デビッド「又あの・・・夢か・・・」	disk10/ｱｻﾞ1.png		KO	데이비드: 또... 악몽인가...
disk10	NO14	1410	37	デビッド「今夜は夢など見れないくらい疲れていた筈なのに・・・チクショ－！　夢がますますリアルに見えてきた・・・」	disk10/ｱｻﾞ1.png		KO	데이비드: 오늘 밤은 꿈조차 꾸지 못할 만큼 지쳤을 텐데... 젠장! 꿈이 점점 더 현실처럼 느껴져...
disk10	NO14	1420	38	デビッドは白い鎧の騎士に刺された胸に手をあてた。	disk10/ｱｻﾞ1.png		KO	데이비드는 백기사에게 찔린 가슴에 손을 얹었다.
disk10	NO14	1430	39	デビッド「痛っ！・・・」	disk10/ｱｻﾞ1.png		KO	데이비드: 윽...!
disk10	NO14	1440	40	デビッド「この痛みは、あれは夢だった筈なのに・・・この痛みはなんだ？・・・」	disk10/ｱｻﾞ1.png		KO	데이비드: 이 통증은...? 분명 꿈이었는데... 왜 아픈 거지?
disk10	NO14	1450	41	デビッドは胸を見た。赤くあざのようなものが生々しく残っている。	disk10/ｱｻﾞ1.png		KO	데이비드는 가슴을 내려다봤다. 붉은 멍 같은 자국이 생생하게 남아 있었다.
disk10	NO14	1460	42	デビッドは、これは夢の中だと自分に言いきかせて、そのままベッドにもぐりこんだ・・・	disk10/ｱｻﾞ1.png		KO	데이비드는 이건 다 꿈일 뿐이라고 스스로를 타이르며 다시 침대 속으로 파고들었다...
disk10	NO14	1470	43	翌朝目覚めたデビッドは、胸に残っているアザに気ずき、まだ夢の中にいるようで目覚めが悪かった。	disk10/ﾍﾞｯﾄ.png		KO	다음 날 아침, 데이비드는 가슴에 그대로 남아 있는 멍을 발견했다. 아직도 꿈속을 헤매는 듯해 기분이 찜찜했다.
disk10	NO14	1480	44	デビッドはシャワ－を浴びても気分がすぐれずにいたが、皆に心配させるわけにいかないと思い、デビッドは平静を装ってロビ－に降りていった。	disk10/ﾍﾞｯﾄ.png		KO	데이비드는 샤워를 해도 기분은 나아지지 않았지만, 멤버들을 걱정시키고 싶지 않아 태연한 척 로비로 내려갔다.
disk10	NO14	1500	45	ロビ－ではアンドリュ－とマ－チン、そしてスシャ－ナが、モ－ニング・コ－ヒ－を飲んでいる。	disk10/ﾛﾋﾞｰ.png		KO	로비에서는 앤드류와 마틴, 그리고 수잔나가 모닝 커피를 마시고 있다.
disk10	NO14	1501	46	デビッド「お早よう」	disk10/ﾛﾋﾞｰ.png	main/davL.png	KO	데이비드: 좋은 아침.
disk10	NO14	1590	47	デビッド「みんな元気だなぁ、疲れも見えないぜ」	disk10/ﾛﾋﾞｰ.png	main/davL.png	KO	데이비드: 다들 쌩쌩하네. 피곤한 기색이 안 보이는데?
disk10	NO14	1600	48	アンドリュ－「よう、デビッド。よく寝れたかい？　アランは、まだ寝ているみたいだ。調子どうだ」	disk10/ﾛﾋﾞｰ.png	main/andL.png	KO	앤드류: 여, 데이비드, 잘 잤어? 앨런은 아직도 꿈나라인 것 같아. 몸은 좀 어때?
disk10	NO14	1610	49	デビッド「あぁ、気分スッキリ。今夜もバッチシだよ」	disk10/ﾛﾋﾞｰ.png	main/davL.png	KO	데이비드: 아주 개운해. 오늘 밤 공연도 문제없어!
disk10	NO14	1620	50	スシャ－ナはデビッドの顔色を見て心配していたが、元気な言葉を聞き安心したようだ。	disk10/ﾛﾋﾞｰ.png	main/davL.png	KO	수잔나는 데이비드의 안색이 좋지 않아 걱정했지만, 활기찬 대답을 듣고는 안심한 듯했다.
disk10	NO14	1630	51	マ－チン「デビッド、昨日、寝ていたらいい曲が浮かんだんだ。後で聴いてくれよ」	disk10/ﾛﾋﾞｰ.png	main/marL.png	KO	마틴: 데이비드, 어젯밤 누워 있다가 좋은 악상이 떠올랐어. 나중에 들어 봐줘.
disk10	NO14	1640	52	デビッド「あぁ、了解」	disk10/ﾛﾋﾞｰ.png	main/davL.png	KO	데이비드: 그래, 알았어.
disk10	NO14	1650	53	まったくマ－チンは真面目だ・・・コンサ－トで疲れているというのに、デビッドは夢でうなされている自分が情けなかった。	disk10/ﾛﾋﾞｰ.png	main/davL.png	KO	"정말 마틴은 성실하구나... 공연으로 피곤할 텐데도...
데이비드는 악몽에 시달리는 자신이 한심하게 느껴졌다."
disk10	NO14	1660	54	１時間程してやっとこさアランが降りてくる。なんだか不機嫌そうだ。	disk10/ﾛﾋﾞｰ.png	main/davL.png	KO	한 시간쯤 지나서야 앨런이 겨우 로비로 내려왔다. 왠지 심기가 불편해 보였다.
disk10	NO14	1665	55	デビッド「アランが起きて来たよ」	disk10/ﾛﾋﾞｰ.png	main/davL.png	KO	데이비드: 앨런, 일어났구나.
disk10	NO14	1670	56	アンドリュ－「やっとアランが起きたか・・・今日はなんか冴えない顔しているな」	disk10/ﾛﾋﾞｰ.png	main/andL.png	KO	앤드류: 이제야 일어났냐, 앨런... 근데 오늘은 얼굴이 영 말이 아닌데?
disk10	NO14	1675	57	デビッド「アラン。コンサ－トの疲れが出たようだな」	disk10/ﾛﾋﾞｰ.png	main/davL.png	KO	데이비드: 공연 때문에 피곤한 모양이야.
disk10	NO14	1680	58	アラン「チクショ－、コンサ－トの疲れか何だか知らないが、ひでぇ夢を見たぜ」	disk10/ﾛﾋﾞｰ.png	main/alnL.png	KO	앨런: 젠장, 공연 때문에 피곤해서 그런지 끔찍한 꿈을 꿨어.
disk10	NO14	1690	59	アランの言葉にデビッドはドキッとした・・・	disk10/ﾛﾋﾞｰ.png	main/alnL.png	KO	앨런의 말에 데이비드는 가슴이 철렁했다...
disk10	NO14	1700	60	スシャ－ナ「・・・どんな夢を見たの？」	disk10/ﾛﾋﾞｰ.png	main/linR.png	KO	수잔나: ...어떤 꿈인데요?
disk10	NO14	1705	61	デビッド「・・・どんな夢を見たんだ？」　デビッドの声がうわずっている。	disk10/ﾛﾋﾞｰ.png	main/davL.png	KO	"데이비드: ...무슨 꿈을 꿨는데?
데이비드의 목소리가 순간 높아졌다."
disk10	NO14	1710	62	アラン「ライヴの最中にソロ・フレ－ズを突然忘れちまうんだ。どんなにしたって思い出さない・・・ソロパ－トはどんどん近づいてくるし、もうパニックよ・・・」	disk10/ﾛﾋﾞｰ.png	main/alnL.png	KO	앨런: 공연 도중에 갑자기 솔로 프레이즈를 잊어버린 거야. 아무리 애써도 떠오르지 않는데... 솔로 차례는 다가오는데, 미쳐 버리는 줄 알았어...
disk10	NO14	1720	63	デビッド「それは面白い、音が途絶えたらみんなどうするのかな？　夢の続きを聞かせてくれ」	disk10/ﾛﾋﾞｰ.png	main/davL.png	KO	데이비드: 그거 흥미로운데? 네 솔로가 끊긴 다음에 다들 어떻게 했어? 계속 얘기해줘.
disk10	NO14	1730	64	アラン「俺は顔面に油汗をたらして、もがいていたら夢が覚めて、ほっとしたぜ。デビッドの悪夢が乗りうつったのかも知れない」	disk10/ﾛﾋﾞｰ.png	main/alnL.png	KO	앨런: 얼굴에 식은땀을 흘리면서 발버둥치다가 겨우 잠에서 깨어나서 안도했지 뭐. 데이비드 네 악몽이 나한테 옮은 건지도 몰라.
disk10	NO14	1750	65	デビッドはおもしろがって聞いているフリをしていたが、胸中は得体の知れない不安でいた。	disk10/ﾛﾋﾞｰ.png	main/alnL.png	KO	데이비드는 흥미로운 척 듣고 있었지만, 속으로는 알 수 없는 불안감에 휩싸였다.
disk10	NO14	1760	66	幸い今夜も２回目のコンサ－トだったので、デビッドには悪夢の事を深く考える暇もなかった。	disk10/ﾛﾋﾞｰ.png	main/alnL.png	KO	다행히 오늘 밤도 투어의 두 번째 공연이 기다리고 있었기에 데이비드는 악몽에 대해 깊이 생각할 틈조차 없었다.
disk10	NO14	9910	113	デビッド「ウワァッ！！・・・・、ハァ、ハァ・・」	disk10/ﾛﾋﾞｰ.png	main/alnL.png	KO	데이비드: 으아악!! ...하아, 하아...
disk10	NO14	10000	120	ＤＡＴＡをＳＡＶＥしますか？　Ｙ／Ｎ	disk10/ﾛﾋﾞｰ.png	main/alnL.png	KO	
disk10	NO14	10040	126	ドライブ１に、ＳＡＶＥ・ディスクを入れて下さい。	disk10/ﾛﾋﾞｰ.png	main/alnL.png	KO	
disk10	NO14	10070	128	ドライブ１のディスクが違います。	disk10/ﾛﾋﾞｰ.png	main/alnL.png	KO	드라이브 1의 디스크가 다릅니다.
disk10	NO14	10110	129	ＳＡＶＥしました。ドライブ１のディスクに、ＭＡＩＮディスクを入れて下さい。	disk10/ﾛﾋﾞｰ.png	main/alnL.png	KO	
disk10	NO14	10150	131	ドライブ１のディスクが違います。	disk10/ﾛﾋﾞｰ.png	main/alnL.png	KO	드라이브 1의 디스크가 다릅니다.
disk10	NO15	1000	0	さあ、いよいよカルナックでの最終公演である。	disk10/ﾛﾋﾞｰ.png	main/alnL.png	KO	드디어 카르나크에서의 마지막 공연이 시작되었다.
disk10	NO15	1010	1	デビッドの体調も万全、皆んなも気合いがはいっている。	disk10/ﾛﾋﾞｰ.png	main/alnL.png	KO	데이비드의 컨디션도 최상이고, 다른 멤버들도 의욕이 넘쳤다.
disk10	NO15	1020	2	スシャ－ナ「さあ、皆さんガンバッテください。　今夜が終わると２日間の移動日です・・・デビッド、調子はどう？」	disk10/ﾋｶｴ.png	main/alnL.png	KO	수잔나: 자, 다들 힘내세요! 오늘 밤 공연이 끝나면 이틀 동안 다음 공연 장소로 이동할 예정이에요... 데이비드, 몸은 어때요?
disk10	NO15	1030	3	デビッド「あぁ、おかげさまでバッチリだよ」	disk10/ﾋｶｴ.png	main/alnL.png	KO	데이비드: 아, 덕분에 아주 좋아.
disk10	NO15	1040	4	アラン「デビッド、行くぞ！・・・」	disk10/ﾋｶｴ.png	main/alnL.png	KO	앨런: 데이비드, 가자!
disk10	NO15	1050	5	デビッド達はステ－ジに向かった・・・	disk10/ﾋｶｴ.png	main/alnL.png	KO	멤버들은 무대로 향했다...
disk10	NO15	1060	6	そして２日目のライヴが始まった・・・昨日と変わらずいいノリをしている。	disk10/ｽﾃｼL.png	main/alnL.png	KO	그리고 둘째 날 공연이 시작되었다... 어제와 다름없이 분위기가 뜨거웠다.
disk10	NO15	1065	7	曲が始まると観客は総立ちになり、興奮に酔いはじめた。	disk10/ｶﾝｼﾕ.png	main/alnL.png	KO	노래가 시작되자, 관객들은 일제히 자리에서 일어나 공연에 빠져들었다.
disk10	NO15	1070	8	そんな観客の中に、ロンドンから尾けてきた探偵の顔も見える。	disk10/Kﾌﾀﾘ.png	main/alnL.png	KO	관객들 사이에는 런던에서부터 줄곧 뒤를 쫓아온 두 탐정의 모습도 보였다.
disk10	NO15	1080	9	クラ－クが話す。	disk10/Kﾌﾀﾘ.png	main/alnL.png	KO	클라크가 말한다.
disk10	NO15	1080	10	ヴィンスが話す。	disk10/Kﾌﾀﾘ.png	main/alnL.png	KO	빈스가 말한다.
disk10	NO15	1160	11	クラ－ク「なんだ！　この音楽は、見てみろ！　観客は誰もまじめに聞いていないぞ」	disk10/Kﾌﾀﾘ.png	main/ｸﾗｰｸ.png	KO	클라크: 뭐야, 이 음악은! 저것 좀 보게! 관객들이 하나같이 제정신이 아니야!
disk10	NO15	1170	12	ヴィンス「いいですネェ、所長。燃えてきますよ！」	disk10/Kﾌﾀﾘ.png	main/ｳｲﾝｽ.png	KO	빈스: 좋기만 한데요, 소장님! 아주 신이 납니다!
disk10	NO15	1180	13	ヴィンスはすっかりエレノ・ヴィジョンのファンになったようだ。	disk10/Kﾌﾀﾘ.png	main/ｳｲﾝｽ.png	KO	빈스는 완전히 엘레노 비전의 팬이 된 것 같았다.
disk10	NO15	1190	14	クラ－ク「なんだ、こんなの。最低だ！！」	disk10/Kﾌﾀﾘ.png	main/ｸﾗｰｸ.png	KO	클라크: 이런 소음이 뭐가 좋다고. 최악이구만!!
disk10	NO15	1200	15	クラ－クにはこのビ－トはきつすぎるようである。すっかり浮いてしまっている。	disk10/Kﾌﾀﾘ.png	main/ｸﾗｰｸ.png	KO	클라크에게는 록 비트가 버거운 모양인지, 혼자만 완전히 겉돌고 있었다.
disk10	NO15	1210	16	ヴィンス「所長は年ですから、ついていけないんですね」	disk10/Kﾌﾀﾘ.png	main/ｳｲﾝｽ.png	KO	빈스: 소장님은 이제 연세가 있으셔서 트렌드를 못 따라가는 거겠죠.
disk10	NO15	1220	17	クラ－ク「なに！？　ヴィンス君、そんな事言っていいのかな。この仕事が終わったらボ－ナスを出そうと思ったが・・・」	disk10/Kﾌﾀﾘ.png	main/ｸﾗｰｸ.png	KO	클라크: 뭐!? 빈스 군, 그런 소리를 해도 괜찮겠나? 이번 의뢰가 끝나면 보너스라도 챙겨 줄 생각이었는데...
disk10	NO15	1230	18	ヴィンス「しょ、所長！　それはないですよ・・・」	disk10/Kﾌﾀﾘ.png	main/ｳｲﾝｽ.png	KO	빈스: 소, 소장님! 그건 아니죠...
disk10	NO15	1240	19	クラ－クとヴィンスは、ずっとスシャ－ナを張って会場まで来ている。	disk10/Kﾌﾀﾘ.png	main/ｳｲﾝｽ.png	KO	클라크와 빈스는 줄곧 수잔나를 미행해 공연장까지 따라온 것이었다.
disk10	NO15	1250	20	観客はクラ－クを除いて全員が興奮して立ち上がっている。	disk10/Kﾌﾀﾘ.png	main/ｳｲﾝｽ.png	KO	관객은 클라크를 제외하고 전원이 흥분해 일어서 있었다.
disk10	NO15	1400	21	・・・今夜のステ－ジも上出来であった。	disk10/Kﾌﾀﾘ.png	main/ｳｲﾝｽ.png	KO	...오늘 밤 공연도 역시 대성공이었다.
disk10	NO15	1410	22	コンサ－トが終了した後、デビッド達はホテルに戻った。	disk10/ﾛﾋﾞｰ.png	main/ｳｲﾝｽ.png	KO	공연을 마친 멤버들은 호텔로 돌아갔다.
disk10	NO15	1420	23	ホテルのロビ－で、スシャ－ナがデビッドのそばに近づいてきた。	disk10/ﾛﾋﾞｰ.png	main/ｳｲﾝｽ.png	KO	호텔 로비에 도착하자, 수잔나가 데이비드에게 다가왔다.
disk10	NO15	1430	24	デビッドが話す。	disk10/ﾛﾋﾞｰ.png	main/ｳｲﾝｽ.png	KO	데이비드가 말한다.
disk10	NO15	1430	25	スシャ－ナが話す。	disk10/ﾛﾋﾞｰ.png	main/ｳｲﾝｽ.png	KO	수잔나가 말한다.
disk10	NO15	1510	26	スシャ－ナ「デビッド、お疲れさま。今日も最高のステ－ジで良かっわ」	disk10/ﾛﾋﾞｰ.png	main/linR.png	KO	수잔나: 데이비드, 수고했어요. 오늘도 정말 멋진 무대였어요!
disk10	NO15	1520	27	デビッド「あぁ、俺も上出来だと感じてたよ・・・」	disk10/ﾛﾋﾞｰ.png	main/davL.png	KO	데이비드: 그래, 나도 오늘은 정말 잘했다고 생각해.
disk10	NO15	1530	28	スシャ－ナ「デビッド、疲れてるの？・・・そうだ！？　いいのがあったの」	disk10/ﾛﾋﾞｰ.png	main/linR.png	KO	수잔나: 데이비드, 피곤하죠? ...아, 맞다! 좋은 게 있어요.
disk10	NO15	1540	29	スシャ－ナ「ビタミン剤だけど、この薬けっこう効くわよ。これ飲んでぐっすり寝れば大丈夫よ」	disk10/ﾛﾋﾞｰ.png	main/linR.png	KO	수잔나: 비타민제인데 꽤 효과가 좋아요. 이거 먹고 푹 자면 괜찮아질 거예요.
disk10	NO15	1550	30	デビッド「サンキュ－！　そうするよ」	disk10/ﾛﾋﾞｰ.png	main/davL.png	KO	데이비드: 고마워! 잘 먹을게.
disk10	NO15	1560	31	優しいスシャ－ナにデビッドは感謝する。	disk10/ﾛﾋﾞｰ.png	main/davL.png	KO	수잔나의 다정함에 데이비드는 고마움을 느꼈다.
disk10	NO15	1570	32	その夜は、スシャ－ナにもらった薬が効いたのか、悪夢も見る事なく良く眠ることができた。	disk10/ﾍﾞｯﾄ.png	main/davL.png	KO	그날 밤은 수잔나에게 받은 약 덕분인지 악몽을 꾸지 않고 푹 잘 수 있었다.
disk10	NO15	1590	33	２日間とも大成功のうちにカルナック公演は終了した。	disk10/ﾍﾞｯﾄ.png	main/davL.png	KO	이틀에 걸친 카르낙 공연은 대성공으로 막을 내렸다.
disk10	NO15	1600	34	音楽関係各紙の評価も良く、今後の公演のチケットの売上も予想を上回る筈だ。	disk10/ﾍﾞｯﾄ.png	main/davL.png	KO	음악 전문지들의 평가도 호평 일색이었기에, 향후 열릴 공연의 티켓 판매 역시 예상을 웃돌 것 같았다.
disk10	NO15	3000	35	ＣＤ－ＲＯＭよりＤＡＴＡの読み込みを始めます。ＨＩＴ　ＡＮＹ　ＫＥＹ	disk10/ﾍﾞｯﾄ.png	main/davL.png	KO	CD-ROM에서 데이터 읽습니다. 아무 키나 눌러주세요.
disk10	NO15	3010	36	　　　　　　　　ＣＤ－ＲＯＭよりＤＡＴＡを読み込み中	disk10/ﾍﾞｯﾄ.png	main/davL.png	KO	데이터를 읽는 중...
disk10	NO15	10000	62	ＤＡＴＡをＳＡＶＥしますか？　Ｙ／Ｎ	disk10/ﾍﾞｯﾄ.png	main/davL.png	KO	
disk10	NO15	10040	68	ドライブ１に、ＳＡＶＥ・ディスクを入れて下さい。	disk10/ﾍﾞｯﾄ.png	main/davL.png	KO	
disk10	NO15	10070	70	ドライブ１のディスクが違います。	disk10/ﾍﾞｯﾄ.png	main/davL.png	KO	드라이브 1의 디스크가 다릅니다.
disk10	NO15	10110	71	ＳＡＶＥしました。ドライブ１のディスクに、ＭＡＩＮディスクを入れて下さい。	disk10/ﾍﾞｯﾄ.png	main/davL.png	KO	
disk10	NO15	10150	73	ドライブ１のディスクが違います。	disk10/ﾍﾞｯﾄ.png	main/davL.png	KO	드라이브 1의 디스크가 다릅니다.
disk11	NO16	1000	0	デビッドが話す。			KO	데이비드가 말한다.
disk11	NO16	1000	1	アンドリュ－が話す。			KO	앤드류가 말한다.
disk11	NO16	1000	2	マ－チンが話す。			KO	마틴이 말한다.
disk11	NO16	1000	3	アランが話す。			KO	앨런이 말한다.
disk11	NO16	1000	4	スシャ－ナが話す。			KO	수잔나가 말한다.
disk11	NO16	1010	5	翌朝、一行を乗せたバスは、次の公演地［トゥ－ル］に向けて出発した。	disk11/ﾊﾞｽ1.png		KO	다음 날 아침, 멤버를 태운 버스는 다음 공연지 `투르'를 향해 출발했다.
disk11	NO16	1020	6	バスは、［ヴァンヌ］の町を後にして、ブルタ－ニュ地方の出口となる［ナント］の町に向かった。	disk11/ﾊﾞｽ3.png		KO	버스는 `반' 마을을 뒤로 하고, 브르타뉴 지방의 관문인 `낭트' 마을로 향했다.
disk11	NO16	1030	7	バスの中では、最初の公演が成功したためか、話がはずみトランプの必要はなかった。	disk11/ﾊﾞｽ3.png		KO	첫 공연의 성공 때문인지 버스 안에서는 이야기꽃이 끊이지 않아 카드를 돌릴 필요가 없었다.
disk11	NO16	1040	8	マ－チン「フランスで演奏をしているなんて信じられないよ」	disk11/ﾊﾞｽ3.png	main/marL.png	KO	마틴: 프랑스에서 공연을 하고 있다니 믿기지 않아.
disk11	NO16	1170	9	アラン「昨夜のライブは、最高にノれたぜ」	disk11/ﾊﾞｽ3.png	main/alnL.png	KO	앨런: 어젯밤 라이브는 정말 최고였어!
disk11	NO16	1180	10	デビッド「コンサ－トの前は、夢にうなされてビクついていたのは誰だっけ？」	disk11/ﾊﾞｽ3.png	main/davL.png	KO	데이비드: 공연 전에는 악몽 때문에 벌벌 떨던 사람이 누구였더라?
disk11	NO16	1190	11	アラン「コンサ－トで曲を忘れた夢ね。ライブが始まった瞬間、忘れてしまった」	disk11/ﾊﾞｽ3.png	main/alnL.png	KO	앨런: 공연 중에 솔로를 까먹는 그 악몽? 공연이 시작되니까 싹 잊어버렸지.
disk11	NO16	1200	12	スシャ－ナ「バスが今夜中に［トゥ－ル］に着けば、二日間のオフがとれるわ」	disk11/ﾊﾞｽ3.png	main/linR.png	KO	수잔나: 오늘 밤 안에 `투르'에 도착하면, 이틀 동안 푹 쉴 수 있어요.
disk11	NO16	1210	13	アンドリュ－「アランの夢に似た夢は、俺達でも時々見る事がある普通の夢だ」	disk11/ﾊﾞｽ3.png	main/andL.png	KO	앤드류: 앨런이 꾼 꿈 같은 건 우리도 가끔 꾸는 개꿈이지 뭐.
disk11	NO16	1220	14	アンドリュ－「二日もオフがあるのなら、観光名所を回ろう。だってデビッドは夜のパリ観光を一人で楽しんだんだから、ただし夢の中だけど」	disk11/ﾊﾞｽ3.png	main/andL.png	KO	앤드류: 이틀이나 쉬는데 관광이나 하자고. 데이비드는 혼자 파리 밤거리까지 구경했잖아? 물론 꿈속이었지만 말이야.
disk11	NO16	1230	15	デビッド「せっかくヨ－ロッパに来たんだ。俺も夢でなく現実の名所巡りをしたくなったな」	disk11/ﾊﾞｽ3.png	main/davL.png	KO	데이비드: 모처럼 유럽까지 왔는데, 나도 꿈 말고 진짜 관광을 해보고 싶어.
disk11	NO16	1240	16	デビッド「みんなどうする？」	disk11/ﾊﾞｽ3.png	main/davL.png	KO	데이비드: 다들 어떻게 할래?
disk11	NO16	1250	17	マ－チン「僕は遠慮しとこう。二日もオフがあれば、新曲を仕上げられるから」	disk11/ﾊﾞｽ3.png	main/marL.png	KO	마틴: 난 됐어. 쉬는 동안에 신곡을 마무리할 수 있을 것 같아.
disk11	NO16	1260	18	アラン「俺は、どうしようか。旧所巡りだろう？　気が進まないぜ」	disk11/ﾊﾞｽ3.png	main/alnL.png	KO	앨런: 글쎄, 유적 같은 데 돌아보는 거라면 별로 내키진 않는데...
disk11	NO16	1270	19	スシャ－ナ「初めての仕事で疲れが出たみたい。すこし横になりたいの」	disk11/ﾊﾞｽ3.png	main/linR.png	KO	수잔나: 첫 업무라서 그런지 피곤하네요. 저는 좀 누워 있을게요.
disk11	NO16	1280	20	アンドリュ－もアランも、つられるようにシ－トを倒して横になった。コンサ－トの疲れが出てきたようだ。	disk11/ﾊﾞｽ2.png	main/linR.png	KO	앤드류와 앨런도 덩달아 좌석을 뒤로 젖히고 몸을 뉘었다. 공연의 피로가 몰려오는 모양이었다.
disk11	NO16	1290	21	マ－チンだけが、ギタ－を取り出し新曲のアレンジを始めだした。	disk11/ﾊﾞｽ2.png	main/linR.png	KO	마틴만 기타를 꺼내 신곡을 편곡하기 시작했다.
disk11	NO16	1300	22	デビッドはマ－チンのギタ－を弾く音を聞きながら、窓から外の景色を見ていた。	disk11/ｲﾜﾊﾞ.png	main/linR.png	KO	데이비드는 마틴의 기타 소리를 들으며 창밖의 풍경을 구경했다.
disk11	NO16	1310	23	前方に見える大きな岩山が、バスのスピ－ドに合わせて迫って来る。その岩山の上に大勢の人が見える。	disk11/ｲﾜﾊﾞ.png	main/linR.png	KO	전방의 거대한 바위산이 버스의 속도에 맞춰 다가왔다. 그 산 위에는 수많은 사람들이 보였다.
disk11	NO16	1320	24	デビッドは、いつバスから降りたのか、岩山を登っていた。	disk11/ﾉﾎﾞﾙ.png	main/linR.png	KO	데이비드는 어느새 버스에서 내려 그 바위산을 오르고 있었다.
disk11	NO16	1325	25	岩山を登る男はバスに乗っていたデビッドではない。顔も着ている物も違うが、その男の意識はデビッドになっている。	disk11/ﾉﾎﾞﾙ.png	main/linR.png	KO	바위산을 오르는 남자는 데이비드와 전혀 다른 모습이었다. 얼굴도 옷차림도 달랐지만 그 남자의 의식만큼은 분명 데이비드 자신이었다.
disk11	NO16	1330	26	デビッドは、大勢の人間を押しのけるようにして、大きな岩の上に上がった。	disk11/ｲﾜﾀﾂ.png	main/linR.png	KO	데이비드는 군중을 헤치고 나아가 거대한 바위 위에 올라섰다.
disk11	NO16	1340	27	今、デビッドに聞こえてくるのは、マ－チンのギタ－の音でなく、耳元を吹き抜ける風の音だ。	disk11/ｲﾜﾀﾂ.png	main/linR.png	KO	어느새 마틴의 기타 소리는 사라지고, 데이비드의 귓가에는 거친 바람 소리만이 스쳐 지나갔다.
disk11	NO16	1350	28	デビッドの脳裏に走るのは、「奴らがついにここまでやってきた・・・・これが最後の戦いになるのだ・・・」その言葉しかない。	disk11/ｲﾜﾀﾂ.png	main/linR.png	KO	"데이비드의 머릿속에는 오직 한 가지 생각만이 맴돌았다.
""놈들이 마침내 여기까지 왔구나... 이것이 우리의 마지막 싸움이 되겠군."""
disk11	NO16	1360	29	デビッドは叫んだ。「最後の儀式をとり行う！！　用意を・・・」	disk11/ｲﾜﾀﾂ.png	main/linR.png	KO	"데이비드가 외쳤다.
""최후의 의식을 거행한다!! 준비해라..."""
disk11	NO16	1370	30	・・・デビッドは、いつの間にか、古代民族の長の魔導師になっている・・・。	disk11/ｲﾜﾀﾂ.png	main/linR.png	KO	...어느새 데이비드는 고대 일족을 이끄는 마도사가 되어 있었다...
disk11	NO16	1380	31	民衆は手を上げ、ウオォ－ッ！！と興奮した叫びを上げる。	disk11/ﾀﾐ.png	main/linR.png	KO	우오오!, 군중은 두 손을 치켜들며 열광적인 함성을 내질렀다.
disk11	NO16	1390	32	・・・ここ百年間の間、デビッドの一族は、北の民族からの侵略により、この岩山に追いつめられていたのだ・・・。	disk11/ﾀﾐ.png	main/linR.png	KO	...지난 백 년 동안 데이비드의 일족은 북방 일족의 침략으로 인해 이 바위산으로 내몰린 것이었다...
disk11	NO16	1405	33	秘儀は、自分の命をかける事で超絶した力を発揮するが、もはや北の強大な勢力には及ばない事は判っている。	disk11/ﾀﾐ.png	main/linR.png	KO	암흑의 비술은 목숨을 대가로 초월적인 힘을 발휘하지만, 그것만으로는 북방의 강대한 세력을 막을 수 없다는 것을 알고 있었다.
disk11	NO16	1406	34	しかし、我が民族の滅亡にあたり一人でも多くの道連れを・・・と考えたのだ。	disk11/ﾀﾐ.png	main/linR.png	KO	그러나 일족의 멸망을 눈앞에 둔 지금, 한 명이라도 더 저승길의 동무로 삼겠다고 결심한 것이다.
disk11	NO16	1445	35	民衆もここが最後の死の砦としってか、魔導師のデビッドの秘義に全てを期待し熱狂している。	disk11/ﾀﾐ.png	main/linR.png	KO	백성들도 이곳이 최후의 보루임을 알고 있었는지, 마도사 데이비드가 펼칠 비술에 모든 희망을 걸고 열광했다.
disk11	NO16	1450	36	デビッド「ラ－イラ・エンヤ－・マイラ・・・シオン・サ－ンラ・エスノ・・・」	disk11/ｻｹﾌﾞ.png	main/linR.png	KO	데이비드: 라이라 엔야 마이라... 시온 산라 에스노...
disk11	NO16	1460	37	デビッドが呪文を唱え始めた・・・。	disk11/ｻｹﾌﾞ.png	main/linR.png	KO	데이비드는 주문을 외우기 시작했다...
disk11	NO16	1490	38	呪文に合わせるように、祭壇の火が大きくうねりながら燃え上がっていく。	disk11/ﾋ1.png	main/linR.png	KO	주문에 호응하듯 제단의 불길이 크게 일렁이며 치솟기 시작했다.
disk11	NO16	10000	78	ＤＡＴＡをＳＡＶＥしますか？　Ｙ／Ｎ	disk11/ﾋ1.png	main/linR.png	KO	
disk11	NO16	10040	84	ドライブ１に、ＳＡＶＥ・ディスクを入れて下さい。	disk11/ﾋ1.png	main/linR.png	KO	
disk11	NO16	10070	86	ドライブ１のディスクが違います。	disk11/ﾋ1.png	main/linR.png	KO	드라이브 1의 디스크가 다릅니다.
disk11	NO16	10110	87	ＳＡＶＥしました。ドライブ１のディスクに、ＭＡＩＮディスクを入れて下さい。	disk11/ﾋ1.png	main/linR.png	KO	
disk11	NO16	10150	89	ドライブ１のディスクが違います。	disk11/ﾋ1.png	main/linR.png	KO	드라이브 1의 디스크가 다릅니다.
disk11	NO17	1010	0	何台かの太鼓が、呪文に合わせ叩かれている。その単調なリズムは人を催眠させる不気味さを持っているようだ。	disk11/ﾄﾞﾗﾑ.png	main/linR.png	KO	여러 개의 북이 주문에 맞춰 울려 퍼졌다. 단조롭게 반복되는 그 리듬에는 사람을 최면에 빠뜨릴 듯한 섬뜩함이 감돌았다.
disk11	NO17	1030	1	太鼓に続き他の楽器が加わると、全ての民が体を激しく動かし狂乱の渦となり、トランス状態の乱舞となった。	disk11/ｵﾄﾞﾙ.png	main/linR.png	KO	북소리에 다른 악기들까지 더해지자, 군중은 온몸을 격렬하게 흔들며 광란의 소용돌이에 미친 듯이 춤을 췄다.
disk11	NO17	1040	2	興奮の狂乱が最高に盛り上がった瞬間、全員の動きが止まり音楽も消えた。	disk11/ｵﾄﾞﾙ.png	main/linR.png	KO	광란이 절정에 달한 순간, 모두가 일제히 움직임을 멈췄고 음악도 뚝 끊겼다.
disk11	NO17	1060	3	デビッドは天に向かって叫んだ。	disk11/ｻｹﾌﾞ.png	main/linR.png	KO	데이비드는 하늘을 향해 소리쳤다.
disk11	NO17	1070	4	民衆はデビッドへ狂乱の叫びを送り続ける・・・。	disk11/ｻｹﾌﾞ.png	main/linR.png	KO	군중은 데이비드를 향해 광기에 찬 함성을 계속 내질렀다...
disk11	NO17	1080	5	デビッドの呪文のためか、空に黒い雲が集まり太陽をさえぎっていく・・・。	disk11/ｻｹﾌﾞ.png	main/linR.png	KO	데이비드의 주문에 호응하듯 하늘에 검은 구름이 모여 태양을 집어삼켰다...
disk11	NO17	1090	6	・・・稲妻が走った・・・。	disk11/ｻｹﾌﾞ.png	main/linR.png	KO	...번개가 번쩍였다...
disk11	NO17	1110	7	それを合図にしたように、はるか遠方の地まで埋め尽くした北の民族が、総攻撃をしかけてきた。狂乱した民衆は、死の恐怖を忘れ、敵に向かって激しい抵抗を続けたが、次々と打ち倒されていく・・・。	disk11/ﾃｷﾍｲ.png	main/linR.png	KO	그것이 신호라도 된 듯 지평선 너머까지 새까맣게 뒤덮은 북방 일족이 총공격을 감행했다. 광기에 휩싸인 민중은 죽음의 공포마저 잊은 채 필사적으로 맞섰지만, 허무하게 차례차례 쓰러져 갔다...
disk11	NO17	1130	8	デビッドの死をかけた呪文が高まったのか、黒雲は稲光を発しながら敵の後方に流れ、地上に巨大な竜巻を起こした。	disk11/ﾀﾂﾏ1.png	main/linR.png	KO	데이비드의 목숨을 건 주문이 절정에 이르자, 번개를 품은 먹구름이 적의 후방으로 몰려가 거대한 회오리바람을 일으켰다.
disk11	NO17	1140	9	蟻つぶのような敵兵が竜巻きに巻き上げられ、その悲鳴が聞こえてくるような光景が展開されていった。	disk11/ﾀﾂﾏ2.png	main/linR.png	KO	개미 떼 같은 적병들이 회오리바람에 휩쓸려 올라갔고, 그들의 비명마저 들리는 듯한 광경이 눈에 들어왔다.
disk11	NO17	1160	10	デビッドは天を仰ぎつぶやいた。・・・「フフフフッ！　秘儀は成熟した・・・」	disk11/ｻｹﾌﾞ.png	main/linR.png	KO	"데이비드는 하늘을 올려다보며 낮게 웃었다...
""흐흐흐! 비술이 완성되었다..."""
disk11	NO17	1170	11	デビッドは満足げに、次々と竜巻に吸い上げられる敵兵を見ていた。	disk11/ｻｹﾌﾞ.png	main/linR.png	KO	데이비드는 만족스러운 표정으로 차례차례 회오리바람에 빨려 들어가는 적병들을 지켜보았다.
disk11	NO17	1171	12	「痛ッ！！・・・」　左肩に鋭い痛みがはしり、押し倒された。	disk11/ｻｹﾌﾞ.png	main/linR.png	KO	"""아악...!!""
왼쪽 어깨의 날카로운 통증과 함께 밀쳐져 쓰러졌다."
disk11	NO17	1180	13	デビッドは仰向けに振り向くと、敵の大男がデビッドの頭上に斧を振り落とす瞬間であった。	disk11/ｳｴﾐﾙ.png	main/linR.png	KO	데이비드가 고개를 돌리자, 거대한 적병이 그의 머리 위로 도끼를 내리치고 있었다.
disk11	NO17	1190	14	デビッド「ウワァ－！・・・」	disk11/ｵﾉ.png	main/linR.png	KO	데이비드: 으아악!
disk11	NO17	3000	15	ＣＤ－ＲＯＭよりＤＡＴＡの読み込みを始めます。ＨＩＴ　ＡＮＹ　ＫＥＹ	disk11/ｵﾉ.png	main/linR.png	KO	CD-ROM에서 데이터 읽습니다. 아무 키나 눌러주세요.
disk11	NO17	3010	16	　　　　　　　　ＣＤ－ＲＯＭよりＤＡＴＡを読み込み中	disk11/ｵﾉ.png	main/linR.png	KO	데이터를 읽는 중...
disk11	NO17	9910	42	デビッド「ウワァッ！！・・・・、ハァ、ハァ・・」	main/MEU4.png	main/linR.png	KO	데이비드: 으아악!! ...하아, 하아...
disk11	NO17	10000	49	ＤＡＴＡをＳＡＶＥしますか？　Ｙ／Ｎ	main/MEU4.png	main/linR.png	KO	
disk11	NO17	10040	55	ドライブ１に、ＳＡＶＥ・ディスクを入れて下さい。	main/MEU4.png	main/linR.png	KO	
disk11	NO17	10070	57	ドライブ１のディスクが違います。	main/MEU4.png	main/linR.png	KO	드라이브 1의 디스크가 다릅니다.
disk11	NO17	10110	58	ＳＡＶＥしました。ドライブ１のディスクに、ＭＡＩＮディスクを入れて下さい。	main/MEU4.png	main/linR.png	KO	
disk11	NO17	10150	60	ドライブ１のディスクが違います。	main/MEU4.png	main/linR.png	KO	드라이브 1의 디스크가 다릅니다.
disk12	NO18	1000	0	デビッドが話す。			KO	데이비드가 말한다.
disk12	NO18	1000	1	アンドリュ－が話す。			KO	앤드류가 말한다.
disk12	NO18	1000	2	マ－チンが話す。			KO	마틴이 말한다.
disk12	NO18	1000	3	アランが話す。			KO	앨런이 말한다.
disk12	NO18	1000	4	スシャ－ナが話す。			KO	수잔나가 말한다.
disk12	NO18	1010	5	シャ－マン・デビッドの叫びで、デビッドはバスの中にいる事に気づいた。外の景色を見ているうちに、いつの間にか眠り、また嫌な夢を見ていたのだと知った。	disk12/ﾊﾞｽ.png		KO	마도사의 비명에 정신을 차린 데이비드는 자신이 버스 안에 있다는 것을 깨달았다. 창밖을 구경하다 잠이 들었고, 다시 악몽을 꾼 것이다.
disk12	NO18	1020	6	バスの中で寝ていたメンバ－達も、デビッドの悲鳴に驚き起きてしまった。	disk12/ﾊﾞｽ.png		KO	버스에서 잠들어 있던 멤버들도 데이비드의 비명에 놀라 모두 잠에서 깼다.
disk12	NO18	1025	7	スシャ－ナ「どうしたの？　デビッド・・・」	disk12/ﾊﾞｽ.png	main/linR.png	KO	수잔나: 무슨 일이에요, 데이비드...?
disk12	NO18	1140	8	アンドリュ－「デビッド、どうしたんだ？・・・」	disk12/ﾊﾞｽ.png	main/andL.png	KO	앤드류: 데이비드, 왜 그래?
disk12	NO18	1150	9	アラン「また悪い夢を見たのか？　顔色が悪いぜ」	disk12/ﾊﾞｽ.png	main/alnL.png	KO	앨런: 또 악몽을 꾼 거야? 안색이 안 좋아 보여.
disk12	NO18	1160	10	マ－チン「大丈夫か？　顔色が死人みたいだよ。スシャ－ナなにか薬を飲ませてやってよ」	disk12/ﾊﾞｽ.png	main/marL.png	KO	마틴: 괜찮아? 얼굴빛이 시체처럼 창백하잖아. 수잔나, 약이라도 좀 줘봐.
disk12	NO18	1170	11	デビッド「・・・すまん・・・みんなを起こしてしまったようだな」	disk12/ﾊﾞｽ.png	main/davL.png	KO	데이비드: ...미안... 나 때문에 다들 깼구나.
disk12	NO18	1180	12	デビッド「みんなに心配かけてすまない。もう大丈夫だ」	disk12/ﾊﾞｽ.png	main/davL.png	KO	데이비드: 걱정시켜서 미안해. 이제 괜찮아.
disk12	NO18	1190	13	スシャ－ナ「お薬あげましょうか？」	disk12/ﾊﾞｽ.png	main/linR.png	KO	수잔나: 약 좀 드릴까요?
disk12	NO18	1200	14	スシャ－ナはこのまえと同じ錠剤を取り出し、デビッドに渡す・・・。	disk12/ﾊﾞｽ.png	main/linR.png	KO	수잔나는 전과 같은 알약을 꺼내 데이비드에게 건넸다...
disk12	NO18	1210	15	スシャ－ナ「大丈夫？」	disk12/ﾊﾞｽ.png	main/linR.png	KO	수잔나: 괜찮아요?
disk12	NO18	1220	16	デビッド「ありがとう・・・」	disk12/ﾊﾞｽ.png	main/davL.png	KO	데이비드: 고마워...
disk12	NO18	1230	17	アンドリュ－「まったく、俺達には解らないがデビッドはよっぽどひでぇ夢をみてんだなぁ」	disk12/ﾊﾞｽ.png	main/andL.png	KO	앤드류: 우린 이해할 수 없는 정말 지독한 악몽에 시달리는 모양이네.
disk12	NO18	1240	18	みんなはデビッドに同情するように話していたが、また眠くなったのか誰とはなしに全員シ－トにもたれ眠ってしまった。	disk12/ﾊﾞｽA.png	main/andL.png	KO	모두 걱정스럽게 말을 건넸지만 다시 졸음이 몰려온 모양이었다. 하나둘 좌석에 기대더니 결국 모두 잠들어 버렸다.
disk12	NO18	1260	19	デビッドも薬が効いたのか［アンジェ］の町を通過するまで、大声も出す事もなかった。ここは聖書にある［ヨハネの黙示録］を題材にした華麗なタピスリ－の城がある町だ。	disk12/ﾊﾞｽA.png	main/andL.png	KO	데이비드도 약효가 들었는지, `앙제' 마을을 지날 때까지 다시 비명을 지르지 않았다. 앙제는 성경의 `요한계시록'을 소재로 한 화려한 태피스트리가 있는 성이 있는 마을이다.
disk12	NO18	1270	20	バスはツア－の目的地［トゥ－ル］の町に着いた。	disk12/ﾊﾞｽB.png	main/andL.png	KO	버스는 다음 목적지인 `투르'에 도착했다.
disk12	NO18	1280	21	ここはロワ－ル地方の中心で、有名な古城が多くあるので有名だ・・・一行は［Ｈｏｔｅｌ　Ｄ’Ｏｒｌｅａｎｓ］に泊まる事になった。	disk12/ﾎﾃﾙ.png	main/andL.png	KO	투르는 루아르 지방의 중심지로 수많은 유명 고성으로 잘 알려진 도시다... 멤버들은 `Hotel D'Orleans'에 숙소를 잡았다.
disk12	NO18	1300	22	二日間のオフの前夜だ。スシャ－ナを除くメンバ－達は、アランの部屋でビ－ルを飲みながら上機嫌で話している。	disk12/ﾍﾔﾅｶ.png	main/andL.png	KO	이틀간의 휴식을 앞둔 밤, 수잔나를 제외한 멤버들은 앨런의 방에 모여 맥주를 마시며 즐겁게 이야기를 나눴다.
disk12	NO18	1310	23	テレビは深夜番組を流しているが、マ－チン以外は誰もフランス語がわからない。	disk12/ﾍﾔﾅｶ.png	main/andL.png	KO	TV에서는 심야 프로그램을 방영했지만, 마틴 말고는 아무도 프랑스어를 몰랐다.
disk12	NO18	1315	24	アンドリュ－「トゥ－ルの町に無事についた事だし、景気づけにビ－ルで乾杯しようぜ」	disk12/ﾍﾔﾅｶ.png	main/andL.png	KO	앤드류: 투르에도 무사히 도착했으니, 기분도 낼 겸 맥주로 건배하자고!
disk12	NO18	1470	25	アンドリュ－「乾杯！！」	disk12/ﾍﾔﾅｶ.png	main/andL.png	KO	앤드류: 건배!!
disk12	NO18	1480	26	アラン「コンサ－トの成功を祝って乾杯！　あれ？　俺の缶は空になっている。誰かビ－ル取ってくれ」	disk12/ﾍﾔﾅｶ.png	main/alnL.png	KO	앨런: 공연 성공을 기원하며 건배! 어라? 벌써 다 마셨네. 누가 맥주 좀 갖다줘!
disk12	NO18	1490	27	デビッド「あぁ、いいよ・・・」	disk12/ﾍﾔﾅｶ.png	main/davL.png	KO	데이비드: 자, 여기.
disk12	NO18	1500	28	「ふぁ・・・」　デビッドは大きなあくびをした。	disk12/ﾍﾔﾅｶ.png	main/davL.png	KO	"""하암...""
데이비드는 크게 하품했다."
disk12	NO18	1510	29	デビッド「ビ－ルを飲んだせいか、疲れが出て眠くなってきた。部屋に戻ってベッドにはいるとするか」	disk12/ﾍﾔﾅｶ.png	main/davL.png	KO	데이비드: 맥주를 마셔서 그런지 갑자기 졸리네. 난 방에 가서 좀 쉴게.
disk12	NO18	1520	30	マ－チン「アラン、ビ－ルを何缶開けたんだ。明日のオフを二日酔いで過ごす事になるぜ」	disk12/ﾍﾔﾅｶ.png	main/marL.png	KO	마틴: 앨런, 대체 몇 캔째야? 그러다 내일 하루 종일 숙취에 시달린다.
disk12	NO18	1530	31	マ－チン「デビッド、大丈夫かい。疲れが取れていないのか、顔色がさえないよ」	disk12/ﾍﾔﾅｶ.png	main/marL.png	KO	마틴: 데이비드, 괜찮아? 아직 피로가 안 풀렸는지 안색이 안 좋아 보이네.
disk12	NO18	1540	32	マ－チン「早く寝た方がいいよ。風邪でもひいたら大変なことになってしまう」	disk12/ﾍﾔﾅｶ.png	main/marL.png	KO	마틴: 일찍 자는 게 좋겠어. 감기라도 걸리면 큰일이잖아.
disk12	NO18	1550	33	デビッドは部屋から出ていった。残った三人は元気がいい。バスの中で寝ていたので絶好調だ。	disk12/ﾍﾔﾅｶ.png	main/marL.png	KO	데이비드는 방을 나갔다. 남은 세 사람은 버스에서 푹 잔 덕분인지 여전히 쌩쌩했다.
disk12	NO18	1560	34	マ－チン「デビッドは大丈夫かな？」	disk12/ﾍﾔﾅｶ.png	main/marL.png	KO	마틴: 데이비드는 괜찮으려나?
disk12	NO18	1570	35	アンドリュ－「もう１２時を越えている。今日の昼はどこに行こうかな？・・・マ－チン、たしかトゥ－ルは古城がたくさんあるって聞いたが、どの古城がおもしろいかな？」	disk12/ﾍﾔﾅｶ.png	main/andL.png	KO	앤드류: 벌써 12시가 넘었네. 내일 점심은 어디로 갈까? 마틴, 투르에는 고성이 많다던데 어디가 제일 볼 만해?
disk12	NO18	1580	36	マ－チン「そうだなー？・・・ア－ゼ・ル・リド－城もいいし、アンボワ－ズ城もあるし・・・あれっ！？　アラン、テレビのボリュ－ムを大きくしてくれないか！」	disk12/ﾍﾔﾅｶ.png	main/marL.png	KO	마틴: 글쎄? ...아제 르 리도 성도 좋고, 앙부아즈 성도 있고... 어라!? 앨런, TV 볼륨 좀 키워줄래.
disk12	NO18	1590	37	ビ－ルを飲みながら話しているとき、マ－チンがふとテレビを見るとカルナックで事故が起こった事を伝えていた。	disk12/ﾍﾔﾅｶ.png	main/marL.png	KO	맥주를 마시며 수다를 떨던 그때, 마틴의 눈에 카르낙 사고에 대한 TV 뉴스가 눈에 들어왔다.
disk12	NO18	1600	38	マ－チン「おい見ろよ。俺たちのコンサ－トが終わったあと、竜巻がおこってステ－ジのあとが、ぶっ飛んだと言ってるよ」	disk12/ﾍﾔﾅｶ.png	main/marL.png	KO	마틴: 저것 좀 봐, 우리 공연이 끝난 뒤에 회오리가 발생해서 무대가 날아가 버렸대.
disk12	NO18	1610	39	竜巻はステ－ジの解体現場を襲うように通過したために、作業員が強風で転落、２名の死者をだし負傷者も多数でたそうだ。	disk12/ﾍﾔﾅｶ.png	main/marL.png	KO	회오리가 무대 철거 현장을 휩쓸면서 지나가 작업자들이 강풍에 휘말려 추락했고, 사망자 두 명과 다수의 부상자가 발생했다고 보도되었다.
disk12	NO18	1620	40	マ－チンがテレビのフランス語をみんなに訳して話している。明日はビ－ルで二日酔いになるか、寝不足になるしかないようだ。	disk12/ﾍﾔﾅｶ.png	main/marL.png	KO	마틴은 TV 뉴스를 들으며 내용을 멤버들에게 통역해 주었다. 내일은 맥주로 숙취에 시달리거나, 잠을 설칠 수밖에 없을 것 같았다.
disk12	NO18	10000	69	ＤＡＴＡをＳＡＶＥしますか？　Ｙ／Ｎ	disk12/ﾍﾔﾅｶ.png	main/marL.png	KO	
disk12	NO18	10040	75	ドライブ１に、ＳＡＶＥ・ディスクを入れて下さい。	disk12/ﾍﾔﾅｶ.png	main/marL.png	KO	
disk12	NO18	10070	77	ドライブ１のディスクが違います。	disk12/ﾍﾔﾅｶ.png	main/marL.png	KO	드라이브 1의 디스크가 다릅니다.
disk12	NO18	10110	78	ＳＡＶＥしました。ドライブ１のディスクに、ＭＡＩＮディスクを入れて下さい。	disk12/ﾍﾔﾅｶ.png	main/marL.png	KO	
disk12	NO18	10150	80	ドライブ１のディスクが違います。	disk12/ﾍﾔﾅｶ.png	main/marL.png	KO	드라이브 1의 디스크가 다릅니다.
disk12	NO19	300	0	デビッドは考える。	disk12/ﾍﾔﾅｶ.png	main/marL.png	KO	데이비드는 생각한다.
disk12	NO19	300	1	町並みを見る。	disk12/ﾍﾔﾅｶ.png	main/marL.png	KO	거리 주위를 둘러본다.
disk12	NO19	300	2	石造りの町並みを歩く	disk12/ﾍﾔﾅｶ.png	main/marL.png	KO	석조 거리를 걷는다.
disk12	NO19	310	3	上に登る道を行く	disk12/ﾍﾔﾅｶ.png	main/marL.png	KO	오르막길을 간다.
disk12	NO19	310	4	右の道を行く	disk12/ﾍﾔﾅｶ.png	main/marL.png	KO	오른쪽 길로 간다.
disk12	NO19	310	5	デビッドが話す。	disk12/ﾍﾔﾅｶ.png	main/marL.png	KO	데이비드가 말한다.
disk12	NO19	310	6	占い師が話す。	disk12/ﾍﾔﾅｶ.png	main/marL.png	KO	점술가가 말한다.
disk12	NO19	1020	7	部屋に戻りベッドに寝ていたデビッドは、夢の世界が現実と錯覚するほど、明確なものになってきているのに不安を感じていたが、	disk12/ﾍﾞｯﾄ.png	main/marL.png	KO	방으로 돌아와 침대에 누운 데이비드는 꿈속 세계가 현실과 혼동될 정도로 선명해지고 있다는 사실에 불안을 느꼈지만,
disk12	NO19	1030	8	どんなに恐ろしい夢でも夢の中で死ぬ事はないのだと考え、	disk12/ﾍﾞｯﾄ.png	main/marL.png	KO	아무리 끔찍한 꿈이라도 꿈 때문에 죽는 일은 없을 거라고 생각했다.
disk12	NO19	1040	9	夢の中の自分が何者であろうと夢は夢。映画の中の主人公になったつもりで夢を楽しめば、	disk12/ﾍﾞｯﾄ.png	main/marL.png	KO	꿈은 꿈일 뿐이야. 영화 속에 주인공이 된 기분으로 즐기자.
disk12	NO19	1050	10	そう思うと、夢を怖がる必要がない事に気づき、安心して寝る事ができた。	disk12/ﾍﾞｯﾄ.png	main/marL.png	KO	그렇게 마음을 먹자, 더는 꿈을 두려워할 필요가 없다는 것을 깨닫고 안심하고 잠들 수 있었다.
disk12	NO19	1060	11	いつのまにか、デビッドは一人で、薄汚い石造りの町角に立っている。	disk12/ﾛｼﾞ3.png	main/marL.png	KO	어느새 데이비드는 낡고 음산한 석조 거리 한구석에 홀로 서 있었다.
disk12	NO19	1210	13	・・・んっ！？　ここは・・・どこなんだ？　夢の中に出て来る幻想的な世界では？・・・。	disk12/ﾛｼﾞ3.png	main/marL.png	KO	...응!? 여기는... 어디지? 또 꿈속의 이상한 세계인가...?
disk12	NO19	1220	14	外灯も無く月も出ていないのに、町並みは薄明るい。どの石造りの家も道路に面した扉がない。	disk12/ﾛｼﾞ3.png	main/marL.png	KO	가로등도 달빛조차 없었지만, 거리에는 희미한 빛이 감돌았다. 어느 석조 건물에도 문이 보이지 않았다.
disk12	NO19	1230	15	・・・たしか前にも見たことがあるが・・・そうだ！　俺は、いま夢の中にいるんだ。怖がる事などない、夢の町を歩いてみよう・・・。	disk12/ﾛｼﾞ3.png	main/marL.png	KO	...분명 전에 본 적이 있는 곳인데... 맞아! 나는 지금 꿈속에 있는 거야. 겁낼 필요 없어, 꿈속의 거리를 걸어 보자...
disk12	NO19	1240	16	道路が二つに別れた所に出た。	disk12/ﾐﾁ2.png	main/marL.png	KO	길이 두 갈래로 나뉘는 곳에 다다랐다.
disk12	NO19	1250	17	・・・この町並みも、どこかで見た記憶があるが、思い出せない・・・。	disk12/ﾐﾁ2.png	main/marL.png	KO	...이 거리도 어디선가 본 것 같은데... 기억이 나지 않아...
disk12	NO19	1260	18	・・・上に登る道と右に曲がる道に別れている・・・。	disk12/ﾐﾁ2.png	main/marL.png	KO	...오르막길과 오른쪽으로 꺾인 길이 있다...
disk12	NO19	1270	19	・・・上と右に道が別れている・・・どちらに行こうか・・・？	disk12/ﾐﾁ2.png	main/marL.png	KO	...위쪽과 오른쪽으로 길이 갈라졌다... 어디로 가지?
disk12	NO19	1290	20	上に登る道を行く	disk12/ﾐﾁ2.png	main/marL.png	KO	오르막길을 선택했다.
disk12	NO19	1420	21	まっすぐな道に占いの看板が左右に並んでいる、全ての家が占い師の店だ。	disk12/ﾛｼﾞ5.png	main/marL.png	KO	곧게 뻗은 길 양쪽에는 점술 간판이 줄지어 있었다. 모든 건물이 점집인 듯했다.
disk12	NO19	1430	22	・・・なんだ、ここは。　占いの街か？・・・。	disk12/ﾛｼﾞ5.png	main/marL.png	KO	...여긴 뭐지... 점술 거리인가?
disk12	NO19	1440	23	異様な感じであったが、デビッドはその通りを歩きだした。	disk12/ﾛｼﾞ5.png	main/marL.png	KO	기이한 느낌이 들었지만, 데이비드는 그 길을 걷기 시작했다.
disk12	NO19	1450	24	右側の家から占い師が出てきて、陰気な声で言う・・・。	disk12/ﾛｼﾞ5.png	main/marL.png	KO	오른쪽 집에서 점술가가 나와 음침한 목소리로 말했다...
disk12	NO19	1460	25	占い師「・・・ようこそ・・・魔王様・・・」	disk12/ﾛｼﾞ5.png	main/marL.png	KO	점술가: ...어서 오십시오... 마왕님...
disk12	NO19	1470	26	デビッド「えっ！？・・・」　デビッドはとまどって言葉が続かない・・・。	disk12/ﾛｼﾞ5.png	main/davL.png	KO	"데이비드: 뭐!?
데이비드는 당황해 말을 잇지 못했다."
disk12	NO19	1490	27	デビッド「俺が悪魔だと、何故だ？・・・」	disk12/ﾛｼﾞ5.png	main/davL.png	KO	데이비드: 내가 악마라니, 무슨 소리야?
disk12	NO19	1500	28	デビッド「俺が魔王だと、何故だ？・・・」	disk12/ﾛｼﾞ5.png	main/davL.png	KO	데이비드: 내가 마왕이라니, 무슨 소리야?
disk12	NO19	1510	29	デビッド「俺はデビッドだ。貴様は誰だ？・・・」	disk12/ﾛｼﾞ5.png	main/davL.png	KO	데이비드: 나는 데이비드야. 넌 대체 누구야?
disk12	NO19	1520	30	デビッド「お前は、俺を知っているのか？・・・」	disk12/ﾛｼﾞ5.png	main/davL.png	KO	데이비드: 나를 알고 있는 거야?
disk12	NO19	1530	31	デビッド「お前は、誰だ？・・・」	disk12/ﾛｼﾞ5.png	main/davL.png	KO	데이비드: 넌 누구야?
disk12	NO19	1540	32	デビッド「ここは、どこだ？・・・」	disk12/ﾛｼﾞ5.png	main/davL.png	KO	데이비드: 여긴 대체 어디야?
disk12	NO19	1570	33	デビッドは訳が解らないので無視して先に進む・・・。	disk12/ﾛｼﾞ5.png	main/davL.png	KO	데이비드는 영문을 알 수 없어 무시하고 앞으로 나아간다...
disk12	NO19	1650	34	右側の家から占い師が出てきて、陰気な声で言う・・・。	disk12/ﾛｼﾞ5.png	main/davL.png	KO	오른쪽 집에서 점술가가 나와 음침한 목소리로 말했다...
disk12	NO19	1660	35	占い師「・・・ようこそ・・・魔王様・・・」	disk12/ﾛｼﾞ5.png	main/davL.png	KO	점술가: ...어서 오십시오... 마왕님...
disk12	NO19	1670	36	左側の家から占い師が出てきて、吐き出すような声で言う・・・。	disk12/ﾛｼﾞ5.png	main/davL.png	KO	왼쪽 집에서 점술가가 나와서 쏘아붙일 듯 내뱉었다.
disk12	NO19	1680	37	占い師「来たな。　異端の悪魔め・・・」	disk12/ﾛｼﾞ5.png	main/davL.png	KO	점술가: 왔구나, 이 이단 악마 놈...
disk12	NO19	1690	38	占い師「・・・ようこそ・・・魔王様・・・」	disk12/ﾛｼﾞ5.png	main/davL.png	KO	점술가: ...어서 오십시오... 마왕님...
disk12	NO19	1700	39	占い師は同じ言葉を繰り返すだけで、ニタニタとへつらうように笑っているだけだ。	disk12/ﾛｼﾞ5.png	main/davL.png	KO	점술가는 같은 말만 되풀이하며 아첨하듯 히죽거릴 뿐이었다.
disk12	NO19	1710	40	占い師「来たな。　異端の悪魔め・・・」	disk12/ﾛｼﾞ5.png	main/davL.png	KO	점술가: 왔구나, 이 이단 악마 놈...
disk12	NO19	1720	41	占い師は、けわしい表情で同じ言葉を繰り返すだけだった。	disk12/ﾛｼﾞ5.png	main/davL.png	KO	점술가는 험악한 표정으로 똑같은 말만 되풀이했다.
disk12	NO19	1800	42	デビッドは通りを歩き続けた。	disk12/ﾛｼﾞ5.png	main/davL.png	KO	데이비드는 거리를 계속 걸어갔다.
disk12	NO19	10000	72	ＤＡＴＡをＳＡＶＥしますか？　Ｙ／Ｎ	disk12/ﾛｼﾞ5.png	main/davL.png	KO	
disk12	NO19	10040	78	ドライブ１に、ＳＡＶＥ・ディスクを入れて下さい。	disk12/ﾛｼﾞ5.png	main/davL.png	KO	
disk12	NO19	10070	80	ドライブ１のディスクが違います。	disk12/ﾛｼﾞ5.png	main/davL.png	KO	드라이브 1의 디스크가 다릅니다.
disk12	NO19	10110	81	ＳＡＶＥしました。ドライブ１のディスクに、ＭＡＩＮディスクを入れて下さい。	disk12/ﾛｼﾞ5.png	main/davL.png	KO	
disk12	NO19	10150	83	ドライブ１のディスクが違います。	disk12/ﾛｼﾞ5.png	main/davL.png	KO	드라이브 1의 디스크가 다릅니다.
disk12	NO20	1000	0	デビッドは考える。	disk12/ﾛｼﾞ5.png	main/davL.png	KO	데이비드는 생각한다.
disk12	NO20	1000	1	町並みを見る。	disk12/ﾛｼﾞ5.png	main/davL.png	KO	거리 주위를 둘러본다.
disk12	NO20	1000	2	石造りの町並みを歩く	disk12/ﾛｼﾞ5.png	main/davL.png	KO	석조 거리를 걷는다.
disk12	NO20	1010	3	デビッドが話す。	disk12/ﾛｼﾞ5.png	main/davL.png	KO	데이비드가 말한다.
disk12	NO20	1010	4	占い師の声を聞く。	disk12/ﾛｼﾞ5.png	main/davL.png	KO	점술가의 말을 듣는다.
disk12	NO20	1290	5	左の道を行く	disk12/ﾛｼﾞ5.png	main/davL.png	KO	왼쪽 길로 간다.
disk12	NO20	1420	6	まっすぐな道に占いの看板が左右に並んでいる。全ての家が占い師の店だ。	disk12/ﾛｼﾞ5.png	main/davL.png	KO	곧게 뻗은 길 양쪽에는 점술 간판이 줄지어 있었다. 모든 건물이 점집인 듯했다.
disk12	NO20	1430	7	・・・なんだ、ここは。　占いの街か？・・・。	disk12/ﾛｼﾞ5.png	main/davL.png	KO	...여긴 뭐지... 점술 거리인가?
disk12	NO20	1440	8	異様な感じであったが、デビッドはその通りを歩きだした。	disk12/ﾛｼﾞ5.png	main/davL.png	KO	기이한 느낌이 들었지만, 데이비드는 그 길을 걷기 시작했다.
disk12	NO20	1450	9	左側の家の扉が開き、陰気な声が流れて来た・・・。	disk12/ﾛｼﾞ5.png	main/davL.png	KO	왼쪽 집의 문이 열리며 음산한 목소리가 흘러나왔다...
disk12	NO20	1460	10	「私は占い師です・・・ようこそ・・・魔王様・・・」	disk12/ﾛｼﾞ5.png	main/davL.png	KO	"""저는 점술가입니다... 어서 오십시오... 마왕님..."""
disk12	NO20	1470	11	デビッド「えっ！？・・・」	disk12/ﾛｼﾞ5.png	main/davL.png	KO	데이비드: 뭐!?
disk12	NO20	1475	12	デビッドが開いた扉の中を見ると、地面から手だけが出て動き、人はいなかった・・・。	disk12/ﾛｼﾞ5.png	main/davL.png	KO	데이비드가 열린 문 안을 들여다보니 아무도 없었고, 바닥에서 솟아난 손만 움직이고 있었다...
disk12	NO20	1490	13	デビッド「俺が悪魔だと？　何故だ？・・・」	disk12/ﾛｼﾞ5.png	main/davL.png	KO	데이비드: 내가 악마라니, 무슨 소리야?
disk12	NO20	1500	14	デビッド「俺が魔王だと？　何故だ？・・・」	disk12/ﾛｼﾞ5.png	main/davL.png	KO	데이비드: 내가 마왕이라니, 무슨 소리야?
disk12	NO20	1510	15	デビッド「俺はデビッドだ。正体を現せ！！」	disk12/ﾛｼﾞ5.png	main/davL.png	KO	데이비드: 난 데이비드다. 숨지 말고 나와!!
disk12	NO20	1520	16	デビッド「お前は、俺を知っているのか？・・・」	disk12/ﾛｼﾞ5.png	main/davL.png	KO	데이비드: 넌 나를 알고 있는 거야?
disk12	NO20	1530	17	デビッド「お前は、何者だ？・・・」	disk12/ﾛｼﾞ5.png	main/davL.png	KO	데이비드: 넌 대체 누구야?
disk12	NO20	1540	18	デビッド「手だけの占い師か、姿を現せ！！」	disk12/ﾛｼﾞ5.png	main/davL.png	KO	데이비드: 손만 있지 않을 텐데, 모습을 드러내!!
disk12	NO20	1570	19	デビッドは、訳が判らず気味が悪くなってきたので、無視して先に進む・・・。	disk12/ﾛｼﾞ5.png	main/davL.png	KO	영문을 알 수 없는 데이비드는 기분이 섬뜩해져, 무시하고 앞으로 나아갔다...
disk12	NO20	1650	20	左側の家の扉が開き、陰気な声が流れてきた・・・。	disk12/ﾛｼﾞ5.png	main/davL.png	KO	왼쪽 집의 문이 열리며 음산한 목소리가 흘러나왔다...
disk12	NO20	1660	21	左からの声「・・・ようこそ・・・魔王様・・・私は占い師です」	disk12/ﾛｼﾞ5.png	main/davL.png	KO	왼쪽 목소리: ...어서 오십시오... 마왕님... 저는 점술가입니다.
disk12	NO20	1670	22	右側の家の扉が開き、吐き出すような声が流れてきた・・・。	disk12/ﾛｼﾞ5.png	main/davL.png	KO	오른쪽 집의 문이 열리며, 쏘아붙이는 목소리가 흘러나왔다...
disk12	NO20	1680	23	右からの声「俺は占い師だ！　ついに来たな。　異端の悪魔め！」	disk12/ﾛｼﾞ5.png	main/davL.png	KO	오른쪽 목소리: 나는 점술사다! 드디어 왔구나, 이 이단 악마 놈!
disk12	NO20	1690	24	左からの声「・・・ようこそ・・・魔王様・・・」	disk12/ﾛｼﾞ5.png	main/davL.png	KO	왼쪽 목소리: ...어서 오십시오... 마왕님...
disk12	NO20	1700	25	同じ言葉が流れるだけで、占い師の手が歓迎しているようにうごいている。	disk12/ﾛｼﾞ5.png	main/davL.png	KO	같은 말만 되풀이됐고, 점술가의 손은 마치 환영하는 듯 움직였다.
disk12	NO20	1710	26	右からの声「来たな。　異端の悪魔め！」	disk12/ﾛｼﾞ5.png	main/davL.png	KO	오른쪽 목소리: 왔구나, 이 이단 악마 놈!
disk12	NO20	1720	27	吐き捨てるような言葉は、同じ言葉しか言わず、地面から出た手はデビッドを追い払うように動いている。	disk12/ﾛｼﾞ5.png	main/davL.png	KO	경멸 섞인 말만 되풀이하며, 땅에서 솟아난 손은 데이비드를 쫓아내려는 듯 움직였다.
disk12	NO20	1800	28	デビッドは通りを歩き続けた。	disk12/ﾛｼﾞ5.png	main/davL.png	KO	데이비드는 거리를 계속 걸어갔다.
disk12	NO20	10000	54	ＤＡＴＡをＳＡＶＥしますか？　Ｙ／Ｎ	disk12/ﾛｼﾞ5.png	main/davL.png	KO	
disk12	NO20	10040	60	ドライブ１に、ＳＡＶＥ・ディスクを入れて下さい。	disk12/ﾛｼﾞ5.png	main/davL.png	KO	
disk12	NO20	10070	62	ドライブ１のディスクが違います。	disk12/ﾛｼﾞ5.png	main/davL.png	KO	드라이브 1의 디스크가 다릅니다.
disk12	NO20	10110	63	ＳＡＶＥしました。ドライブ１のディスクに、ＭＡＩＮディスクを入れて下さい。	disk12/ﾛｼﾞ5.png	main/davL.png	KO	
disk12	NO20	10150	65	ドライブ１のディスクが違います。	disk12/ﾛｼﾞ5.png	main/davL.png	KO	드라이브 1의 디스크가 다릅니다.
disk12	20-1	1740	0	デビッドは恐ろしくなり後ろを振り返ると、いつの間にか後ろの町並みが、果てしなく占い師の店になっている。	disk12/ﾛｼﾞ4.png	main/davL.png	KO	두려움에 사로잡힌 데이비드가 뒤를 돌아보자, 어느새 지나온 거리는 끝도 없이 점술가의 가게로 이어져 있었다.
disk12	20-1	1742	1	デビッド「確か、この町並み？　今、通ったばかりじゃないか！？」	disk12/ﾛｼﾞ4.png	main/davL.png	KO	데이비드: 분명 이 거리는? 방금 지나온 곳이잖아!?
disk12	20-1	1750	2	・・・前を見てもデビッドは恐怖を感じた。前方の通りも占い師の店が並び、果てしなく続いている・・・	disk12/ﾛｼﾞ5.png	main/davL.png	KO	...앞을 바라본 데이비드는 공포에 질렸다. 전방에도 점술가의 가게가 끝없이 늘어서 있었다...
disk12	20-1	1752	3	デビッド「馬鹿な！？この町並みも・・・ウワァ！  誰か、助けてくれ！！」	disk12/ﾛｼﾞ5.png	main/davL.png	KO	데이비드: 맙소사!? 이쪽도... 으아아! 누가 좀 도와줘!!
disk12	20-1	1760	4	・・・前後の通りから占い師の声が何重にも重なり嵐のようにデビッドを襲ってきた・・・	disk12/ﾛｼﾞ5.png	main/davL.png	KO	...앞뒤에서 들려오는 점술가들의 목소리가 수없이 겹쳐지며 폭풍처럼 데이비드를 덮쳐왔다...
disk12	20-1	1770	5	・・・テビッドはその音圧で押しつぶされそうになり・・・	disk12/ﾛｼﾞ5.png	main/davL.png	KO	...데이비드는 그 음압에 짓눌리는 듯했다...
disk12	20-1	1780	6	・・・そして、ついに耳を抑えて倒れ込んだ・・・	disk12/ｸﾙｼﾑ.png	main/davL.png	KO	...그리고 결국 귀를 막고 쓰러졌다...
disk12	20-1	1790	7	デビッド「も、もう、やめてくれー・・・ウウ－ッ！　ウワァ！！」	disk12/ｸﾙｼﾑ.png	main/davL.png	KO	데이비드: 제, 제발 그만둬... 으윽!! 으아아!!
disk12	20-1	1800	8	・・・夢が覚めた・・・まだ頭の中で鳴り響いている・・・	disk12/Dｷｽﾞ.png	main/davL.png	KO	...꿈에서 깨어났구나... 아직 머릿속에서 울리고 있어...
disk12	20-1	1810	9	デビッド「クソ－ッ、頭が割れそうだ。なんて夢なんだ・・・」	disk12/Dｷｽﾞ.png	main/davL.png	KO	데이비드: 제기랄, 머리가 깨질 것 같아. 개 같은 꿈...
disk12	20-1	1820	10	・・・デビッドは泣きだしてしまった・・・	disk12/Dｷｽﾞ.png	main/davL.png	KO	...데이비드는 울음을 터뜨리고 말았다.
disk12	20-1	1830	11	・・・ようやく正常に戻れたデビッドは、左肩に痛みを感じた・・・	disk12/Dｷｽﾞ.png	main/davL.png	KO	...겨우 마음을 진정시킨 데이비드는 왼쪽 어깨에 통증을 느꼈다...
disk12	20-1	1840	12	デビッド「痛っー！！」	disk12/Dｷｽﾞ.png	main/davL.png	KO	데이비드: 윽!!
disk12	20-1	1850	13	見ると胸のアザと同じようなアザが左肩にもできている・・・まさか、昼間、夢で見たシャ－マン・デビッドが斧で、あの痛みは左肩だった・・・	disk12/Dｷｽﾞ.png	main/davL.png	KO	"살펴보니 가슴의 멍과 같은 멍이 왼쪽 어깨에도 남아 있었다...
낮에 꿈속의 내가 도끼로 당했던 곳이... 왼쪽 어깨였는데..."
disk12	20-1	1860	14	・・・夢の中で・・・まさか、魔導師のデビッドが斧で、あの痛みは左肩だった・・・	disk12/Dｷｽﾞ.png	main/davL.png	KO	...설마 꿈속에서... 마도사가 된 내가 도끼로 당한 곳도... 왼쪽 어깨였어...
disk12	20-1	1870	15	デビッドは不安を感じてきた。なにかとてつもないことが自分の身に起きているのではと・・・	disk12/Dｷｽﾞ.png	main/davL.png	KO	데이비드의 불안은 점점 커져만 갔다. 혹시 자신에게 상상도 할 수 없는 뭔가가 일어나고 있는 게 아닐까...
disk12	20-1	1880	16	・・・スシャ－ナが持っている薬を飲めば夢から逃げられた。まだ起きているかもしれない・・・	disk12/Dｷｽﾞ.png	main/davL.png	KO	...수잔나의 약을 먹으면 악몽을 꾸지 않았어... 아직 깨어 있을지도 몰라...
disk12	20-1	1890	17	デビッドはスシャ－ナの部屋にコ－ルを入れてみた・・・しかし誰もでない。	disk12/ﾍﾞｯﾄ.png	main/davL.png	KO	데이비드는 수잔나의 방으로 전화를 걸었다... 그러나 받지 않았다.
disk12	20-1	1900	18	・・・もう寝ているようだ。しかたない・・デビッドは無理やり寝ることにした。	disk12/ﾍﾞｯﾄ.png	main/davL.png	KO	"...벌써 잠든 모양이구나. 어쩔 수 없지...
데이비드는 억지로 잠을 청했다."
disk12	20-1	3000	19	ＣＤ－ＲＯＭよりＤＡＴＡの読み込みを始めます。ＨＩＴ　ＡＮＹ　ＫＥＹ	disk12/ﾍﾞｯﾄ.png	main/davL.png	KO	CD-ROM에서 데이터 읽습니다. 아무 키나 눌러주세요.
disk12	20-1	3010	20	　　　　　　　　ＣＤ－ＲＯＭよりＤＡＴＡを読み込み中	disk12/ﾍﾞｯﾄ.png	main/davL.png	KO	데이터를 읽는 중...
disk12	20-1	9910	50	デビッド「ウワァッ！！・・・・、ハァ、ハァ・・」	main/MEU4.png	main/davL.png	KO	데이비드: 으아악!! ...하아, 하아...
disk12	20-1	10000	57	ＤＡＴＡをＳＡＶＥしますか？　Ｙ／Ｎ	main/MEU4.png	main/davL.png	KO	
disk12	20-1	10040	63	ドライブ１に、ＳＡＶＥ・ディスクを入れて下さい。	main/MEU4.png	main/davL.png	KO	
disk12	20-1	10070	65	ドライブ１のディスクが違います。	main/MEU4.png	main/davL.png	KO	드라이브 1의 디스크가 다릅니다.
disk12	20-1	10110	66	ＳＡＶＥしました。ドライブ１のディスクに、ＭＡＩＮディスクを入れて下さい。	main/MEU4.png	main/davL.png	KO	
disk12	20-1	10150	68	ドライブ１のディスクが違います。	main/MEU4.png	main/davL.png	KO	드라이브 1의 디스크가 다릅니다.
disk22	NO45	900	0	デビッドが話す。			KO	데이비드가 말한다.
disk22	NO45	900	1	アンドリュ－が話す。			KO	앤드류가 말한다.
disk22	NO45	900	2	マ－チンが話す。			KO	마틴이 말한다.
disk22	NO45	900	3	アランが話す。			KO	앨런이 말한다.
disk22	NO45	900	4	スシャ－ナが話す。			KO	수잔나가 말한다.
disk22	NO45	1000	5	翌日、デビッド達は、ベルリンの壁を見物に行った。	disk22/ｶﾍﾞ.png		KO	다음 날, 멤버들은 베를린 장벽을 구경하러 나갔다.
disk22	NO45	1010	6	６時にホテルに戻ると、スシャ－ナが待っていた。	disk22/ﾍﾔ.png		KO	오후 6시쯤에 호텔로 돌아오니, 수잔나가 그들을 기다리고 있었다.
disk22	NO45	1020	7	着替えをすませて、デビッド達はタクシ－に分乗し、ホテル・ブリストルへと出発した。	disk22/ﾍﾔ.png		KO	옷을 갈아입은 멤버들은 택시에 나눠 타고 호텔 브리스톨로 향했다.
disk22	NO45	1025	8	ホテル・ブリストルに着いた。	disk22/ﾎﾃﾙB.png		KO	호텔 브리스톨에 도착했다.
disk22	NO45	1030	9	ボ－イに案内されチャリティ・ショ－の会場に入り、予約されたテ－ブルに５人が座った。	disk22/ﾊﾟｰﾃ.png		KO	종업원의 안내를 받아 자선 행사장으로 들어간 그들은 예약된 테이블에 앉았다.
disk22	NO45	1035	10	会場の客はタキシ－ドとドレスで正装し、会話も小さな声で話している。場内を流れるクラッシック音楽も、静かな会話に合わせて、音量を極度に低くしている。	disk22/ﾊﾟｰﾃ.png		KO	손님들은 모두 턱시도와 드레스로 격식을 갖췄고, 대화조차 조용하게 나누고 있었다. 연회장에 흐르는 클래식 음악도 그 분위기에 맞춰 낮게 깔려 있었다.
disk22	NO45	1300	11	マ－チン「服を着替えてきて良かったね。昼間の格好をしていたら門前払いだったよ」	disk22/ﾊﾟｰﾃ.png	main/marL.png	KO	마틴: 옷 갈아입고 오길 잘했어. 그냥 그대로 왔으면 입구에서 바로 쫓겨났겠어.
disk22	NO45	1310	12	スシャ－ナ「だから言ったでしょう。このホテルは格式が高いので有名だって。チャリティ・ショ－だとフォ－マルで来るのは常識よ」	disk22/ﾊﾟｰﾃ.png	main/linR.png	KO	수잔나: 그러니까 말했잖아요. 이 호텔은 격식이 엄격하기로 유명하다고요. 이런 자선 행사에 정장을 입고 오는 건 기본이잖아요.
disk22	NO45	1320	13	アラン「来るんじゃなかったぜ。こんな格式張ったパ－ティだとは知らなかった」	disk22/ﾊﾟｰﾃ.png	main/alnL.png	KO	앨런: 괜히 왔네. 이렇게 엄격한 파티인 줄 몰랐어.
disk22	NO45	1330	14	スシャ－ナ「アラン、もしロンドンに帰ってプラチナディスクを貰ったりしたら、今よりもっと格式張るんだから。こんな場所にもなれておかないと・・・」	disk22/ﾊﾟｰﾃ.png	main/linR.png	KO	수잔나: 앨런, 런던으로 돌아가 플래티넘 디스크라도 받게 되면 이것보다 훨씬 격식을 차려야 해요. 이런 분위기에 익숙해지는 게 좋아요...
disk22	NO45	1340	15	アンドリュ－「俺達がもっと頑張って、アメリカや日本にコンサ－ト・ツア－をして成功すれば、ディスクも夢ではないさ」	disk22/ﾊﾟｰﾃ.png	main/andL.png	KO	앤드류: 우리가 더 열심히 해서 미국, 일본 투어까지 성공시키면 플래티넘 디스크도 꿈만은 아니야.
disk22	NO45	1350	16	スシャ－ナ「そうよ。私の夢は、皆がディスクを貰えることよ。さあ、食事をしましょう。テ－ブルの上の料理を片付けないと後の料理が出てこないわ」	disk22/ﾊﾟｰﾃ.png	main/linR.png	KO	수잔나: 맞아요. 제 꿈은 여러분이 상을 받는 거예요. 자, 이제 식사를 들죠. 어서 요리를 비워야 다음 요리가 나오잖아요.
disk22	NO45	1360	17	テ－ブルの料理が変わり始めた頃、ステ－ジが暗くなり、ドラムとシンバルが激しく鳴った。	disk22/ﾊﾟｰﾃ.png	main/linR.png	KO	다음 요리가 나올 때쯤, 갑자기 무대의 조명이 꺼지고 드럼과 심벌이 격렬하게 울려 퍼졌다.
disk22	NO45	1370	18	スポット・ライトに招かれるように、手品師ホルゲン・クロストが現れ、短い挨拶をすませて、ステ－ジのテ－ブルの上に置かれたコップを手に取った。	disk22/ｼｮｰ.png	disk43/ﾒｵﾄｺ.png	KO	스포트라이트를 받으며 마술사 홀겐 크로스트가 등장했다. 짧게 인사를 마친 그는 무대 위 테이블에 놓인 유리잔을 집어 들었다.
disk22	NO45	1380	19	クロスト「ここに同じグラスが二つあります。一つのグラスはお客様のテ－ブルに置かせて頂きます」	disk22/ｼｮｰ.png	disk43/ﾒｵﾄｺ.png	KO	크로스트: 여기 똑같은 유리잔 두 개가 있습니다. 그중 하나를 손님 테이블에 놓겠습니다.
disk22	NO45	1390	20	会場の客の半分が外国人だったので、助手の女性が英語で通訳している。クロストは一番近いテ－ブルに行き、手に持ったグラスを置いてステ－ジに戻った。	disk22/ﾊﾟｰﾃ.png	disk43/ﾒｵﾄｺ.png	KO	관객의 절반가량이 외국인이어서 여성 조수가 영어로 통역을 하고 있었다. 크로스트는 무대에서 가장 가까운 테이블에 잔 하나를 놓고 다시 무대로 돌아왔다.
disk22	NO45	1400	21	クロスト「では、残ったもう一つのグラスに硬貨を入れましょう」	disk22/ｼｮｰ.png	disk43/ﾒｵﾄｺ.png	KO	크로스트: 그럼, 남은 유리잔에 동전을 하나 넣어 보겠습니다.
disk22	NO45	1410	22	クロストは、大きめの硬貨をグラスに音をたてて落とした。	disk22/ｼｮｰ.png	disk43/ﾒｵﾄｺ.png	KO	큼직한 동전이 유리잔 속에 소리를 내며 떨어졌다.
disk22	NO45	1415	23	音が消えた時、硬貨が消える。	disk22/ｼｮｰ.png	disk43/ﾒｵﾄｺ.png	KO	소리가 사라지자, 동전이 사라졌다.
disk22	NO45	1418	24	その時、一番近いテ－ブルの客から悲鳴が起こった。	disk22/ﾊﾟｰﾃ.png	disk43/ﾒｵﾄｺ.png	KO	그 순간, 잔이 놓인 테이블에서 놀란 비명이 터져 나왔다.
disk22	NO45	1420	25	デビッド達が、そのテ－ブルの上に置かれたグラスを見て驚いた。何も入っていないはずのグラスに硬貨が入っている。	disk22/ﾊﾟｰﾃ.png	disk43/ﾒｵﾄｺ.png	KO	멤버들도 그 테이블의 유리잔을 보고 깜짝 놀랐다. 비어 있어야 할 잔 안에 동전이 들어 있었다.
disk22	NO45	1430	26	硬貨は、客のテ－ブルのグラスに移動していた。	disk22/ﾊﾟｰﾃ.png	disk43/ﾒｵﾄｺ.png	KO	동전이 어느새 손님 테이블의 유리잔으로 이동한 것이다.
disk22	NO45	1600	27	アラン「ステ－ジのグラスとテ－ブルのグラスは、離れているんだ。仕掛けなど出来るわけがねえよ。それでも硬貨が移動したんだ。マ－チン、これが超能力か？」	disk22/ﾃｰﾌﾙ.png	main/alnL.png	KO	앨런: 무대의 잔이랑 저쪽 테이블의 잔은 완전히 떨어져 있었다고. 아무 장치도 없었는데도 동전이 이동했어. 마틴, 저거 초능력일까?
disk22	NO45	1610	28	マ－チン「仕掛けが無ければ超能力だね。仕掛けがあったら手品になるから」	disk22/ﾃｰﾌﾙ.png	main/marL.png	KO	마틴: 장치가 없다면 초능력일 거고, 아니라면 속임수겠지.
disk22	NO45	1620	29	アラン「ちくしょう。もう一回やれば見抜けるんだが・・・」	disk22/ﾃｰﾌﾙ.png	main/alnL.png	KO	앨런: 젠장, 한 번만 더 보여 주면 간파할 수 있을 텐데...
disk22	NO45	1625	30	アランは、緊張した会場のせいか、珍しくドイツ・ワインに酔っている。	disk22/ﾃｰﾌﾙ.png	main/alnL.png	KO	딱딱한 분위기 탓인지, 평소와 달리 앨런은 독일 와인에 취해 있었다.
disk22	NO45	1630	31	ステ－ジのクロストは、両手をさしのべ拍手を止め、静かにするようにと言っている。	disk22/ｼｮｰ.png	disk43/ﾒｵﾄｺ.png	KO	크로스트는 양손을 들어 관객의 환호를 멈추게 한 뒤, 조용히 해달라는 신호를 보냈다.
disk22	NO45	1640	32	クロスト「グラスに仕掛けがあると思われる方がいるようですね。では、ステ－ジのグラスに水をいれますから、二つを見比べてどこに種を仕掛けてあるか良くみて下さい」	disk22/ｼｮｰ.png	disk43/ﾒｵﾄｺ.png	KO	크로스트: 잔에 속임수가 있다고 생각하시는 분도 계신 것 같군요. 그러면 무대의 잔에 물을 부을 테니, 두 잔을 비교해 속임수를 잘 찾아보십시오.
disk22	NO45	1650	33	クロストは水をグラスに注いだ。水は流れ落ちているが、不思議な事にグラスにはたまらず、どこかに消えている。	disk22/ｼｮｰ.png	disk43/ﾒｵﾄｺ.png	KO	크로스트가 유리잔에 물을 부었다. 물이 흘러내리고 있었지만, 이상하게도 물은 차오르지 않고 어디론가 사라지고 있었다.
disk22	NO45	1660	34	クロスト「見てください。水はステ－ジのグラスを通して、お客様のテ－ブルのグラスに流れています。この手品の種が解る人は、いらっしゃいますか？」	disk22/ｼｮｰ.png	disk43/ﾒｵﾄｺ.png	KO	크로스트: 보십시오. 물은 무대의 유리잔을 통해 손님 테이블의 잔으로 흘러가고 있습니다. 이 마술의 비밀을 알아내신 분이 계십니까?
disk22	NO45	1670	35	アラン「野郎！　超能力なんか使いやがって。仕掛けが解りますかって、ふざけるんじゃねぇ。種があっての手品だろう。インチキみたいなもんじゃねえか」	disk22/ﾃｰﾌﾙ.png	main/alnL.png	KO	앨런: 이 자식! 초능력을 써 놓고 비밀은 무슨, 웃기지 마! 마술이라면 트릭이 있어야지, 이건 그냥 사기잖아!
disk22	NO45	1680	36	アンドリュ－「アラン静かにしろよ。俺達はその超能力を見にきたんだろう。なにを頭にきてるんだ。大きな声を出すから皆が見てるよ」	disk22/ﾃｰﾌﾙ.png	main/andL.png	KO	앤드류: 앨런, 조용히 좀 해. 우린 그 초능력 보러 온 거라고. 왜 그렇게 열을 내? 네가 소리 지르니까 다 쳐다보잖아.
disk22	NO45	1685	37	客の見下げるような視線を浴びて、アランの方が赤くなっている。	disk22/ﾃｰﾌﾙ.png	main/andL.png	KO	한심하다는 듯한 사람들의 시선에 앨런의 얼굴이 새빨개졌다.
disk22	NO45	1690	38	デビッド「超能力って凄いんだな。グラスの水が空間をワ－プして移動するのか。彼の超能力がもっと強くなれば、何かもっと役にたつことができるかも知れないな」	disk22/ﾃｰﾌﾙ.png	main/davL.png	KO	데이비드: 초능력이라는 게 굉장하네. 물이 공간을 뛰어넘어 다른 잔으로 이동하다니, 저 능력이 더 강해지면 훨씬 유용한 일에도 쓸 수 있겠어.
disk22	NO45	1700	39	スシャ－ナ「見て！　クロストの額を。あの傷のようなアザが第３の眼よ。彼の超能力はあそこから出てるって聞いたわ」	disk22/ﾃｰﾌﾙ.png	main/linR.png	KO	수잔나: 저것 봐요! 크로스트의 이마에 저 상처처럼 보이는 흉터가 제3의 눈이래요. 그의 초능력도 저기서 나온다고 들었어요.
disk22	NO45	1710	40	マ－チン「そうなんだ。クロストの第３の眼が開いた時は、もの凄い超能力が現れると書いてあったよ」	disk22/ﾃｰﾌﾙ.png	main/marL.png	KO	마틴: 맞아. 크로스트의 제3의 눈이 열리면 엄청난 초능력을 발휘한다고 적혀 있었어.
disk22	NO45	10000	90	ＤＡＴＡをＳＡＶＥしますか？　Ｙ／Ｎ	disk22/ﾃｰﾌﾙ.png	main/marL.png	KO	
disk22	NO45	10040	96	ドライブ１に、ＳＡＶＥ・ディスクを入れて下さい。	disk22/ﾃｰﾌﾙ.png	main/marL.png	KO	
disk22	NO45	10070	98	ドライブ１のディスクが違います。	disk22/ﾃｰﾌﾙ.png	main/marL.png	KO	드라이브 1의 디스크가 다릅니다.
disk22	NO45	10110	99	ＳＡＶＥしました。ドライブ１のディスクに、ＭＡＩＮディスクを入れて下さい。	disk22/ﾃｰﾌﾙ.png	main/marL.png	KO	
disk22	NO45	10150	101	ドライブ１のディスクが違います。	disk22/ﾃｰﾌﾙ.png	main/marL.png	KO	드라이브 1의 디스크가 다릅니다.
disk22	45-1	900	0	デビッドが話す。	disk22/ﾃｰﾌﾙ.png	main/marL.png	KO	데이비드가 말한다.
disk22	45-1	900	1	アンドリュ－が話す。	disk22/ﾃｰﾌﾙ.png	main/marL.png	KO	앤드류가 말한다.
disk22	45-1	900	2	マ－チンが話す。	disk22/ﾃｰﾌﾙ.png	main/marL.png	KO	마틴이 말한다.
disk22	45-1	900	3	アランが話す。	disk22/ﾃｰﾌﾙ.png	main/marL.png	KO	앨런이 말한다.
disk22	45-1	900	4	スシャ－ナが話す。	disk22/ﾃｰﾌﾙ.png	main/marL.png	KO	수잔나가 말한다.
disk22	45-1	1720	5	クロスト「次の手品は、［悪魔の呪い］です。この玉が宙を飛び、もしこの会場で悪魔を見つけると、玉は発光して悪魔に襲いかかるでしょう」	disk22/ｼｮｰ.png	disk43/ﾒｵﾄｺ.png	KO	크로스트: 다음 마술은 `악마의 저주'입니다. 이 구슬이 공중을 날아다니다가, 이곳에서 있는 악마를 발견하면 구슬이 발광하며 악마를 덮칠 겁니다.
disk22	45-1	1730	6	クロストの手の平に乗せられた玉が、宙に浮き上がり始めた。観客のどよめきの声が広がる。	disk22/ﾀﾏL.png	disk43/ﾒｵﾄｺ.png	KO	크로스트의 손바닥 위에 놓인 구슬이 떠오르기 시작했다. 순간 연회장은 술렁이기 시작했다.
disk22	45-1	1735	7	玉はジグザグ飛行をしながら、めいめいのテ－ブルを移動していく。	disk22/ﾀﾏL.png	disk43/ﾒｵﾄｺ.png	KO	구슬은 지그재그로 날아다니며 테이블 사이를 차례차례 돌아다녔다.
disk22	45-1	1740	8	やがてデビッド達のテ－ブルの所にきて、アランの上で止まった。	disk22/ﾀﾏL.png	disk43/ﾒｵﾄｺ.png	KO	이윽고, 멤버들의 테이블에 도착한 구슬이 앨런의 머리 위에서 멈췄다.
disk22	45-1	1745	9	玉は、カメラのフラッシュのような激しい光を放ち始めた。	disk22/ﾀﾏL.png	disk43/ﾒｵﾄｺ.png	KO	구슬은 카메라 플래시 같은 격렬한 빛을 내기 시작했다.
disk22	45-1	1750	10	アラン「ちくしょう！　なぜ俺が悪魔だってんだよ！」	disk22/ﾀﾏL.png	main/alnL.png	KO	앨런: 망할! 왜 내가 악마라는 거야!
disk22	45-1	1760	11	頭にきたアランは、手で玉を払った。	disk22/ﾀﾏL.png	main/alnL.png	KO	화가 난 앨런은 손으로 구슬을 쳐냈다.
disk22	45-1	1770	12	玉は床に音をたてて転がる。	disk22/ﾀﾏL.png	main/alnL.png	KO	구슬이 바닥에 소리를 내며 굴러갔다.
disk22	45-1	1780	13	クロスト「お客さん、酔いがさめましたか？　今のは手品で貴方が悪魔だと言うのは、ほんの冗談です。皆さん、ご機嫌の良いお客さまに拍手をどうぞ！」	disk22/ｼｮｰ.png	disk43/ﾒｵﾄｺ.png	KO	크로스트: 손님, 술은 좀 깨셨습니까? 지금 마술은 농담일 뿐, 손님이 악마라는 건 장난입니다. 여러분, 유쾌하신 손님께 큰 박수 부탁드립니다!
disk22	45-1	1790	14	クロストが床に落ちた玉を拾いに来て、ドイツ語で何か言ってステ－ジに戻った。	disk22/ﾃｰﾌﾙ.png	disk43/ﾒｵﾄｺ.png	KO	크로스트는 구슬을 주우러 다가오더니, 앨런에게 독일어로 무언가 말한 뒤 무대로 돌아갔다.
disk22	45-1	1800	15	クロスト「次はス－パ－マジックをご披露したいのですが、私の第３の眼がもし開かなかった時は、何も起こりません。その時は、ご容赦下さい」	disk22/ｼｮｰ.png	disk43/ﾒｵﾄｺ.png	KO	크로스트: 다음으로 슈퍼 매직을 선보이겠습니다. 다만 제3의 눈이 열리지 않는다면 아무 일도 일어나지 않습니다. 그럴 경우에는 부디 양해해 주시기 바랍니다.
disk22	45-1	1810	16	クロスト「私の助手が床に座っています。私の第３の眼が開けば、彼女を空中に持ち上げ、宇宙遊泳を会場で再現させます」	disk22/ｼｮｰ.png	disk43/ﾒｵﾄｺ.png	KO	크로스트: 제 조수가 지금 바닥에 앉아 있습니다. 제3의 눈이 열린다면 그녀를 공중으로 띄워 올려, 이 자리에서 우주 유영을 재현해 보이겠습니다.
disk22	45-1	1820	17	クロスト「精神を統一しますので、しばらくお静かにお願いいたします」	disk22/ｼｮｰ.png	disk43/ﾒｵﾄｺ.png	KO	크로스트: 정신을 집중하겠습니다. 잠시만 조용히 해주십시오.
disk22	45-1	1830	18	クロストは眼を閉じる。	disk22/ｼｮｰ.png	disk43/ﾒｵﾄｺ.png	KO	크로스트가 눈을 감았다.
disk22	45-1	2000	19	デビッド「スシャ－ナ、もう少ししたら出ようよ。どうもクロストと合わないのか、奴を見ていると胸が悪くなってくるんだ」	disk22/ｼｮｰ.png	main/davL.png	KO	데이비드: 수잔나, 이것만 보고 나가자. 크로스트와 안 맞는지 그를 보고 있으면 속이 메스꺼워져.
disk22	45-1	2010	20	スシャ－ナ「私も芸は凄いと思うんですが、嫌いなタイプね」	disk22/ｼｮｰ.png	main/linR.png	KO	수잔나: 실력은 대단하다고 생각하지만, 저도 왠지 마음에 안 드네요.
disk22	45-1	2030	21	アラン「出ようよ。奴は超能力を見せびらかしているだけで、少しも面白くねぇよ」	disk22/ｼｮｰ.png	main/alnL.png	KO	앨런: 그냥 나가자. 저 자식은 자기 초능력 자랑만 하고 있어서 하나도 재미없어.
disk22	45-1	2040	22	マ－チン「僕もしらけたけど、あいつの第３の眼が開くのを見て帰りたいな。クロストは写真嫌いで、第３の眼の写真は本にも出てないんだ」	disk22/ｼｮｰ.png	main/marL.png	KO	마틴: 나도 좀 식상하긴 하지만, 저 녀석의 제3의 눈이 열리는 걸 보고 돌아가고 싶어. 크로스트는 사진 찍는 걸 싫어해서 제3의 눈 사진은 책에도 실려 있지 않거든.
disk22	45-1	2050	23	アンドリュ－「俺も胸くそが悪いが、せっかく来たんだから、マ－チンの言う通り第３の眼を見てから帰ろうぜ」	disk22/ｼｮｰ.png	main/andL.png	KO	앤드류: 나도 속이 안 좋은데, 모처럼 왔으니까 마틴 말대로 제3의 눈은 보고 돌아가자.
disk22	45-1	2060	24	スポットライトを浴びたクロストの額に変化が現れた。アザの傷が閉じた眼のかたちに変形しはじめる。	disk22/ｼｮｰ.png	disk43/ﾒｵﾄｺ.png	KO	스포트라이트를 받은 크로스트의 이마에 변화가 나타났다. 흉터가 감긴 눈의 모양으로 변하기 시작했다.
disk22	45-1	2070	25	デビッドは益々いらだつような気分になり、クロストの第３の眼を激しく見つめている。	disk22/ｼｮｰ.png	disk43/ﾒｵﾄｺ.png	KO	불쾌감이 점점 심해지는 데이비드는 크로스트의 제3의 눈을 날카롭게 노려봤다.
disk22	45-1	2080	26	クロストの第３の眼がわずかだが、まばたきをする。	disk22/ｼｮｰ.png	disk43/ﾒｵﾄｺ.png	KO	크로스트의 제3의 눈이 아주 살짝 깜빡였다.
disk22	45-1	2085	27	３度まばたきを繰り返した後、第３の眼がかすかに見えてきた。	disk22/ｼｮｰ.png	disk43/ﾒｵﾄｺ.png	KO	세 차례 깜빡인 뒤, 제3의 눈이 희미하게 보이기 시작했다.
disk22	45-1	2090	28	クロスト「うわぁ！！」	disk22/ｼｮｰ.png	disk43/ﾒｵﾄｺ.png	KO	크로스트: 으아악!!
disk22	45-1	2100	29	クロストの第３の眼から血が流れ始めた。	disk22/ｼｮｰ.png	disk43/ﾒｵﾄｺ.png	KO	크로스트의 제3의 눈에서 피가 흘러나오기 시작했다.
disk22	45-1	2105	30	血は止めどもなく流れる。	disk22/ｼｮｰ.png	disk43/ﾒｵﾄｺ.png	KO	피는 멈출 줄 모르고 계속 쏟아져 나왔다.
disk22	45-1	2107	31	クロストはステ－ジに広がる血の中で、転げまわり苦しんでいる。	disk22/ﾁUP.png	disk43/ﾒｵﾄｺ.png	KO	크로스트는 피로 물들어 가는 무대 위에서 뒹굴며 괴로워했다.
disk22	45-1	2120	32	スポットライトが消え、数人の男がクロストを抱え外へ運びだした。場内は騒然となり、何が起こったのか不安な雰囲気になっている。	disk22/ｼｮｰ.png	disk43/ﾒｵﾄｺ.png	KO	스포트라이트가 꺼지자, 몇 명의 남자가 달려와 크로스트를 부축해 밖으로 옮겼다. 행사장은 소란스러워졌고, 무슨 일이 벌어진 것인지 모르는 불안감이 번졌다.
disk22	45-1	2130	33	ホテルの支配人が、マイクを持ってステ－ジに上がった。	disk22/ｼｮｰ.png	disk43/ﾒｵﾄｺ.png	KO	호텔 지배인이 마이크를 들고 무대에 올랐다.
disk22	45-1	2140	34	支配人「クロストは第３の眼の開眼に失敗しましたので、ショ－を続ける事が不可能になりました。よって今夜のチャリティ・ショ－は、これで終了させて頂きます」	disk22/ｼｮｰ.png	disk43/ﾒｵﾄｺ.png	KO	지배인: 크로스트 씨가 제3의 눈을 여는 데 실패하여 더 이상 공연을 계속할 수 없게 되었습니다. 따라서 오늘 밤 자선 행사는 여기서 마치겠습니다.
disk22	45-1	2150	35	支配人はその後も必死になって、お詫びの言葉を続けているが、客は次々と会場から出て行った。	disk22/ｼｮｰ.png	disk43/ﾒｵﾄｺ.png	KO	지배인은 그 후에도 연신 사과했지만, 관객들은 차례차례 행사장을 빠져나갔다.
disk22	45-1	10000	85	ＤＡＴＡをＳＡＶＥしますか？　Ｙ／Ｎ	disk22/ｼｮｰ.png	disk43/ﾒｵﾄｺ.png	KO	
disk22	45-1	10040	91	ドライブ１に、ＳＡＶＥ・ディスクを入れて下さい。	disk22/ｼｮｰ.png	disk43/ﾒｵﾄｺ.png	KO	
disk22	45-1	10070	93	ドライブ１のディスクが違います。	disk22/ｼｮｰ.png	disk43/ﾒｵﾄｺ.png	KO	드라이브 1의 디스크가 다릅니다.
disk22	45-1	10110	94	ＳＡＶＥしました。ドライブ１のディスクに、ＭＡＩＮディスクを入れて下さい。	disk22/ｼｮｰ.png	disk43/ﾒｵﾄｺ.png	KO	
disk22	45-1	10150	96	ドライブ１のディスクが違います。	disk22/ｼｮｰ.png	disk43/ﾒｵﾄｺ.png	KO	드라이브 1의 디스크가 다릅니다.
disk22	NO46	900	0	デビッドが話す。	disk22/ｼｮｰ.png	disk43/ﾒｵﾄｺ.png	KO	데이비드가 말한다.
disk22	NO46	900	1	アンドリュ－が話す。	disk22/ｼｮｰ.png	disk43/ﾒｵﾄｺ.png	KO	앤드류가 말한다.
disk22	NO46	900	2	マ－チンが話す。	disk22/ｼｮｰ.png	disk43/ﾒｵﾄｺ.png	KO	마틴이 말한다.
disk22	NO46	900	3	アランが話す。	disk22/ｼｮｰ.png	disk43/ﾒｵﾄｺ.png	KO	앨런이 말한다.
disk22	NO46	900	4	スシャ－ナが話す。	disk22/ｼｮｰ.png	disk43/ﾒｵﾄｺ.png	KO	수잔나가 말한다.
disk22	NO46	1000	5	ホテル・ブリストルの前でクラ－クとヴィンスが乗った車が止まっている。	disk22/Vﾎﾃﾙ.png	disk43/ﾒｵﾄｺ.png	KO	호텔 브리스톨 앞에 클라크와 빈스가 탄 차가 멈춰 서 있었다.
disk22	NO46	1020	6	クラ－クが話す。	disk22/Vﾎﾃﾙ.png	disk43/ﾒｵﾄｺ.png	KO	클라크가 말한다.
disk22	NO46	1020	7	ヴィンスが話す。	disk22/Vﾎﾃﾙ.png	disk43/ﾒｵﾄｺ.png	KO	빈스가 말한다.
disk22	NO46	1200	8	ヴィンス「ホテルのチャリティ・ショ－に行くとは気づきませんでしたね」	disk22/Vﾎﾃﾙ.png	main/ｳｲﾝｽ.png	KO	빈스: 호텔 자선 행사에 갈 줄은 몰랐네요.
disk22	NO46	1210	9	クラ－ク「クロストのマジック・ショ－か。スシャ－ナもただの遊びのはずだ。ここで張り込んでいても同じ事さ」	disk22/Vﾎﾃﾙ.png	main/ｸﾗｰｸ.png	KO	클라크: 크로스트의 마술 쇼라... 수잔나도 그냥 구경 나온 거겠지. 어차피 여기서 잠복하고 있으면 돼.
disk22	NO46	1220	10	ヴィンス「ホルゲン・クロストって有名な人ですか？　僕は初めて聞く名前ですが」	disk22/Vﾎﾃﾙ.png	main/ｳｲﾝｽ.png	KO	빈스: 홀겐 크로스트가 그렇게 유명한 사람인가요? 전 처음 들어보는 이름인데.
disk22	NO46	1230	11	クラ－ク「俺も知らなかったが、ホテルで聞いたところ、第３の眼を持つマジシャンでドイツでは有名らしいんだ」	disk22/Vﾎﾃﾙ.png	main/ｸﾗｰｸ.png	KO	클라크: 나도 몰랐는데, 호텔에서 알아보니 제3의 눈을 가진 마술사로 독일에서 유명하더군.
disk22	NO46	1240	12	ヴィンス「所長、見て下さい！　ホテルの玄関に大勢、着飾った客が集まってますよ。チャリティ・ショ－の客のようですが、何かあったのでしょうか？」	disk22/Vﾎﾃﾙ.png	main/ｳｲﾝｽ.png	KO	빈스: 소장님, 저기 보세요! 호텔 입구에 정장을 차려입은 사람들이 잔뜩 몰려 나옵니다. 자선 행사 관객들 같은데, 무슨 일이 생긴 걸까요?
disk22	NO46	1250	13	クラ－クは返事もしないで、車から降りてホテルに入って行った。	disk22/Vﾎﾃﾙ.png	main/ｳｲﾝｽ.png	KO	클라크는 대답도 없이 차에서 내려 곧장 호텔로 들어갔다.
disk22	NO46	1260	14	しばらくして、クラ－クが戻ってきた。	disk22/Vﾎﾃﾙ.png	main/ｳｲﾝｽ.png	KO	잠시 후, 클라크가 돌아왔다.
disk22	NO46	1270	15	クラ－ク「クロストが超能力の第３の眼を開くのに失敗したらしいんだ。それでショ－が中止になった。そろそろスシャ－ナ達も出てくるはずだから注意していろ」	disk22/Vﾎﾃﾙ.png	main/ｸﾗｰｸ.png	KO	클라크: 크로스트가 제3의 눈을 여는 데 실패해서 그 바람에 쇼가 중지됐다는군. 슬슬 수잔나도 나올 테니 조심하게.
disk22	NO46	1280	16	ヴィンス「彼は本当の超能力者だったのですか？　第３の眼って額にあるのでしょう。いやだなぁ、額に眼がついてるなんて。僕は超能力者でなくって良かったですよ」	disk22/Vﾎﾃﾙ.png	main/ｳｲﾝｽ.png	KO	빈스: 그 사람이 정말 초능력자였나요? 제3의 눈이면 이마에 달린 눈이잖아요. 싫다, 전 초능력자가 아니라서 다행이네요.
disk22	NO46	1290	17	クラ－ク「エンジンをかけろ！　スシャ－ナ達がタクシ－に乗り込むぞ」	disk22/Vﾎﾃﾙ.png	main/ｸﾗｰｸ.png	KO	클라크: 시동 걸게! 수잔나가 택시에 탔네!
disk22	NO46	1300	18	デビッド達は２台のタクシ－に乗って走りだした。クラ－ク達もその後を追う。	disk22/Vﾎﾃﾙ.png	main/ｸﾗｰｸ.png	KO	멤버들을 태운 택시 두 대가 출발했고, 클라크와 빈스도 그 뒤를 쫓았다.
disk22	NO46	1310	19	タクシ－は、ホテル・ベルリンの玄関で止まり、５人は中に入っていった。	disk22/Kﾎﾃﾙ.png	main/ｸﾗｰｸ.png	KO	택시는 호텔 베를린의 입구에서 멈췄고, 멤버들이 안으로 들어갔다.
disk22	NO46	1320	20	デビッド達は、ミ－ティング室でクロストの話をしている。	disk22/ﾍﾔ.png	main/ｸﾗｰｸ.png	KO	멤버들은 미팅룸에서 크로스트에 대한 이야기를 하고 있었다.
disk22	NO46	1600	21	アラン「ヘッ！　ざまあみろだ」	disk22/ﾍﾔ.png	main/alnL.png	KO	앨런: 헤에, 다 자업자득이야!
disk22	NO46	1610	22	アンドリュ－「しかし凄い血だったな。最初はマジック・ショ－の演出かと思ったよ」	disk22/ﾍﾔ.png	main/andL.png	KO	앤드류: 피가 정말 엄청나와서, 처음에는 쇼의 일부인 줄 알았다니까.
disk22	NO46	1620	23	アラン「あれだけ血を流したら、出血多量で死ぬかもしれないぜ。いいきみだ」	disk22/ﾍﾔ.png	main/alnL.png	KO	앨런: 그렇게 피를 쏟았으니 과다출혈로 죽을지도 모르지. 꼴좋다.
disk22	NO46	1630	24	マ－チン「たとえ助かっても、クロストは第３の眼を二度と開けないかも知れないね。あれだけ出血したんだから、怖くなって出来ないよ」	disk22/ﾍﾔ.png	main/marL.png	KO	마틴: 살아난다고 해도 다시는 제3의 눈을 열 엄두가 안 날걸. 그렇게 피를 쏟았는데 무서워서 또 하겠어.
disk22	NO46	1640	25	アラン「それなら俺達は凄いものをみた事になるぜ」	disk22/ﾍﾔ.png	main/alnL.png	KO	앨런: 그럼, 우린 보기 드문 걸 본 셈이네.
disk22	NO46	1650	26	アンドリュ－「俺達だって超能力者かもしれないな。音楽で観客を酔わせ、へたをすれば観客に怪我をさせる危険だってあるんだ」	disk22/ﾍﾔ.png	main/andL.png	KO	앤드류: 우리도 초능력자일지 몰라. 음악으로 관객을 열광시키고, 심하면 다칠 정도로 흥분시키잖아.
disk22	NO46	1660	27	スシャ－ナ「そうね。人に出来ないことをすれば、その人は超能力者よ。となると世界中に超能力者が一杯いることになるわね」	disk22/ﾍﾔ.png	main/linR.png	KO	수잔나: 그렇네요. 남들이 할 수 없는 일을 하면 그것도 초능력이겠죠. 그렇다면 세상에는 초능력자가 잔뜩 있겠네요.
disk22	NO46	1670	28	アンドリュ－「どうしたんだデビッド？　顔色が悪いようだが・・・クロストの血を見て気分が悪くなったな？　俺も小さい頃、交通事故で血を見て、飯が食えなかったよ」	disk22/ﾍﾔ.png	main/andL.png	KO	앤드류: 왜 그래, 데이비드? 안색이 안 좋은데... 피를 보고 속이 안 좋아진 거야? 나도 어릴 때, 교통사고에서 피를 본 뒤 밥도 못 먹었거든.
disk22	NO46	1680	29	デビッド「クロストが血の中で苦しむのを見ていたら、急に気分が悪くなってきたんだ」	disk22/ﾍﾔ.png	main/davL.png	KO	데이비드: 크로스트가 피투성이로 괴로워하는 걸 보니까, 갑자기 기분이 너무 안 좋아.
disk22	NO46	1690	30	スシャ－ナ「デビッド、気分が悪かったら部屋に帰ってベッドで寝たら？・・・明日は、ヨ－ロッパでの最後のコンサ－トだから気をつけてね」	disk22/ﾍﾔ.png	main/linR.png	KO	수잔나: 데이비드, 몸이 안 좋으면 방에 가서 쉬는 게 어때요? 내일은 유럽 투어의 마지막 공연이잖아요. 몸 관리 잘해야죠.
disk22	NO46	1700	31	デビッド「うん、大丈夫さ。誰かビ－ルを取ってくれ。飲めば良くなるよ」	disk22/ﾍﾔ.png	main/davL.png	KO	데이비드: 아니야, 괜찮아. 누가 맥주나 가져다줘. 한잔하면 좀 나아질 거야.
disk22	NO46	1710	32	アラン「ヨ－ロッパ・ツア－も明日で最後か・・・ロンドンが眼の前だぜ」	disk22/ﾍﾔ.png	main/alnL.png	KO	앨런: 유럽 투어도 내일이면 끝인가... 이제 런던이 코앞이구나.
disk22	NO46	1720	33	ビ－ルの空き缶がテ－ブルの上に山と積まれた頃、全員はそれぞれの部屋に戻った。	disk22/ﾍﾔ.png	main/alnL.png	KO	빈 캔이 테이블 위에 산더미처럼 쌓일 즈음, 모두 각자의 방으로 돌아갔다.
disk22	NO46	1730	34	デビッドは、ふらつく足でベッドに入ろうとした時、軽いめまいを起こした。	disk22/ﾍﾞｯﾄ.png	main/alnL.png	KO	데이비드가 비틀거리며 침대에 들어가려는 순간, 가벼운 현기증이 덮쳐 왔다.
disk22	NO46	1740	35	・・・今日は一日調子が良かったのに、クロストの血を見た時から疲れを感じ始めたようだ・・・。	disk22/ﾍﾞｯﾄ.png	main/alnL.png	KO	...오늘 하루 종일 컨디션이 좋았는데, 크로스트의 피를 본 순간부터 기운이 빠진 것 같아...
disk22	NO46	1750	36	明日のコンサ－トに不安を感じた時、ドアがノックされた。スシャ－ナがデビッドを呼んでいる。	disk22/ﾍﾞｯﾄ.png	main/alnL.png	KO	내일 공연이 걱정되던 참에 노크 소리가 들렸다. 수잔나가 데이비드를 부르고 있었다.
disk22	NO46	1760	37	デビッドは、カギをしていなかったので、スシャ－ナはドアを開けて入ってきた。	disk22/ﾍﾞｯﾄ.png	main/linR.png	KO	문이 잠겨 있지 않아 수잔나는 문을 열고 방으로 들어왔다.
disk22	NO46	1900	38	スシャ－ナ「デビッド、疲れてるのでしょう。あの薬を持ってきたわ」	disk22/ﾍﾞｯﾄ.png	main/linR.png	KO	수잔나: 데이비드, 많이 피곤하죠? 약을 가져왔어요.
disk22	NO46	1910	39	デビッド「うん、ショ－を見てから、やけに疲れを感じて・・・薬を貰うよ」	disk22/ﾍﾞｯﾄ.png	main/davL.png	KO	데이비드: 아, 쇼를 보고 나서 이상하게 피곤하네... 잘 먹을게.
disk22	NO46	1915	40	デビッドは薬をのんだ。	disk22/ﾍﾞｯﾄ.png	main/davL.png	KO	데이비드는 약을 먹었다.
disk22	NO46	1920	41	スシャ－ナ「明日はドイツでの最後のコンサ－トよ。デビッド、貴方がしっかりしていないと・・・」	disk22/ﾍﾞｯﾄ.png	main/linR.png	KO	수잔나: 내일은 독일에서의 마지막 공연이에요. 데이비드, 정신 바짝 차려야 해요...
disk22	NO46	1930	42	デビッド「スシャ－ナ、あの超能力者クロストは、幻想で見たフェンリルの子孫じゃないのかなぁ？　額にアザがあって・・・偶然かもしれないが額から血が流れただろう・・・？」	disk22/ﾍﾞｯﾄ.png	main/davL.png	KO	데이비드: 수잔나, 혹시 크로스트가 환상에서 봤던 펜릴의 후손이 아닐까? 이마에 흉터도 있고... 우연일지 모르지만 이마에서 피까지 흘렀잖아...?
disk22	NO46	1940	43	デビッド「あの時、奴がアランをからかったから頭にきて、怒りを込めて第３の眼をにらみつけてやったんだ」	disk22/ﾍﾞｯﾄ.png	main/davL.png	KO	데이비드: 그때, 녀석이 앨런을 가지고 놀길래 화가 나서 제3의 눈을 있는 힘껏 노려봤거든.
disk22	NO46	1950	44	デビッド「もし、幻想が事実でフロオス王の血が俺に流れていたら・・・あの血を吹き出させたのは俺のせいかもしれないんだ・・・」	disk22/ﾍﾞｯﾄ.png	main/davL.png	KO	데이비드: 만약 그 환상이 진짜고, 플로스 왕의 피가 내 몸에 흐르고 있다면... 피를 쏟은 것도 어쩌면 나 때문일지 몰라...
disk22	NO46	1960	45	スシャ－ナ「だったらデビッドは、フロオス王のような何か特別な力を感じたの？」	disk22/ﾍﾞｯﾄ.png	main/linR.png	KO	수잔나: 그렇다면 플로스 왕처럼 특별한 힘이 느껴졌나요?
disk22	NO46	1970	46	デビッド「いや、なにも感じなかったけど・・・俺の勘違いか・・・」	disk22/ﾍﾞｯﾄ.png	main/davL.png	KO	데이비드: 아니, 아무것도 느끼진 못했어... 역시 내 착각인가...
disk22	NO46	1980	47	スシャ－ナ「そうよ、ただの偶然よ。でもデビッドが超能力者だなんて・・・ミュ－ジシャンの方がよく似合ってるわ」	disk22/ﾍﾞｯﾄ.png	main/linR.png	KO	수잔나: 그래요, 그냥 우연이겠죠. 그리고 데이비드가 초능력자라니... 당신은 뮤지션이 훨씬 잘 어울려요.
disk22	NO46	1990	48	デビッド「そうだな。俺がフロオス王になれるわけがないし・・・でも何かひっかかって、すっきりしないんだ・・・」	disk22/ﾍﾞｯﾄ.png	main/davL.png	KO	데이비드: 그런가. 내가 플로스 왕일 리가 없겠지... 그래도 뭔가 마음에 걸려서 개운치 않아.
disk22	NO46	2000	49	デビッド「ドイツにきて、まだ悪夢を見てないんだ。いつ見るのかと不安でたまらなかったのが原因かも知れないな」	disk22/ﾍﾞｯﾄ.png	main/davL.png	KO	데이비드: 독일에 온 뒤로 아직 악몽을 꾸지 않았어. 언제 또 꾸게 될까 불안해했던 탓인지도 모르겠네.
disk22	NO46	2010	50	デビッド「今夜あたり悪夢が襲ってくるのかもしれない。悪夢を見る時は、いつも変な疲れ方をするんだ・・・そうだ、スシャ－ナ、朝まで一緒にいてくれよ」	disk22/ﾍﾞｯﾄ.png	main/davL.png	KO	데이비드: 오늘 밤에 또 악몽을 꿀지도 몰라. 악몽을 꿀 때는 늘 이렇게 이상하게 피곤해져... 그러니까 수잔나, 아침까지 내 곁에 있어줘.
disk22	NO46	2020	51	スシャ－ナ「もう、デビッド・・・子供みたいに夢を怖がって・・・私が貴方のお母さんになるの・・・？」	disk22/ﾍﾞｯﾄ.png	main/linR.png	KO	수잔나: 정말이지, 데이비드... 어린애처럼 꿈이 무섭다니... 제가 당신의 엄마가 돼야 하나요?
disk22	NO46	2030	52	スシャ－ナは服を脱ぎながら、デビッドにほほ笑みかけている。	disk22/ﾍﾞｯﾄ.png	main/linR.png	KO	수잔나는 옷을 벗으며 데이비드를 향해 미소를 지었다.
disk22	NO46	3000	53	ＣＤ－ＲＯＭよりＤＡＴＡの読み込みを始めます。ＨＩＴ　ＡＮＹ　ＫＥＹ	disk22/ﾍﾞｯﾄ.png	main/linR.png	KO	CD-ROM에서 데이터 읽습니다. 아무 키나 눌러주세요.
disk22	NO46	3010	54	　　　　　　　　ＣＤ－ＲＯＭよりＤＡＴＡを読み込み中	disk22/ﾍﾞｯﾄ.png	main/linR.png	KO	데이터를 읽는 중...
disk22	NO46	10000	85	ＤＡＴＡをＳＡＶＥしますか？　Ｙ／Ｎ	disk22/ﾍﾞｯﾄ.png	main/linR.png	KO	
disk22	NO46	10040	91	ドライブ１に、ＳＡＶＥ・ディスクを入れて下さい。	disk22/ﾍﾞｯﾄ.png	main/linR.png	KO	
disk22	NO46	10070	93	ドライブ１のディスクが違います。	disk22/ﾍﾞｯﾄ.png	main/linR.png	KO	드라이브 1의 디스크가 다릅니다.
disk22	NO46	10110	94	ＳＡＶＥしました。ドライブ１のディスクに、ＭＡＩＮディスクを入れて下さい。	disk22/ﾍﾞｯﾄ.png	main/linR.png	KO	
disk22	NO46	10150	96	ドライブ１のディスクが違います。	disk22/ﾍﾞｯﾄ.png	main/linR.png	KO	드라이브 1의 디스크가 다릅니다.
disk23	NO47	900	0	デビッドが話す。			KO	데이비드가 말한다.
disk23	NO47	900	1	アンドリュ－が話す。			KO	앤드류가 말한다.
disk23	NO47	900	2	マ－チンが話す。			KO	마틴이 말한다.
disk23	NO47	900	3	アランが話す。			KO	앨런이 말한다.
disk23	NO47	900	4	スシャ－ナが話す。			KO	수잔나가 말한다.
disk23	NO47	1000	5	翌朝、デビッドはホテルのロビ－でコ－ヒ－を飲んでいる。	disk23/ﾛﾋﾞｰ.png	main/davL.png	KO	다음 날 아침, 데이비드는 호텔 로비에서 커피를 마시고 있었다.
disk23	NO47	1005	6	アランがロビ－に入ってきた。	disk23/ﾛﾋﾞｰ.png	main/davL.png	KO	앨런이 로비로 들어왔다.
disk23	NO47	1200	7	アラン「よお！　デビッド、朝からロビ－でコ－ヒ－なんて、珍しいなあ。ヨ－ロッパの最後のコンサ－トで緊張して眠れなかったようだな」	disk23/ﾛﾋﾞｰ.png	main/alnL.png	KO	앨런: 어이, 데이비드! 아침부터 로비에서 커피라니 별일이네. 유럽 마지막 공연이라 긴장돼서 잠도 못 잤나 봐?
disk23	NO47	1210	8	デビッド「べつに・・・睡眠が十分だったので眼がはやくさめただけさ」	disk23/ﾛﾋﾞｰ.png	main/davL.png	KO	데이비드: 딱히... 푹 자서 눈이 일찍 떠졌을 뿐이야.
disk23	NO47	1220	9	デビッド「アラン、クロストは死んだのかな？」	disk23/ﾛﾋﾞｰ.png	main/davL.png	KO	데이비드: 앨런, 크로스트는 죽었을까?
disk23	NO47	1230	10	アラン「今朝の英字新聞は見てないから知らないな。あそこに新聞があるぜ」	disk23/ﾛﾋﾞｰ.png	main/alnL.png	KO	앨런: 오늘 아침 영자신문을 안 봐서 모르겠네. 마침 저기 신문 있네.
disk23	NO47	1240	11	アランはテ－ブルに置かれた新聞を取りに行った。	disk23/ﾛﾋﾞｰ.png	main/alnL.png	KO	앨런은 테이블 위의 신문을 집어 들었다.
disk23	NO47	1250	12	アラン「え－と、新聞には出ていないぜ・・・」	disk23/ﾛﾋﾞｰ.png	main/alnL.png	KO	앨런: 어디 보자, 신문에는 안 나왔는데...
disk23	NO47	1260	13	アラン「あったぜ。すみの方に小さく書いてあったからわからなかった。・・・出血多量だったが、止血が成功して生きのびたらしいぜ」	disk23/ﾛﾋﾞｰ.png	main/alnL.png	KO	앨런: 아, 여기 있네. 구석에 조그맣게 실려서 못 봤네. ...출혈이 심했지만, 지혈에 성공해서 살아남았대.
disk23	NO47	1270	14	デビッド「なんだ、生きてたのか。あれだけ血を流してよく生きてられるもんだな」	disk23/ﾛﾋﾞｰ.png	main/davL.png	KO	데이비드: 뭐야, 살아 있었구나. 그만큼 피를 쏟고도 잘도 살아남았네.
disk23	NO47	1280	15	アラン「現代医学は心臓を取り替えるぐらいだから、額の出血なんかわけなく止めるさ」	disk23/ﾛﾋﾞｰ.png	main/alnL.png	KO	앨런: 요즘 의학은 심장 이식까지 하잖아. 이마의 출혈쯤이야 쉽게 막았겠지.
disk23	NO47	1290	16	デビッド達がクロストの話をしていると、アンドリュ－とスシャ－ナが来た。	disk23/ﾛﾋﾞｰ.png	main/alnL.png	KO	멤버들이 크로스트에 대한 얘기를 나눌 때, 앤드류와 수잔나가 나타났다.
disk23	NO47	1300	17	スシャ－ナ「新聞を見てたのね。クロストについて新しい事がわかったのよ」	disk23/ﾛﾋﾞｰ.png	main/linR.png	KO	수잔나: 신문 보고 있었군요. 크로스트에 관해서 새로 알아낸 게 있어요.
disk23	NO47	1310	18	スシャ－ナ「プロモ－タ－の方から聞いたのだけど、クロストの第３の眼は、額のアザに手術をした人工の眼だったそうよ」	disk23/ﾛﾋﾞｰ.png	main/linR.png	KO	수잔나: 프로모터에게 들었는데, 크로스트의 제3의 눈은 이마의 흉터를 수술해서 만든 인공 눈이었대요.
disk23	NO47	1320	19	デビッド「えっ！　人工の眼だって！？」	disk23/ﾛﾋﾞｰ.png	main/davL.png	KO	데이비드: 뭐! 인공 눈이라고!?
disk23	NO47	1330	20	スシャ－ナ「彼の超能力は本物だけど、アザを消す為とより超能力者らしく見せる為に整形手術をしたって言ってたわ」	disk23/ﾛﾋﾞｰ.png	main/linR.png	KO	수잔나: 초능력 자체는 진짜지만, 흉터를 없애고 더 초능력자답게 보이려고 성형수술을 했대요.
disk23	NO47	1340	21	アンドリュ－「そこまでしなくても、超能力だけで十分ショ－になるのに・・・馬鹿な奴だぜ」	disk23/ﾛﾋﾞｰ.png	main/andL.png	KO	앤드류: 굳이 그렇게 안 해도 초능력만으로도 충분할 텐데... 멍청한 녀석이네.
disk23	NO47	1350	22	その時、マ－チンがロビ－に降りて来た。	disk23/ﾛﾋﾞｰ.png	main/andL.png	KO	그때, 마틴이 로비로 내려왔다.
disk23	NO47	1360	23	マ－チン「おはよう。今朝は、みんな早いんだね。デビッドより遅く起きたのは初めてだよ」	disk23/ﾛﾋﾞｰ.png	main/marL.png	KO	마틴: 좋은 아침, 오늘은 다들 일찍 일어났네. 데이비드보다 늦게 일어난 건 처음인데.
disk23	NO47	1370	24	スシャ－ナ「さあ、今夜のコンサ－トが終了したら、明日の昼はロンドンよ。アンドリュ－、今日は４時にホテルを出て会場にきてね」	disk23/ﾛﾋﾞｰ.png	main/linR.png	KO	수잔나: 자, 오늘 밤 콘서트가 끝나면, 내일 낮에는 런던으로 가요. 앤드류, 4시에 호텔에서 출발해 공연장으로 와주세요.
disk23	NO47	1380	25	スシャ－ナはプロモ－タ－との打合せがあるので、ホテルを出ていった。	disk23/ﾛﾋﾞｰ.png	main/linR.png	KO	수잔나는 프로모터와 미팅이 있어 호텔을 나섰다.
disk23	NO47	1400	26	ティ－アガルテン公園にクラ－クとヴィンスがいる。	disk23/ﾋﾛﾊﾞ.png	main/linR.png	KO	티어가르텐 공원에는 클라크와 빈스가 있었다.
disk23	NO47	1410	27	その前方のベンチにスシャ－ナとゲッヘルが座っている。	disk23/ｺｳｴﾝ.png	main/linR.png	KO	그들의 앞쪽 벤치에는 수잔나와 쾨헬이 앉아 있었다.
disk23	NO47	1430	28	クラ－クが話す。	disk23/ｺｳｴﾝ.png	main/linR.png	KO	클라크가 말한다.
disk23	NO47	1430	29	ヴィンスが話す。	disk23/ｺｳｴﾝ.png	main/linR.png	KO	빈스가 말한다.
disk23	NO47	1600	30	ヴィンス「所長、集音マイクの調子はどうですか？」	disk23/ｺｳｴﾝ.png	main/ｳｲﾝｽ.png	KO	빈스: 소장님, 집음 마이크는 잘 들립니까?
disk23	NO47	1610	31	クラ－ク「静かにしろ。雑音がひどくてスシャ－ナ達の会話が聞きとりにくいんだ。君に用意した集音マイクはどうしたのだ」	disk23/ｺｳｴﾝ.png	main/ｸﾗｰｸ.png	KO	클라크: 조용히 하게. 잡음이 심해서 대화가 잘 안 들리다네. 자네 마이크는 어쨌나?
disk23	NO47	1620	32	ヴィンス「あっ、ポケットに入れてました」	disk23/ｺｳｴﾝ.png	main/ｳｲﾝｽ.png	KO	빈스: 앗, 주머니에 넣어뒀습니다.
disk23	NO47	1630	33	ヴィンスは慌ててポケットから、ウォ－クマン・サイズの機械を取りだして、スシャ－ナ達に向けている。	disk23/ｺｳｴﾝ.png	main/ｳｲﾝｽ.png	KO	빈스는 황급히 주머니에서 워크맨 같은 장치를 꺼내 수잔나 쪽으로 겨누었다.
disk23	NO47	1640	34	ヴィンス「所長、スシャ－ナ達の前にマイクを向けないと聞こえませんよ。集音マイクは指向性が強いのですから」	disk23/ｺｳｴﾝ.png	main/ｳｲﾝｽ.png	KO	빈스: 소장님, 마이크를 수잔나 쪽으로 제대로 향해야 들립니다. 이건 지향성이 강한 마이크라고요.
disk23	NO47	1650	35	クラ－ク「そんな事はわかっている。機械の性能を調べていたんだ。気づかれないように前にでるんだ」	disk23/ｺｳｴﾝ.png	main/ｸﾗｰｸ.png	KO	클라크: 그 정도는 나도 잘 아네. 장비 성능을 시험해 본 거라네. 눈치채지 못하게 좀 더 앞으로 가보지.
disk23	NO47	1660	36	クラ－クとヴィンスは、スシャ－ナの前に行き、物影にかくれて盗聴をはじめた。	disk23/ｺｳｴﾝ.png	main/ｸﾗｰｸ.png	KO	클라크와 빈스는 수잔나 쪽으로 다가가 구조물에 숨어 도청을 시작했다.
disk23	NO47	1670	37	クラ－ク「この場所なら、わりと良く聞こえるが、二人が移動をはじめたら大変だぞ」	disk23/ｺｳｴﾝ.png	main/ｸﾗｰｸ.png	KO	클라크: 여기서는 제법 잘 들리는군. 하지만 두 사람이 자리를 뜨면 또 자리찾느라 난감하겠는 걸.
disk23	NO47	1680	38	クラ－クとヴィンスはイヤホ－ンに手をあて、真剣な顔をしている。	disk23/ｺｳｴﾝ.png	main/ｸﾗｰｸ.png	KO	클라크와 빈스는 이어폰에 손을 댄 채 심각한 표정을 지었다.
disk23	NO47	1700	39	ゲッヘルが話す。	disk23/ﾍﾞﾝﾁ.png	main/ｸﾗｰｸ.png	KO	쾨헬이 말한다.
disk23	NO47	1900	40	ゲッヘル「魔王の力が足りなかったのか、裏切りの血を継ぐ男の命は助かったそうです」	disk23/ﾍﾞﾝﾁ.png	disk43/ｹﾞﾍﾙ.png	KO	쾨헬: 마왕님의 힘이 부족했던 것인지, 배신자의 혈족인 그 남자가 목숨을 건졌다고 합니다.
disk23	NO47	1910	41	スシャ－ナ「でも魔王の力があったからこそ、あの男が見つかったのです。医学の力で助かったとしても、魔王は彼を許さないでしょう」	disk23/ﾍﾞﾝﾁ.png	main/linR.png	KO	수잔나: 그래도 마왕님의 힘이 있었기에 그 남자를 찾아낸 거예요. 의학의 힘으로 살아남아도 마왕님이 그를 용서치 않을 거예요.
disk23	NO47	1920	42	ゲッヘル「でも、スシャ－ナさんは明日、ロンドンに帰るのでしょう。そうなれば彼の命は誰が断つのですか？」	disk23/ﾍﾞﾝﾁ.png	disk43/ｹﾞﾍﾙ.png	KO	쾨헬: 하지만 수잔나 씨는 내일 런던으로 돌아가시잖습니까. 그자의 목숨은 누가 거둡니까?
disk23	NO47	1930	43	スシャ－ナ「なにも起こらなければ、ロンドンで相談して連絡を致します。あの指輪は、もとの持ち主に戻され力を発揮し始めています。きっと北の王も探しあてるでしょう」	disk23/ﾍﾞﾝﾁ.png	main/linR.png	KO	수잔나: 별다른 일이 생기지 않으면 런던에서 상의한 뒤 연락드릴게요. 반지는 원래 주인에게 돌아가 힘을 발휘하고 있으니, 분명 북쪽의 왕도 찾아낼 거에요.
disk23	NO47	1940	44	ゲッヘル「魔王が復活すれば、私の願いも叶えて下さるのでしょう。楽しみに待っていますから宜しくお願いします」	disk23/ﾍﾞﾝﾁ.png	disk43/ｹﾞﾍﾙ.png	KO	쾨헬: 마왕님께서 부활하시면 제 소원도 이루어 주겠죠. 고대하며 기다릴 테니 잘 부탁드립니다.
disk23	NO47	1950	45	スシャ－ナ「魔王の復活は、あの星が地球に接近している間に、裏切りの血を断ち、北の王に復讐ができる時にしか望めません」	disk23/ﾍﾞﾝﾁ.png	main/linR.png	KO	수잔나: 마왕님의 부활은 그 별이 지구에 가까이 머무는 동안, 배신자의 피를 끊고 북방의 왕에게 복수해야만 이뤄질 수 있어요.
disk23	NO47	1960	46	ゲッヘル「今の科学の時代に、この話をしても誰も信じる人はいないでしょうよ」	disk23/ﾍﾞﾝﾁ.png	disk43/ｹﾞﾍﾙ.png	KO	쾨헬: 요즘 같은 과학 시대에 이런 얘기를 해봤자 아무도 믿지 않겠죠.
disk23	NO47	1970	47	スシャ－ナ「誰も信じないでしょうが、北の民にも魔導師の血を引く者がいる筈です。逆襲される危険もあるかも知れません。気をつけて下さい」	disk23/ﾍﾞﾝﾁ.png	main/linR.png	KO	수잔나: 아무도 믿지 않겠지만, 북방 혈족 중에 마도사의 피를 이어받은 자가 있을 겁니다. 그들에게 역습당할 가능성도 있으니 조심하세요.
disk23	NO47	1980	48	スシャ－ナ「しばらくはドイツに来られないと思いますので、吉報を楽しみにしていて下さい。またロンドンでお合いしましょう」	disk23/ﾍﾞﾝﾁ.png	main/linR.png	KO	수잔나: 당분간은 독일에 오지 못할 것 같으니, 희소식을 기다리고 있으세요. 다음에는 런던에서 뵙죠.
disk23	NO47	1990	49	スシャ－ナはベンチを立って、公園の外に向かった。	disk23/ｺｳｴﾝ.png	main/linR.png	KO	수잔나는 벤치에서 일어나 공원 밖으로 향했다.
disk23	NO47	2000	50	クラ－クとヴィンスがスシャ－ナの後を追っているのをゲッヘルは、不審な眼で眺めていた。	disk23/ｺｳｴﾝ.png	main/linR.png	KO	쾨헬은 수잔나 뒤를 미행하는 클라크와 빈스를 수상쩍은 눈빛으로 지켜봤다.
disk23	NO47	10000	79	ＤＡＴＡをＳＡＶＥしますか？　Ｙ／Ｎ	disk23/ｺｳｴﾝ.png	main/linR.png	KO	
disk23	NO47	10040	85	ドライブ１に、ＳＡＶＥ・ディスクを入れて下さい。	disk23/ｺｳｴﾝ.png	main/linR.png	KO	
disk23	NO47	10070	87	ドライブ１のディスクが違います。	disk23/ｺｳｴﾝ.png	main/linR.png	KO	드라이브 1의 디스크가 다릅니다.
disk23	NO47	10110	88	ＳＡＶＥしました。ドライブ１のディスクに、ＭＡＩＮディスクを入れて下さい。	disk23/ｺｳｴﾝ.png	main/linR.png	KO	
disk23	NO47	10150	90	ドライブ１のディスクが違います。	disk23/ｺｳｴﾝ.png	main/linR.png	KO	드라이브 1의 디스크가 다릅니다.
disk23	NO48	900	0	デビッドが話す。	disk23/ｺｳｴﾝ.png	main/linR.png	KO	데이비드가 말한다.
disk23	NO48	900	1	アンドリュ－が話す。	disk23/ｺｳｴﾝ.png	main/linR.png	KO	앤드류가 말한다.
disk23	NO48	900	2	マ－チンが話す。	disk23/ｺｳｴﾝ.png	main/linR.png	KO	마틴이 말한다.
disk23	NO48	900	3	アランが話す。	disk23/ｺｳｴﾝ.png	main/linR.png	KO	앨런이 말한다.
disk23	NO48	900	4	スシャ－ナが話す。	disk23/ｺｳｴﾝ.png	main/linR.png	KO	수잔나가 말한다.
disk23	NO48	2100	5	［エレノ・ヴィジョン］のヨ－ロッパでの最後のコンサ－トが始まっている。	disk23/ﾗｲﾄA.png	main/linR.png	KO	`엘레노 비전'의 유럽 마지막 공연이 시작되었다.
disk23	NO48	2110	6	ノりにノったツア－だったので、デビッド達の演奏は、いつの間にか力が入り、観客の興奮は最高潮まで上り詰めて行った。	disk23/ﾗｲﾄA.png	main/linR.png	KO	투어 내내 분위기가 좋았던 만큼 멤버들의 연주에도 힘이 실렸고, 관객의 열기도 최고조에 치솟았다.
disk23	NO48	2120	7	曲数が半分を過ぎた頃、デビッドが観客に声をかけると、観客もそれに答えるように叫び返した。	disk23/ﾃﾞ1.png	main/linR.png	KO	공연이 절반쯤 지났을 무렵, 데이비드가 관객들을 향해 외치자, 관객들도 함성으로 화답했다.
disk23	NO48	2150	8	デビッドの英語に観客のドイツ語が交差する。興奮状態では言葉が違っても意味は通じるようだ。	disk23/ｷｬｸ1.png	main/linR.png	KO	데이비드의 영어와 관객들의 독일어가 뒤섞였다. 언어가 달라도 흥분한 지금은 뜻이 통하는 듯했다.
disk23	NO48	2160	9	デビッド「俺達は仲間だ！　俺達は同じ一族の仲間だぜ！」	disk23/ｷｬｸ1.png	main/linR.png	KO	데이비드: 우리는 동료다! 우리는 같은 혈족의 동료다!
disk23	NO48	2170	10	観客「ＹＥＡＨ！　みんな仲間だ！」	disk23/ｷｬｸ1.png	main/linR.png	KO	관객: YEAH! 우린 동료다!
disk23	NO48	2180	11	観客全員が立ち上がって叫ぶ。ゲルマン民族の血が騒ぎ始めたのか、ナチス・ドイツの再来を思わせる雰囲気になっている。	disk23/ｶﾝｷB.png	main/linR.png	KO	관객 전원이 일어나 함성을 질렀다. 게르만 민족의 피가 들끓는 듯 나치 독일의 재림을 연상시키는 분위기가 감돌았다.
disk23	NO48	2190	12	デビッド「裏切り者を殺すのだ！」	disk23/ﾃﾞ2.png	main/linR.png	KO	데이비드: 배신자를 죽여라!
disk23	NO48	2200	13	観客「ＹＥＡＨ！　裏切り者を殺せ！」	disk23/ｷｬｸ1.png	main/linR.png	KO	관객: YEAH! 배신자를 죽여라!
disk23	NO48	2210	14	デビッド「裏切りの血を断つのだ！」	disk23/ﾃﾞ2.png	main/linR.png	KO	데이비드: 배신자의 피를 말살하라!
disk23	NO48	2220	15	観客「殺せ！　殺せ！・・・・・・」	disk23/ｶﾝｷB.png	main/linR.png	KO	관객: 죽여라! 죽여라! 죽...
disk23	NO48	2230	16	観客の眼は血ばしり、ノドがつぶれたような叫びを上げている。	disk23/ｶﾝｷA.png	main/linR.png	KO	관객들의 눈은 벌겋게 충혈됐고, 목이 터져라 외쳐댔다.
disk23	NO48	2240	17	デビッド「裏切り者はついに死んだ！」	disk23/ﾃﾞ2.png	main/linR.png	KO	데이비드: 배신자는 마침내 죽었다!
disk23	NO48	2250	18	デビッドの声が終わると同時に、アランの指が鍵盤を押える。観客は悲鳴のような叫びを上げ演奏が始まる。	disk23/ｱﾗﾝ5.png	main/linR.png	KO	데이비드의 멘트가 끝남과 동시에 앨런의 손가락이 건반을 눌렀다. 관객의 비명 같은 함성 속에 연주가 시작되었다.
disk23	NO48	2260	19	ステ－ジのデビッドが一回り大きくなって見える。観客は極度の興奮状態になっているというのに、乱れる事もなく騒いでいる。	disk23/STG3.png	main/linR.png	KO	무대 위의 데이비드는 평소보다 한층 거대해 보였다. 관객들은 극도로 흥분했지만, 질서를 잃지 않고 열광하고 있었다.
disk23	NO48	2270	20	観客の中には、倒れる女性が多数でていたが、整理員によって運ばれライブの進行には影響はなかった。	disk23/ｶﾝｷB.png	main/linR.png	KO	관객 중에는 쓰러지는 여성도 속출했지만, 안전요원들이 곧바로 옮겨 공연에는 지장이 없었다.
disk23	NO48	2280	21	間奏のマ－チンのギタ－ソロが始めた時、ステ－ジの上でデビッドがアンドリュ－に近づいた。	disk23/ｷﾞﾀｰ.png	main/linR.png	KO	마틴의 기타 솔로가 시작되자, 데이비드는 앤드류에게 다가갔다.
disk23	NO48	2290	22	デビッド「次のバラ－ドの曲を飛ばそう。観客は興奮しているが乱れてはいない。このノリをつかんでこそコンサ－トが成功したと言えるんだ」	disk23/ｷﾞﾀｰ.png	main/davL.png	KO	데이비드: 다음 발라드는 건너뛰자. 관객이 흥분했지만 질서를 유지하고 있어. 이 분위기를 끝까지 끌고 가야 진짜 성공한 공연인 거야.
disk23	NO48	2300	23	アンドリュ－「不思議だ！　あんなに観客が興奮しているというのに、人の動きにリズムがあって乱れない。よし！　いける所までやりまくろうぜ！」	disk23/ｷﾞﾀｰ.png	main/andL.png	KO	앤드류: 신기하네! 저렇게 흥분했는데도 관객들이 질서 있게 리듬을 타고 있어. 좋았어! 갈 때까지 달려 보자고!
disk23	NO48	2310	24	アラン「何をやってるんだ。間があくぞ・・・なに、バラ－ドを外す・・・いいじゃないか、そうこなくっちゃ！」	disk23/ｷﾞﾀｰ.png	main/alnL.png	KO	앨런: 뭐하는 거야? 이러면 곡 순서가 틀어지잖아... 뭐? 발라드를 뺀다고? 좋아! 가자앗!
disk23	NO48	2320	25	マ－チンも理解したようだ。わめくように叫びながらリズム・パタ－ンを繰り返し弾き、曲が始まるのを待っている。デビッドが観客に向かって叫んだ。	disk23/ｽﾃｼA.png	main/alnL.png	KO	마틴도 의도를 알아차린 듯했다. 그는 울부짖는 듯한 리듬을 반복해 연주하며 다음 곡을 기다렸다. 그때 데이비드가 관객을 향해 외쳤다.
disk23	NO48	2330	26	デビッド「今夜でヨ－ロッパのコンサ－トは終わりだが、俺は身体がボロボロになるまで歌いつづけたいんだ！」	disk23/ﾃﾞ1.png	main/davL.png	KO	데이비드: 오늘 밤으로 유럽 투어가 끝나지만, 난 몸이 너덜너덜해질 때까지 노래하고 싶어!
disk23	NO48	2340	27	観客「ＹＥＡＨ！！」	disk23/ｷｬｸ1.png	main/davL.png	KO	관객: YEAH!!
disk23	NO48	2350	28	デビッド達の演奏は、狂乱したかのように激しかった。最後の曲などデビッドの喉はつぶれ、声はでていなかった。観客も異常とも思えるほど興奮してシャツもずたずたになっている。	disk23/ｷｰﾎA.png	main/davL.png	KO	멤버들의 연주는 광기에 휩싸인 듯 격렬했다. 마지막 곡에 이르자 데이비드는 목이 쉬어버렸고, 관객들 역시 비정상적으로 열광해 셔츠를 갈기갈기 찢어버린 사람까지 있었다.
disk23	NO48	2360	29	演奏が終わった時、デビッドはステ－ジの上で倒れてしまった。	disk23/ﾗｲﾄA.png	main/davL.png	KO	연주가 끝났을 때, 데이비드는 무대 위에서 쓰러져버렸다.
disk23	NO48	2370	30	会場を見ると立つ力のある者は一人もいない。整理員までが、壁にもたれて座っている。満足の限界を越え放心状態になっている。	disk23/ﾗｲﾄA.png	main/davL.png	KO	객석을 바라보니 제대로 서 있는 사람이 단 한 명도 없었다. 안전요원들마저 벽에 기대 앉아 있었다. 만족감의 한계를 넘어 넋이 나간 상태였다.
disk23	NO48	2380	31	コンサ－トが終わったというのに、裏方も放心状態なのか、照明を落とすことも幕を降ろす事すらも忘れている。デビッドもアランもアンドリュ－もマ－チンもステ－ジの上で放心状態になっていた。	disk23/ﾗｲﾄA.png	main/davL.png	KO	공연이 끝났는데도 무대 스태프마저 넋을 놓은 듯 조명을 끄는 것도 막을 내리는 것도 잊고 있었다. 멤버들도 넋을 놓고 있었다.
disk23	NO48	2500	32	アンドリュ－「デビッド、大丈夫か？」	disk23/ﾗｲﾄA.png	main/andL.png	KO	앤드류: 데이비드, 괜찮아?
disk23	NO48	2510	33	デビッド「あぁ、疲れて動けないが、こんな気分で歌えて最高だ」	disk23/ﾗｲﾄA.png	main/davL.png	KO	데이비드: 괜찮아. 너무 지쳐서 꼼짝도 못 하겠지만... 이런 기분으로 노래할 수 있었다니 최고야.
disk23	NO48	2520	34	アンドリュ－「俺なんか涙が出てきて・・・こんな気分になったのは初めてだ」	disk23/ﾗｲﾄA.png	main/andL.png	KO	앤드류: 나 눈물까지 나려고 해... 이런 기분은 생전 처음이야.
disk23	NO48	2530	35	デビッド「アンドリュ－、あれだけノリまくったのに、なぜ観客は荒れなかったんだ」	disk23/ﾗｲﾄA.png	main/davL.png	KO	데이비드: 앤드류, 저렇게 흥분했는데도 왜 관객들이 난동을 부리지 않았을까?
disk23	NO48	2540	36	アンドリュ－「今そんな事を聞かれても、頭の中が真っ白で無理だよ。ただ言える事は、全てがうまく行って何も言う事なしだ」	disk23/ﾗｲﾄA.png	main/andL.png	KO	앤드류: 그런 걸 물어봐도 지금 머릿속이 새하얘서 아무 생각도 안 나. 다만 확실한 건 하나야. 모든 게 완벽했고 더 할 나위 없다는 거야.
disk23	NO48	2550	37	アラン「デビッド、裏切り者とか裏切りの血とか言ってたが、何の事だ？」	disk23/ﾗｲﾄA.png	main/alnL.png	KO	앨런: 데이비드, 아까 배신자니 배신자의 피니 했잖아. 그게 대체 무슨 소리야?
disk23	NO48	2560	38	デビッド「えっ！　そんな事を言ってた？」	disk23/ﾗｲﾄA.png	main/davL.png	KO	데이비드: 뭐!? 내가 그런 말을 했다고?
disk23	NO48	2570	39	マ－チン「そういえば、デビッドがわけのわからない事を言いだしてから、会場に一体感が生まれたみたいで・・・」	disk23/ﾗｲﾄA.png	main/marL.png	KO	마틴: 그러고 보니 네가 이상한 말을 하고 나서부터 공연장 분위기가 달라진 느낌이 들었어...
disk23	NO48	2580	40	その時、ステ－ジの照明が暗くなり、ようやく幕が閉じ始めた。	disk23/ﾗｲﾄA.png	main/marL.png	KO	그때, 드디어 무대 조명이 어두워지고 막이 내려오기 시작했다.
disk23	NO48	2590	41	会場から拍手が起こったが、気勢を上げる声はなく、クラッシックのコンサ－トのように静かに幕が降りた。	disk23/ﾗｲﾄA.png	main/marL.png	KO	객석에서는 박수가 울려 퍼졌지만, 더 이상 함성은 없었다. 클래식 공연처럼 고요한 환호 속에서 막이 내려갔다.
disk23	NO48	2600	42	スシャ－ナ「デビッド、やったわね。これ以上のコンサ－トは出来ないわ。いまでも、膝がガクガクして歩くのがやっとよ」	disk23/ﾗｲﾄA.png	main/linR.png	KO	수잔나: 데이비드, 해냈군요. 이보다 더 대단한 공연은 없을 거예요. 지금도 무릎이 후들거려서 서 있는 것조차 힘들 정도예요.
disk23	NO48	2610	43	会場の外に出たデビッド達に、報道関係のライトが集中したが、そこでも乱れた騒ぎもなく、取材も整然と行われ、僅かな時間で車に乗れた。	disk23/ﾗｲﾄA.png	main/linR.png	KO	공연장을 나온 멤버들에게 취재진의 조명이 집중되었지만, 별다른 소란 없이 취재 역시 질서정연하게 이뤄져 곧 차에 올라탈 수 있었다.
disk23	NO48	2620	44	ホテルに戻ったデビッド達は、祝杯を上げる元気もなく、それぞれの部屋に戻った。	disk23/ﾍﾞｯﾄ.png	main/linR.png	KO	호텔로 돌아온 멤버들은 축배를 들 힘조차 없었기에 각자의 방으로 돌아갔다.
disk23	NO48	2630	45	デビッドはベッドに入った瞬間、何も考えず寝てしまった。	disk23/ﾍﾞｯﾄ.png	main/linR.png	KO	데이비드는 침대에 눕자마자, 생각할 틈도 없이 곯아떨어졌다.
disk23	NO48	2640	46	翌日、空港はユニオン・ジャックの旗で埋めつくされ、［エレノ・ヴィジョン］の一行が乗った飛行機が消えるまで、うち振られていた。	disk23/ｺﾝｺﾙ.png	main/linR.png	KO	다음 날, 공항은 수많은 유니언 잭으로 뒤덮였다. 팬들은 `엘레노 비전' 멤버들을 태운 비행기가 시야에서 사라질 때까지 깃발을 흔들었다.
disk23	NO48	10000	84	ＤＡＴＡをＳＡＶＥしますか？　Ｙ／Ｎ	disk23/ｺﾝｺﾙ.png	main/linR.png	KO	
disk23	NO48	10040	90	ドライブ１に、ＳＡＶＥ・ディスクを入れて下さい。	disk23/ｺﾝｺﾙ.png	main/linR.png	KO	
disk23	NO48	10070	92	ドライブ１のディスクが違います。	disk23/ｺﾝｺﾙ.png	main/linR.png	KO	드라이브 1의 디스크가 다릅니다.
disk23	NO48	10110	93	ＳＡＶＥしました。ドライブ１のディスクに、ＭＡＩＮディスクを入れて下さい。	disk23/ｺﾝｺﾙ.png	main/linR.png	KO	
disk23	NO48	10150	95	ドライブ１のディスクが違います。	disk23/ｺﾝｺﾙ.png	main/linR.png	KO	드라이브 1의 디스크가 다릅니다.
disk23	NO49	900	0	デビッドが話す。	disk23/ｺﾝｺﾙ.png	main/linR.png	KO	데이비드가 말한다.
disk23	NO49	900	1	アンドリュ－が話す。	disk23/ｺﾝｺﾙ.png	main/linR.png	KO	앤드류가 말한다.
disk23	NO49	900	2	マ－チンが話す。	disk23/ｺﾝｺﾙ.png	main/linR.png	KO	마틴이 말한다.
disk23	NO49	900	3	アランが話す。	disk23/ｺﾝｺﾙ.png	main/linR.png	KO	앨런이 말한다.
disk23	NO49	900	4	スシャ－ナが話す。	disk23/ｺﾝｺﾙ.png	main/linR.png	KO	수잔나가 말한다.
disk23	NO49	900	5	リチャ－ドが話す。	disk23/ｺﾝｺﾙ.png	main/linR.png	KO	리차드가 말한다.
disk23	NO49	1000	6	機はロンドンのヒ－スロ－空港に着いた。	disk23/ｸｳｺｳ.png	main/linR.png	KO	비행기는 런던 히드로 공항에 도착했다.
disk23	NO49	1010	7	この空港から出発した時には考えられなかった光景が、税関でチェックをすませたデビッド達の眼に入った。	disk23/ｸｳｺｳ.png	main/linR.png	KO	유럽 투어를 떠났을 때는 상상도 못한 광경이 세관을 통과한 멤버들의 눈앞에 펼쳐졌다.
disk23	NO49	1020	8	待合室にはＴＶカメラの列ができ、報道関係者によるインタビュ－が待ち構えている。	disk23/ｸｳｺｳ.png	main/linR.png	KO	대합실에는 TV 카메라가 줄지어 있었고, 수많은 취재진이 인터뷰를 기다렸다.
disk23	NO49	1030	9	ようやく待合室の外に出た時、もの凄い歓声が耳をつんざくように聞こえた。	disk23/ﾓﾏﾚﾙ.png	main/linR.png	KO	겨우 대합실 밖으로 나오자, 귀가 먹먹해질 정도의 엄청난 함성이 터져 나왔다.
disk23	NO49	1035	10	［エレノ・ヴィジョン］と書かれた横断幕や、デビッド達が表紙になった雑誌をかかげた大勢の若者達が道路を埋めている。	disk23/ﾓﾏﾚﾙ.png	main/linR.png	KO	`엘레노 비전'이 적힌 대형 현수막과 멤버들이 표지를 장식한 잡지를 치켜든 젊은 팬들이 도로를 가득 메우고 있었다.
disk23	NO49	1040	11	デビッド達は群衆に手を振るのがやっとで、用意された車まで警官に囲まれて行った。	disk23/ﾓﾏﾚﾙ.png	main/linR.png	KO	멤버들은 팬들에게 간신히 손만 흔들며, 경찰의 호위를 받아 준비된 차량까지 이동했다.
disk23	NO49	1050	12	パトカ－に先導された車は、無事ヒルトン・ホテルに着いたが、ロビ－でくつろぐ事もなく、スシャ－ナがデビッド達をエレベ－タ－に乗せ部屋に入れた。	disk23/Hﾎﾃﾙ.png	main/linR.png	KO	경찰차의 호위를 받은 차량은 무사히 힐튼 호텔에 도착했지만, 로비에서 쉴 틈도 없이 수잔나는 멤버들을 엘리베이터에 태워 객실로 안내했다.
disk23	NO49	1300	13	アンドリュ－「驚いたよ。こんなに歓迎されてるなんて想像もしてなかった。英雄の凱旋といったところだけど、まるで囚人扱いなのが玉にきずだな」	disk23/ﾍﾔ.png	main/andL.png	KO	앤드류: 정말 놀랐어. 영웅의 귀환급으로 환대받을 줄 몰랐어. 다만 경찰에 둘러싸여서 죄수처럼 이동한 게 좀 흠이긴 했어.
disk23	NO49	1310	14	スシャ－ナ「私も連絡を受けてたけど、ここまで人気がでてたなんて・・・」	disk23/ﾍﾔ.png	main/linR.png	KO	수잔나: 연락은 받았지만, 설마 이렇게까지 인기가 높아졌을 줄은 몰랐어요...
disk23	NO49	1320	15	マ－チン「こうなるのが夢だったんだから、有名税と思って諦めようよ」	disk23/ﾍﾔ.png	main/marL.png	KO	마틴: 이렇게 되는 것이 꿈이었잖아, 그냥 유명세라고 생각하고 받아들여.
disk23	NO49	1330	16	デビッド「マ－キ－に行くつもりだけど、マスタ－に迷惑にならないかな」	disk23/ﾍﾔ.png	main/davL.png	KO	데이비드: 마키에 갈 건데 마스터에게 폐가 되진 않을까?
disk23	NO49	1340	17	［マ－キ－］　デビッド達が最初にデビュ－したライブ・ハウス。座席はないが、立ち飲みバ－があり４００人の観客が入れる。今でもデビッド達の憩いの場所になっている。	disk23/ﾍﾔ.png	main/davL.png	KO	`마키'는 멤버들이 처음 데뷔 무대를 가졌던 라이브 하우스다. 좌석은 없지만 스탠딩 바가 마련되어 있으며 약 400명을 수용할 수 있었고, 지금도 멤버들의 휴식처 같은 곳이다.
disk23	NO49	1350	18	アンドリュ－「俺も、帰ったら一番に報告をしに行こうと思っていたんだが・・・こっそり行けば騒動にならないな。閉店まぎわに皆で行こうよ」	disk23/ﾍﾔ.png	main/andL.png	KO	앤드류: 나도 돌아오자마자 제일 먼저 인사하러 가려고 했어. 조용히 찾아가면 큰 소동은 안 날 거야. 마감 시간에 다 같이 가자.
disk23	NO49	1360	19	スシャ－ナ「私は行けないけど、ツア－の前の貴方達とはもう違うのよ。気をつけて行ってね」	disk23/ﾍﾔ.png	main/linR.png	KO	수잔나: 전 같이 못 가지만, 이제 여러분의 위상은 전과 달라졌으니, 조심해서 다녀오세요.
disk23	NO49	1370	20	その時、ドアがノックされた。ドアを開けると、デビッド達の音楽事務所の社長、リチャ－ドが入ってきた。	disk23/ﾍﾔ.png	main/linR.png	KO	그때, 노크 소리가 들렸다. 문을 열자, 멤버들의 소속사 사장 리차드가 들어왔다.
disk23	NO49	1600	21	リチャ－ド「皆よくやったな。［エレノ・ヴィジョン］のＣＤの生産が追いつかないわ、出演の依頼が山ほどくるわ、夜もおちおち寝られなくて悲鳴をあげてるよ」	disk23/ﾍﾔ.png	main/rtdL.png	KO	리차드: 다들 정말 잘했네! `엘레노 비전'의 음반은 생산이 주문을 못 따라가고, 출연 요청은 산더미처럼 밀려들고 있네. 덕분에 난 밤에 잠도 제대로 못 자서 비명을 지를 지경이라네.
disk23	NO49	1610	22	アンドリュ－「ＣＤはいくら売れてもかまわないけど、出演の方は、ほどほどにお願いしますよ。ツア－のラスト・コンサ－トが終わったら２週間の休暇の約束を守ってくださいよ」	disk23/ﾍﾔ.png	main/andL.png	KO	앤드류: 음반이야 많이 팔리면 좋은 거지만, 출연 일정은 적당히 잡아주세요. 투어를 끝내면 2주간 휴가를 준다는 약속, 꼭 지켜주세요.
disk23	NO49	1620	23	リチャ－ド「わかってるよ。しかし、スケジュ－ルは、びっしりだから覚悟をして休暇を過ごしてくれよ」	disk23/ﾍﾔ.png	main/rtdL.png	KO	리차드: 알고 있네. 대신 휴가가 끝나면 일정이 꽉 차 있으니까 각오해두게.
disk23	NO49	1630	24	アラン「ボス、俺のギャラは前金で銀行に振り込んでくださいよ。休暇をもらっても金がなきゃ意味がないですからね」	disk23/ﾍﾔ.png	main/alnL.png	KO	앨런: 사장님, 제 몫은 미리 계좌에 넣어 주세요. 휴가를 받아도 빈털터리면 아무 소용 없잖아요.
disk23	NO49	1640	25	リチャ－ド「もう入れてるよ。全額じゃないが、一年間遊べるだけの金が通帳に入ってるから、ラスト・コンサ－トのあとで使ってくれ」	disk23/ﾍﾔ.png	main/rtdL.png	KO	리차드: 벌써 입금했네. 전부는 아니지만 1년은 놀고먹을 만큼 입금했으니 투어가 끝나면 마음껏 쓰게.
disk23	NO49	1645	26	マ－チン「一年間遊べるだけの金といっても、一年間休暇をくれるわけでもないし・・・」	disk23/ﾍﾔ.png	main/marL.png	KO	마틴: 1년을 놀 돈을 줘도 휴가를 1년 주는 건 아니잖습니까...
disk23	NO49	1650	27	リチャ－ド「もちろん。スシャ－ナにもボ－ナスをだすよ。おっと、そろそろ打合せの時間だ。スシャ－ナ行こう」	disk23/ﾍﾔ.png	main/rtdL.png	KO	리차드: 당연한 걸 뭘 묻나. 수잔나에게도 보너스는 챙겨 줄 거네. 이런, 벌써 회의 시간이 다 됐군. 수잔나, 어서 가세.
disk23	NO49	1660	28	リチャ－ドとスシャ－ナは、部屋から出ていった。	disk23/ﾍﾔ.png	main/rtdL.png	KO	리차드와 수잔나는 방을 나갔다.
disk23	NO49	1670	29	その頃、クラ－クの探偵事務所では、クラ－クがヴィンスを相手にタイプライタ－を打っている。	disk23/ｼﾞﾑK.png	main/rtdL.png	KO	한편, 클라크 탐정 사무소에서는 클라크가 빈스와 함께 타자기를 두드리며 보고서를 작성하고 있었다.
disk23	NO49	1690	30	クラ－クが話す。	disk23/ｼﾞﾑK.png	main/rtdL.png	KO	클라크가 말한다.
disk23	NO49	1690	31	ヴィンスが話す。	disk23/ｼﾞﾑK.png	main/rtdL.png	KO	빈스가 말한다.
disk23	NO49	1900	32	ヴィンス「この報告書を明日までに仕上げて渡すのでしょう。ようやくロンドンに帰れたというのに、今夜は徹夜ですね」	disk23/ｼﾞﾑK.png	main/rtdL.png	KO	빈스: 이 보고서, 내일까지 완성해서 넘겨야 하죠? 겨우 런던에 돌아왔는데 오늘은 꼴딱 밤새우게 생겼네요.
disk23	NO49	1910	33	クラ－ク「人をなんだと思ってんだ。帰るそうそう、電話をかけてきやがって。ヨ－ロッパでの調査を書類にしろだと！　それも明日の１２時に渡さなきゃならないんだ」	disk23/ｼﾞﾑK.png	main/rtdL.png	KO	클라크: 사람을 대체 뭘로 보는 거지? 돌아오자마자, 전화해서 유럽에서 조사한 내용을 보고서로 작성하라니! 그것도 내일 낮 12시까지 넘기라는 게 말이 되나!
disk23	NO49	1920	34	ヴィンス「でも書類を渡したら仕事は終わりでしょう。あんなに調査費をもらったんだから仕方がないですよ」	disk23/ｼﾞﾑK.png	main/rtdL.png	KO	빈스: 그래도 이것만 넘기면 끝나잖아요. 조사비도 그렇게 많이 받았는데 이 정도는 해야죠.
disk23	NO49	1930	35	クラ－ク「しかしスシャ－ナって何者だったのか？　中途半端な報告書しか書けないな・・・」	disk23/ｼﾞﾑK.png	main/rtdL.png	KO	클라크: 그런데 수잔나라는 여자는 대체 정체가 뭘까? 이래선 어중간한 보고서밖에 못 쓸 텐데...
disk23	NO49	1940	36	ヴィンス「それにしても［エレノ・ヴィジョン］のコンサ－トは凄かったですね。僕みたいな男までが［殺せ］なんて叫んだりして、あんなに乗ったコンサ－トは初めてですよ」	disk23/ｼﾞﾑK.png	main/rtdL.png	KO	빈스: 그나저나 `엘레노 비전' 공연은 정말 굉장했어요. 저까지 `죽여라'를 외쳤다니까요. 그렇게 열광한 공연은 처음이었어요.
disk23	NO49	1950	37	クラ－ク「それなんだ。ロンドンについてから、どうも気になってドイツの友達に電話したら、あのマジシャンのクロストはあの夜、額からまた出血して死んだそうだ」	disk23/ｼﾞﾑK.png	main/rtdL.png	KO	클라크: 그 소리가 마음에 걸려서 런던에 도착한 뒤 독일 친구놈에게 확인했는데, 크로스트가 그날 밤 이마에서 다시 피를 쏟고 결국 죽었다더군.
disk23	NO49	1960	38	ヴィンス「クロストが死んでもスシャ－ナには関係ないでしょう。それも報告書に書くのですか・・・？」	disk23/ｼﾞﾑK.png	main/rtdL.png	KO	빈스: 크로스트가 죽은 건 수잔나와 상관없는 일인데, 그것까지 보고서에 넣으려고요...?
disk23	NO49	1970	39	クラ－ク「依頼人はスシャ－ナに関係のない事でも気づいた事は、もれなく報告しろと言ってるんだ」	disk23/ｼﾞﾑK.png	main/rtdL.png	KO	클라크: 의뢰인이 수잔나와 관계가 없어도 알아낸 사실은 빠짐없이 보고하라고 했다네.
disk23	NO49	1980	40	二人は紅茶を飲みながら仕事を続けている。	disk23/ｼﾞﾑK.png	main/rtdL.png	KO	두 사람은 홍차를 마시며 보고서를 계속 작성했다.
disk23	NO49	10000	77	ＤＡＴＡをＳＡＶＥしますか？　Ｙ／Ｎ	disk23/ｼﾞﾑK.png	main/rtdL.png	KO	
disk23	NO49	10040	83	ドライブ１に、ＳＡＶＥ・ディスクを入れて下さい。	disk23/ｼﾞﾑK.png	main/rtdL.png	KO	
disk23	NO49	10070	85	ドライブ１のディスクが違います。	disk23/ｼﾞﾑK.png	main/rtdL.png	KO	드라이브 1의 디스크가 다릅니다.
disk23	NO49	10110	86	ＳＡＶＥしました。ドライブ１のディスクに、ＭＡＩＮディスクを入れて下さい。	disk23/ｼﾞﾑK.png	main/rtdL.png	KO	
disk23	NO49	10150	88	ドライブ１のディスクが違います。	disk23/ｼﾞﾑK.png	main/rtdL.png	KO	드라이브 1의 디스크가 다릅니다.
disk23	49-1	900	0	デビッドが話す。	disk23/ｼﾞﾑK.png	main/rtdL.png	KO	데이비드가 말한다.
disk23	49-1	900	1	アンドリュ－が話す。	disk23/ｼﾞﾑK.png	main/rtdL.png	KO	앤드류가 말한다.
disk23	49-1	900	2	マ－チンが話す。	disk23/ｼﾞﾑK.png	main/rtdL.png	KO	마틴이 말한다.
disk23	49-1	900	3	アランが話す。	disk23/ｼﾞﾑK.png	main/rtdL.png	KO	앨런이 말한다.
disk23	49-1	900	4	スシャ－ナが話す。	disk23/ｼﾞﾑK.png	main/rtdL.png	KO	수잔나가 말한다.
disk23	49-1	900	5	リチャ－ドが話す。	disk23/ｼﾞﾑK.png	main/rtdL.png	KO	리차드가 말한다.
disk23	49-1	1990	6	夜の１０時を過ぎた頃、デビッド達はライブ・ハウス［マ－キ－］にでかけた。	disk23/ﾏｷﾞｰ.png	main/rtdL.png	KO	밤 10시가 넘자, 멤버들은 라이브 하우스 `마키'로 향했다.
disk23	49-1	2000	7	マスタ－が話す。	disk23/ﾏｷﾞｰ.png	main/rtdL.png	KO	마스터가 말한다.
disk23	49-1	2010	8	マスタ－が話す。	disk23/ﾏｷﾞｰ.png	main/rtdL.png	KO	마스터가 말한다.
disk23	49-1	2150	9	マスタ－が話す。	disk23/ﾏｷﾞｰ.png	main/rtdL.png	KO	마스터가 말한다.
disk23	49-1	2200	10	マスタ－「おっ！　デビッドじゃないか。アランもアンドリュ－もマ－チンも、みんな来てくれたのか。今日帰ったばかりだろう？」	disk23/ﾑｶｴﾙ.png	disk43/ﾏｷﾞｰ.png	KO	마스터: 오! 데이비드 아닌가! 앨런과 앤드류, 마틴까지 다 와줬구만. 오늘 막 돌아온 거 아니었나?
disk23	49-1	2210	11	マスタ－「嬉しいなぁ！　来てくれて。もう、ここで［エレノ・ヴィジョン］が演奏するのは無理になったけど、こうなる事を祈ってたんだから、しかたがないな」	disk23/ﾑｶｴﾙ.png	disk43/ﾏｷﾞｰ.png	KO	마스터: 이렇게 와줘서 기쁘구만! 이제 여기서 `엘레노 비전'이 공연하는 건 힘들겠지만, 자네들이 성공하길 바랐으니 어쩔 수 없는 일이지.
disk23	49-1	2220	12	デビッド「ツア－の成功を一番先にマスタ－に報告しようと思って・・・一年前は世話になりっぱなしだったからな。マスタ－あっての俺達なんだ」	disk23/ﾑｶｴﾙ.png	main/davL.png	KO	데이비드: 투어 성공을 제일 먼저 마스터에게 전하고 싶어서 왔어요... 1년 전에 신세를 지기만 했으니까요. 마스터가 없었다면 지금의 저희도 없었어요.
disk23	49-1	2230	13	マスタ－「嬉しいな、そう言ってくれるのは。ちょっと待ってくれ相変わらず狭くて席はないが、カウンタ－に行こう。満員だが客を押しのければなんとかなるさ」	disk23/ﾑｶｴﾙ.png	disk43/ﾏｷﾞｰ.png	KO	마스터: 그렇게 말해주니 고맙네. 잠깐만 기다려보게. 여전히 협소해서 자리가 없지만 카운터 쪽에 손님 좀 밀어내면 어떻게든 될 걸세.
disk23	49-1	2235	14	マスタ－はカウンタ－の客を押しやり、椅子を楽屋から持ち出し並べてくれた。	disk23/ｶｳﾝﾀ.png	disk43/ﾏｷﾞｰ.png	KO	마스터는 카운터 주변 관객들을 밀어내고, 대기실에서 의자를 가져와 자리를 마련했다.
disk23	49-1	2236	15	マスタ－「おい、スコッチを出してくれ・・・それとは違う。店で最高級のスコッチだ！　さあ、みんな今夜は俺のおごりだから、おもいっきり楽しんでくれよ！」	disk23/ｶｳﾝﾀ.png	disk43/ﾏｷﾞｰ.png	KO	마스터: 거기, 스카치 좀 가져와... 그거 말고, 우리 가게에서 제일 좋은 걸로! 자, 다들 오늘 밤은 내가 쏘는 거니까 마음껏 즐기게!
disk23	49-1	2240	16	マ－チン「ツア－にでてたから、久しぶりだなぁ。いま演奏してるのはジミ－達だな。この店のメインをやれるようになったんだね」	disk23/ｶｳﾝﾀ.png	main/marL.png	KO	마틴: 투어 때문에 정말 오랜만에 왔네. 지금 무대에 있는 건 지미네 밴드지? 이제 메인 무대까지 맡게 됐구나.
disk23	49-1	2250	17	アラン「俺達だって、ここでメインをやれるようになって、ようやくメシを食えたんだ。前座の頃のマスタ－はケチで出演料は交通費で消えちまったぜ」	disk23/ｶｳﾝﾀ.png	main/alnL.png	KO	앨런: 우리도 여기서 메인이 되고 나서야 겨우 입에 풀칠했잖아. 오프닝 밴드 시절엔 마스터가 워낙 짜서 공연료가 교통비로 다 날아갔지.
disk23	49-1	2260	18	マスタ－「素人がロンドンのライブ・ハウスで演奏できるだけでも感謝してもらわなくちゃ。それに、わずかでも出演料を渡せばプロ意識が生まれるだろう。俺は若者の神様だよ」	disk23/ｶｳﾝﾀ.png	disk43/ﾏｷﾞｰ.png	KO	마스터: 풋내기들이 런던의 라이브 하우스 무대에 설 수 있는 것만으로도 감사해야지! 그리고 짠 공연비라도 받아야 프로의식이 생기는 법. 이래 봬도 난 풋내기들의 신이라고!
disk23	49-1	2261	19	いつの間にか、カウンタ－の近くにいた客の視線がデビッドに向けられている。	disk23/ｶｳﾝﾀ.png	disk43/ﾏｷﾞｰ.png	KO	어느새 카운터 주변 관객들의 시선이 데이비드에게 모이기 시작했다.
disk23	49-1	2262	20	ステ－ジの上のジミ－もデビッド達が来ているのを知って、ノりが悪くなっている。演奏が終わるとジミ－がマイクを持って叫んだ。	disk23/ﾗｲﾌﾞ.png	disk43/ﾏｷﾞｰ.png	KO	무대 위의 지미도 멤버들이 왔다는 것을 알아차렸는지 긴장한 모습이었다. 연주가 끝나자, 지미가 마이크를 들고 외쳤다.
disk23	49-1	2263	21	ジミ－「みんな！　この店に俺達の先輩［エレノ・ヴィジョン］が来てるぜ！」	disk23/ﾗｲﾌﾞ.png	disk43/ﾏｷﾞｰ.png	KO	지미: 여러분! 이곳에 지금 저희 선배인 엘레노 비전이 와 있습니다.
disk23	49-1	2264	22	客のざわめきが広がり、デビッド達を探している。	disk23/ﾗｲﾌﾞ.png	disk43/ﾏｷﾞｰ.png	KO	가게 안이 술렁거렸고, 관객들은 멤버들을 찾고 있었다.
disk23	49-1	2265	23	ジミ－「みんな、デビッドさんに一曲歌ってもらおうぜ！　この店で［エレノ・ヴィジョン］の演奏が聞けるのは、これが最後かもしれないんだ！」	disk23/ﾗｲﾌﾞ.png	disk43/ﾏｷﾞｰ.png	KO	지미: 여러분, 데이비드 씨에게 한 곡 부탁해 봅시다! 이곳에서 `엘레노 비전'의 연주를 들을 수 있는 기회는 이번이 마지막일지도 모릅니다!
disk23	49-1	2266	24	ジミ－「お願いします。みんなもお願いするんだ！」	disk23/ﾗｲﾌﾞ.png	disk43/ﾏｷﾞｰ.png	KO	지미: 부탁드립니다. 여러분도 같이 부탁해 주세요.
disk23	49-1	2267	25	客の拍手は手拍子に変わり、店内に響き渡りデビッド達がステ－ジに登るまで、やみそうになかった。	disk23/ﾗｲﾌﾞ.png	disk43/ﾏｷﾞｰ.png	KO	손님들의 박수 소리가 가게 안에 울려 퍼졌고, 멤버들이 무대에 오를 때까지 그칠 것 같지 않았다.
disk23	49-1	2270	26	マスタ－「ジミ－の奴！　アンドリュ－、このままではおさまりそうもないな。一曲だけでも結構だから、お願いするよ」	disk23/ｶｳﾝﾀ.png	disk43/ﾏｷﾞｰ.png	KO	마스터: 지미 이 녀석! 앤드류, 분위기가 쉽게 가라앉지 않을 것 같네. 딱 한 곡만이라도 좋으니 부탁함세.
disk23	49-1	2280	27	アンドリュ－「皆、どうする？　ここは、やるしかなさそうだな」	disk23/ｶｳﾝﾀ.png	main/andL.png	KO	앤드류: 다들 어쩔래? 이런 분위기면 뺄 수도 없을 것 같은데.
disk23	49-1	2290	28	アラン「イタリアのパブでもやったんだぜ。マスタ－に恥をかかせるわけにもいかないし・・・デビッドやろうぜ」	disk23/ｶｳﾝﾀ.png	main/alnL.png	KO	앨런: 이태리 펍에서도 공연했잖아. 마스터 체면도 구길 수도 없고... 데이비드, 가자고!
disk23	49-1	2300	29	デビッド「疲れてるからノれるかな・・・しかしロンドンでの最初のライブがマ－キ－だとは思わなかったよ」	disk23/ｶｳﾝﾀ.png	main/davL.png	KO	데이비드: 피곤해서 달릴 수 있을지 모르겠네... 그래도 런던의 첫 공연장이 마키가 될 줄은 몰랐네.
disk23	49-1	2310	30	マ－チン「マスタ－、デビッドが疲れていてかえってよかったですね。もし調子が最高だったら、店は壊されてしまいますよ」	disk23/ｶｳﾝﾀ.png	main/marL.png	KO	마틴: 마스터, 데이비드가 녹초여서 오히려 다행인 줄 아세요. 컨디션이 좋았으면 가게 박살냈을 거예요.
disk23	49-1	2320	31	デビッド達は、ステ－ジに上がって行った。	disk23/ｶｳﾝﾀ.png	main/marL.png	KO	멤버들이 무대로 올라갔다.
disk23	49-1	2330	32	手拍子が歓声に変わる。その夜のマ－キ－のライブ・ハウスは、遅くまで灯りが消えなかった。	disk23/ﾏｷﾞｰ.png	main/marL.png	KO	박수 소리가 환호로 바뀌었다. 그날 밤, 마키의 불빛은 밤늦게까지 꺼질 줄 몰랐다.
disk23	49-1	3000	33	ＣＤ－ＲＯＭよりＤＡＴＡの読み込みを始めます。ＨＩＴ　ＡＮＹ　ＫＥＹ	disk23/ﾏｷﾞｰ.png	main/marL.png	KO	CD-ROM에서 데이터 읽습니다. 아무 키나 눌러주세요.
disk23	49-1	3010	34	　　　　　　　　ＣＤ－ＲＯＭよりＤＡＴＡを読み込み中	disk23/ﾏｷﾞｰ.png	main/marL.png	KO	데이터를 읽는 중...
disk23	49-1	10000	66	ＤＡＴＡをＳＡＶＥしますか？　Ｙ／Ｎ	disk23/ﾏｷﾞｰ.png	main/marL.png	KO	
disk23	49-1	10040	72	ドライブ１に、ＳＡＶＥ・ディスクを入れて下さい。	disk23/ﾏｷﾞｰ.png	main/marL.png	KO	
disk23	49-1	10070	74	ドライブ１のディスクが違います。	disk23/ﾏｷﾞｰ.png	main/marL.png	KO	드라이브 1의 디스크가 다릅니다.
disk23	49-1	10110	75	ＳＡＶＥしました。ドライブ１のディスクに、ＭＡＩＮディスクを入れて下さい。	disk23/ﾏｷﾞｰ.png	main/marL.png	KO	
disk23	49-1	10150	77	ドライブ１のディスクが違います。	disk23/ﾏｷﾞｰ.png	main/marL.png	KO	드라이브 1의 디스크가 다릅니다.
disk24	NO50	900	0	デビッドが話す。			KO	데이비드가 말한다.
disk24	NO50	900	1	アランが話す。			KO	앨런이 말한다.
disk24	NO50	900	2	マ－チンが話す。			KO	마틴이 말한다.
disk24	NO50	900	3	アンドリュ－が話す。			KO	앤드류가 말한다.
disk24	NO50	900	4	スシャ－ナが話す。			KO	수잔나가 말한다.
disk24	NO50	900	5	リチャ－ドが話す。			KO	리차드가 말한다.
disk24	NO50	1000	6	マ－キ－の店で馬鹿騒ぎをしたデビッド達は翌日、全員二日酔いで昼が過ぎてもミ－ティングに現れる者はいなかった。			KO	마키에서 난장판을 벌였던 멤버들은 모두 숙취에 시달려, 다음 날 정오가 지나도 회의에 아무도 나타나지 않았다.
disk24	NO50	1200	7	スシャ－ナ「デビッド、まだ寝ているの？」		main/linR.png	KO	수잔나: 데이비드, 아직도 자고 있어요?
disk24	NO50	1210	8	デビッドの声が部屋の中から、かすかに聞こえる。		main/linR.png	KO	방 안에서 데이비드의 목소리가 희미하게 들려왔다.
disk24	NO50	1220	9	ようやくドアが開いて、デビッドが顔をだした。	disk24/ﾍﾞｯﾄ.png	main/davL.png	KO	겨우 문이 열리고 데이비드가 얼굴을 내밀었다.
disk24	NO50	1230	10	スシャ－ナ「お酒臭い！　二日酔いね」	disk24/ﾍﾞｯﾄ.png	main/linR.png	KO	수잔나: 으, 술 냄새! 진탕으로 마셨군요.
disk24	NO50	1240	11	デビッド「うん、久しぶりのロンドンだったので、つい調子にのり過ぎて頭は痛いし胃がもやもやして・・・」	disk24/ﾍﾞｯﾄ.png	main/davL.png	KO	데이비드: 그래, 오랜만에 런던에 돌아와서 너무 들떴나 봐. 머리도 깨질 것 같고, 속도 울렁거리고...
disk24	NO50	1250	12	スシャ－ナ「誰も起きてこないから、みんなも二日酔いね」	disk24/ﾍﾞｯﾄ.png	main/linR.png	KO	"수잔나: 아무도 안 일어나는 걸 보니 다들 똑같겠네요."
disk24	NO50	1260	13	スシャ－ナは部屋の中に入って、空気を入れ替えるため窓を開けている。	disk24/ﾍﾞｯﾄ.png	main/linR.png	KO	수잔나는 방으로 들어와 환기를 시키기 위해 창문을 열었다.
disk24	NO50	1270	14	スシャ－ナ「社長がディナ－を一緒にしたいって言ってるけど、みんな行けるかしら・・・？」	disk24/ﾍﾞｯﾄ.png	main/linR.png	KO	수잔나: 사장님이 저녁을 같이 하자고 하는데, 다들 갈 수 있겠어요...?
disk24	NO50	1280	15	デビッド「大丈夫さ、朝から何も食べてないし昼も無理なようだから夜は目一杯、御馳走になるよ」	disk24/ﾍﾞｯﾄ.png	main/davL.png	KO	데이비드: 걱정 마. 아침부터 아무것도 못 먹었고, 점심도 무리라서 저녁에는 제대로 얻어먹어야겠어.
disk24	NO50	1290	16	スシャ－ナ「明日はウエンブレ－・アリ－ナでの、最初のコンサ－トだから食事の後の外出は禁止よ」	disk24/ﾍﾞｯﾄ.png	main/linR.png	KO	수잔나: 내일은 웸블리 아레나에서 첫 공연이 있으니까, 저녁 식사 후 외출 금지예요.
disk24	NO50	1300	17	デビッド「もう二日酔いはこりごりだから、ホテルにいるよ。さてシャワ－を浴びるか・・・ここがホテルでなかったら、スシャ－ナにコ－ヒ－を入れてもらえるのだがな・・・」	disk24/ﾍﾞｯﾄ.png	main/davL.png	KO	데이비드: 술은 이제 지긋지긋하니 얌전히 호텔에 있을게. 그럼, 샤워나 해볼까... 여기가 호텔만 아니었다면 수잔나한테 커피를 타 달라고 했을 텐데...
disk24	NO50	1310	18	スシャ－ナ「デビッド、コンサ－トが終わったら、二人だけで田舎に旅行をしない？　いい所があるの」	disk24/ﾍﾞｯﾄ.png	main/linR.png	KO	수잔나: 데이비드, 공연이 다 끝나면 우리 둘이서 시골로 여행 가지 않을래요? 좋은 곳을 알고 있어요.
disk24	NO50	1320	19	デビッド「えっ！　二人だけで旅行を？　最高の休暇になりそうだな」	disk24/ﾍﾞｯﾄ.png	main/davL.png	KO	데이비드: 엣! 우리 둘이서만? 최고의 휴가가 되겠는데!
disk24	NO50	1330	20	デビッドは二日酔いも忘れ、スシャ－ナにキスをして、バスル－ムに入っていった。	disk24/ﾍﾞｯﾄ.png	main/davL.png	KO	데이비드는 숙취도 잊은 채 수잔나에게 키스하고 욕실로 들어갔다.
disk24	NO50	1340	21	陽が落ちロンドンの繁華街はネオンに飾られた。デビッド達はリチャ－ド社長の招待で、チャイニ－ズ・レストラン［ミスタ－・チャオ］で食事をしている。	disk24/ﾖﾙﾏﾁ.png	main/davL.png	KO	해가 지자, 런던의 번화가는 화려한 네온으로 물들었다. 멤버들은 리차드 사장의 초대를 받아 중식당 `미스터 차오'에서 저녁을 즐기고 있었다.
disk24	NO50	1350	22	豪華なインテリアに包まれた店内で、クラ－クとヴィンスも食事をしていた。	disk24/ﾚｽﾄ.png	main/davL.png	KO	호화롭게 꾸며진 식당 한쪽에서는 클라크와 빈스 역시 식사를 하고 있었다.
disk24	NO50	1370	23	クラ－クが話す。	disk24/ﾚｽﾄ.png	main/davL.png	KO	클라크가 말한다.
disk24	NO50	1370	24	ヴィンスが話す。	disk24/ﾚｽﾄ.png	main/davL.png	KO	빈스가 말한다.
disk24	NO50	1500	25	ヴィンス「僕もながくロンドンにいますが、この店に入ったのは初めてですよ。依頼人は料金を先払いで予約してくれたのでしょう」	disk24/ﾚｽﾄ.png	main/ｳｲﾝｽ.png	KO	빈스: 런던에서 오래 살았지만 이 가게에 들어온 건 처음이에요. 의뢰인이 식사비까지 미리 내고 예약해준 건가요?
disk24	NO50	1510	26	クラ－ク「報告書のどこかに気にいってくれた箇所があったんだろう。おかげで契約が延長され、金があるというのにまた仕事だ」	disk24/ﾚｽﾄ.png	main/ｸﾗｰｸ.png	KO	클라크: 보고서가 마음에 들었나 보네. 덕분에 계약도 연장됐고, 돈은 벌었지만 또 바빠지겠지.
disk24	NO50	1520	27	ヴィンス「所長は喜んで契約したんじゃないんですか？　小切手の金額を見て頬がゆるんでましたよ」	disk24/ﾚｽﾄ.png	main/ｳｲﾝｽ.png	KO	빈스: 소장님도 좋아서 계약하신 거잖아요? 수표 액수를 보자마자 입꼬리가 올라가던데요.
disk24	NO50	1530	28	クラ－ク「盗聴器を持ってきたが、こんな高級レストランでは取り付ける事が不可能だな。まあいいか、今夜は社長の招待で食事に来ているのだから会話の内容は、だいたい見当がつくよ」	disk24/ﾚｽﾄ.png	main/ｸﾗｰｸ.png	KO	클라크: 도청기는 가져왔지만, 이런 고급 레스토랑에서는 설치하기 어렵겠군. 뭐, 상관없겠지. 오늘은 사장 초대로 식사하러 나온 자리니까 무슨 얘기가 오고 갈지 대충 짐작이 가네.
disk24	NO50	1540	29	ヴィンス「所長は依頼人の正体を知りたくなりませんか？　僕はスシャ－ナより依頼人の方に興味があるのですが・・・」	disk24/ﾚｽﾄ.png	main/ｳｲﾝｽ.png	KO	빈스: 소장님은 의뢰인의 정체가 궁금하지 않나요? 저는 수잔나보다 의뢰인 쪽이 신경이 쓰이는데...
disk24	NO50	1550	30	クラ－ク「俺もだが、契約書には依頼人を逆調査すると、調査費用の倍額を支払う事になってるんだ。俺は金にならない事はしないぜ」	disk24/ﾚｽﾄ.png	main/ｸﾗｰｸ.png	KO	클라크: 나도 솔직히 궁금하긴 한데, 뒷조사하다 들키면 위약금을 두 배로 물어내야 하지. 난 돈이 안 되는 짓은 안 한다네.
disk24	NO50	1560	31	ヴィンス「依頼人は魔王についての情報を欲しがっていたけど、マジに言ってたんですかね？」	disk24/ﾚｽﾄ.png	main/ｳｲﾝｽ.png	KO	빈스: 의뢰인이 마왕의 정보를 원한다고 했는데, 정말 진심으로 한 말일까요?
disk24	NO50	1570	32	クラ－ク「俺は占い師を重点的に調べようと思ったんだが、スシャ－ナと魔王の関係を知りたいと言ったよな。魔王は誰かのあだ名かと思っていたが・・・」	disk24/ﾚｽﾄ.png	main/ｸﾗｰｸ.png	KO	클라크: 나도 처음에는 점술가를 집중적으로 조사하려 했는데, 의뢰인은 수잔나와 마왕의 관계를 알고 싶다고 했지. 난 그게 누군가의 별명인 줄 알았는데...
disk24	NO50	1580	33	ヴィンス「でも魔王と言う人の情報がゼロでは探しようが無いですよ。今まで通りスシャ－ナを張るしかないですね」	disk24/ﾚｽﾄ.png	main/ｳｲﾝｽ.png	KO	빈스: 하지만 마왕에 대한 단서가 하나도 없으니 찾을 방법이 없잖아요. 결국 지금처럼 수잔나를 계속 감시할 수밖에 없겠네요.
disk24	NO50	1590	34	クラ－クは、デビッド達のテ－ブルを時々のぞくように見ているが、ヴィンスは高級料理に夢中になって次々と皿を空にしている。	disk24/ﾚｽﾄ.png	main/ｳｲﾝｽ.png	KO	클라크는 틈틈이 멤버들의 테이블을 곁눈질했지만, 빈스는 고급 요리에 푹 빠져 접시를 연달아 비웠다.
disk24	NO50	1600	35	デビッド達も夜間の外出が禁止された為か、食事にゆっくりと時間をかけてから、ホテルに戻った。	disk24/ﾚｽﾄ.png	main/ｳｲﾝｽ.png	KO	멤버들도 밤 외출이 금지된 탓인지 서두르지 않고 느긋하게 식사를 즐긴 뒤 호텔로 돌아갔다.
disk24	NO50	1610	36	デビッド達は中国料理の食べ過ぎと昨夜の疲れから、いつものように遅くまで話す事もなく、それぞれの部屋に戻って行った。	disk24/ﾍﾔ.png	main/ｳｲﾝｽ.png	KO	멤버들은 중국 요리를 과식한 데다 전날 밤의 여파까지 남아 있어, 평소처럼 늦게까지 떠들지 않고 각자의 방으로 돌아갔다.
disk24	NO50	1620	37	灯りを消してベッドに入ったデビッドは、胃の調子がすぐれず寝つかれなかった。	disk24/ﾍﾞｯﾄ.png	main/ｳｲﾝｽ.png	KO	불을 끄고 침대에 누운 데이비드는 속이 더부룩해 잠을 이루지 못했다.
disk24	NO50	1630	38	窓から入る僅かな光が白い天井を浮きあがらせている。手を天井にかざすし、シルエットになった手を見つめる。	disk24/ﾃ1.png	main/ｳｲﾝｽ.png	KO	창문으로 스며든 희미한 빛이 하얀 천장을 어렴풋이 비추고 있었다. 손을 천장으로 들어 올려 실루엣이 된 자신의 손을 바라봤다.
disk24	NO50	1635	39	シルエットになった手のまわりにオ－ラがゆれている。	disk24/ﾃ2.png	main/ｳｲﾝｽ.png	KO	손의 실루엣 주변에서 오라가 일렁거렸다.
disk24	NO50	1640	40	手を降ろしてもオ－ラは残り、ゆらぎながら白い点になり幻影へと変わっていく。	disk24/ﾎﾞｹﾃ.png	main/ｳｲﾝｽ.png	KO	오라는 손을 내려도 사라지지 않고, 흰 점이 되어 환영으로 변해 갔다.
disk24	NO50	1650	41	デビッドに似たフロオス王が、大勢の民を従え荒野を歩いていた。フロオス王も民も衣服は汚れ、疲れきっている。	disk24/ｺｳﾔ.png	main/ｳｲﾝｽ.png	KO	데이비드와 닮은 플로스 왕이 수많은 백성을 이끌고 황야를 걷고 있었다. 왕과 백성들의 옷은 먼지투성이였고 모두 지쳐 있었다.
disk24	NO50	1670	42	フロオス王が話す。	disk24/ｺｳﾔ.png	main/ｳｲﾝｽ.png	KO	플로스 왕이 말한다.
disk24	NO50	1800	43	スシャ－ナ「フロオス様、他国を頼るのはやめましょう。北の王を恐れ私達を迎える国などありません」	disk24/ｺｳﾔ.png	main/linR.png	KO	수잔나: 플로스 님, 이제 다른 나라에 의지하는 것은 그만두시죠. 모두 북방의 왕을 두려워해 저희를 받아 줄 나라는 없습니다.
disk24	NO50	1810	44	フロオス「あれ程親しくしていた筈の王達が、私の民が飢え疲れ果てているのを知りながら槍で追い払うとは・・・」	disk24/ｺｳﾔ.png	disk43/ﾃﾞS.png	KO	플로스: 그토록 가까이 지내던 왕들이... 내 백성이 굶주리고 지친 것을 알면서도 창을 겨누며 쫓아내다니...
disk24	NO50	1820	45	スシャ－ナ「私達の国が栄え、利益があったからこそ親しくしたので、情勢が変われば心も変わります。だから他国の領土から離れ新天地を求めるしかありません」	disk24/ｺｳﾔ.png	main/linR.png	KO	수잔나: 저희 나라가 번영하고 이익이 되었기에 가까이했던 것뿐, 정세가 달라지면 마음도 달라지는 법입니다. 그러니 다른 나라의 영토를 벗어나 새로운 땅을 찾을 수밖에 없습니다.
disk24	NO50	1830	46	フロオス「たとえ新天地があっても、私に従って来た民と一緒にたどり着く事は不可能だ。私は今まで神の命に従い禁断の秘義まで使って民を助けてきた」	disk24/ｺｳﾔ.png	disk43/ﾃﾞS.png	KO	플로스: 설령 새로운 땅을 찾는다 해도 백성을 모두 데리고 그곳까지 도달하는 건 불가능하다. 나는 지금까지 신의 명에 따라 금단의 비술까지 써 가면서 백성을 지켜왔다.
disk24	NO50	1840	47	フロオス「なのに神は、その民と一緒に地獄に追い落としている。神は私を見捨て北の王を選ばれたのだ。ならば私は魔王となり禁断の秘義で神と戦うしかない」	disk24/ｺｳﾔ.png	disk43/ﾃﾞS.png	KO	플로스: 그런데도 신은 백성과 함께 나를 지옥으로 내쫓고 있다. 신은 나를 버리고 북쪽의 왕을 선택하셨다. 그렇다면 나는 마왕이 되어 금단의 비술로 신에 맞서겠다.
disk24	NO50	1850	48	フロオス「スシャ－ナ！　私は今から魔王となり神と戦う。私の血が続く限り魔王として復活し、北の一族の血を断つ」	disk24/ｺｳﾔ.png	disk43/ﾃﾞS.png	KO	플로스: 수잔나! 지금부터 나는 마왕이 되어 신과 싸우겠다. 내 피가 이어지는 한 몇 번이고 마왕으로 부활해 북방 일족의 피를 끊어버릴 것이다!
disk24	NO50	1860	49	フロオス「それが何億年かかろうと暗黒の星が輝く時、血の中の魔王は復活し北の一族に復讐する事を暗黒の星に誓う。スシャ－ナ、私の血を永遠に受けつぐ者になってくれ」	disk24/ｺｳﾔ.png	disk43/ﾃﾞS.png	KO	플로스: 설령 수억 년이 걸리더라도 암흑의 별이 다시 빛나는 때, 피 속에 잠든 마왕은 부활하여 북방 일족에게 복수할 것을 암흑의 별에 맹세하노라. 수잔나, 내 피를 영원히 이어받을 자가 되어 다오.
disk24	NO50	1865	50	フロオス王は、天に向かって暗黒の星に復讐を誓う。	disk24/Dｲﾉﾘ.png	disk43/ﾃﾞS.png	KO	플로스 왕은 하늘을 우러러보며 암흑의 별에 복수를 맹세했다.
disk24	NO50	1870	51	スシャ－ナ「フロオス様の無念の血を私が受け継がせて頂きます。この星が続く限り永遠に血を絶やす事はないでしょう」	disk24/Dｲﾉﾘ.png	main/linR.png	KO	수잔나: 플로스 님의 한이 서린 피를 제가 이어받겠습니다. 암흑의 별이 존재하는 한 그 피는 영원히 끊어지지 않을 겁니다.
disk24	NO50	1890	52	その時、デビッドの集中力が落ち幻影は消えてしまった。	main/ﾒｱｸ.png	main/linR.png	KO	그 순간, 데이비드의 집중력이 흐트러지면서 환영은 사라져 버렸다.
disk24	NO50	1900	53	あまりのフロオスの変わりように、デビッドは息をするのを忘れていたのか胸がつかえ、肺に空気を入れるのに必死になっている。	main/ﾒｱｸ.png	main/linR.png	KO	너무나도 달라진 플로스의 모습에 데이비드는 숨 쉬는 것조차 잊고 있었는지 가슴이 답답해 필사적으로 숨을 크게 들이쉬었다.
disk24	NO50	1910	54	スシャ－ナに貰っていた薬を慌てて取り出し、水も飲まずに飲み込んだ。	main/ﾒｱｸ.png	main/linR.png	KO	수잔나에게 받아 둔 약을 황급히 꺼내 물도 없이 그대로 삼켰다.
disk24	NO50	1920	55	疲れが洪水のように襲ってくる。寝ていくのか死んでいくのか、深い闇の中に吸い込まれていった。	main/ﾒｱｸ.png	main/linR.png	KO	피로가 홍수처럼 밀려왔다. 잠드는 것인지, 죽어 가는 것인지조차 모른 채 깊은 어둠 속으로 빨려 들어갔다.
disk24	NO50	10000	101	ＤＡＴＡをＳＡＶＥしますか？　Ｙ／Ｎ	main/ﾒｱｸ.png	main/linR.png	KO	
disk24	NO50	10040	107	ドライブ１に、ＳＡＶＥ・ディスクを入れて下さい。	main/ﾒｱｸ.png	main/linR.png	KO	
disk24	NO50	10070	109	ドライブ１のディスクが違います。	main/ﾒｱｸ.png	main/linR.png	KO	드라이브 1의 디스크가 다릅니다.
disk24	NO50	10110	110	ＳＡＶＥしました。ドライブ１のディスクに、ＭＡＩＮディスクを入れて下さい。	main/ﾒｱｸ.png	main/linR.png	KO	
disk24	NO50	10150	112	ドライブ１のディスクが違います。	main/ﾒｱｸ.png	main/linR.png	KO	드라이브 1의 디스크가 다릅니다.
disk24	NO51	900	0	デビッドが話す。	main/ﾒｱｸ.png	main/linR.png	KO	데이비드가 말한다.
disk24	NO51	900	1	アンドリュ－が話す。	main/ﾒｱｸ.png	main/linR.png	KO	앤드류가 말한다.
disk24	NO51	900	2	マ－チンが話す。	main/ﾒｱｸ.png	main/linR.png	KO	마틴이 말한다.
disk24	NO51	900	3	アランが話す。	main/ﾒｱｸ.png	main/linR.png	KO	앨런이 말한다.
disk24	NO51	900	4	スシャ－ナが話す。	main/ﾒｱｸ.png	main/linR.png	KO	수잔나가 말한다.
disk24	NO51	900	5	リチャ－ド社長が話す。	main/ﾒｱｸ.png	main/linR.png	KO	리차드 사장이 말한다.
disk24	NO51	1000	6	翌日、眼を覚ましたデビッドは、昨夜の疲れも忘れ体調は、すこぶる良かった。アランとマ－チンは新曲の仕上げにレ－ベルのスタジオに、アンドリュ－は友人と一緒に出かけている。	disk24/ﾍﾞｯﾄ.png	main/linR.png	KO	다음 날, 눈을 뜬 데이비드는 전날의 피로가 거짓말처럼 사라져 몸 상태가 아주 좋았다. 앨런과 마틴은 신곡을 마무리하기 위해 스튜디오로 갔고, 앤드류는 친구를 만나러 나갔다.
disk24	NO51	1010	7	デビッドの部屋にはスシャ－ナが遊びに来ていた。	disk24/ﾍﾞｯﾄ.png	main/linR.png	KO	데이비드 방에 수잔나가 찾아왔다.
disk24	NO51	1200	8	スシャ－ナ「ロンドンに帰ったら事務所の人達が手伝ってくれるものだから、緊張感がきれたみたい」	disk24/ﾍﾞｯﾄ.png	main/linR.png	KO	수잔나: 런던에 돌아오니까 사무소 사람들이 이것저것 도와줘서 그런지, 긴장이 확 풀린 것 같아요.
disk24	NO51	1210	9	デビッド「スシャ－ナ、昨夜また夢を見てしまったんだ。フロオス王は隣国からも槍で追われ、民を連れて荒野をさまよっていたよ」	disk24/ﾍﾞｯﾄ.png	main/davL.png	KO	데이비드: 수잔나, 어젯밤에 또 꿈을 꿨어. 플로스 왕이 이웃나라한테조차 창날로 쫓겨나 백성들을 이끌고 황야를 떠돌고 있었어.
disk24	NO51	1220	10	スシャ－ナ「北の王がそうさせたのね。いまでも軍事力のある国はそうして圧力をかけてるみたいね」	disk24/ﾍﾞｯﾄ.png	main/linR.png	KO	수잔나: 북방의 왕이 압박한 거겠죠. 지금도 강대국들이 그런 식으로 주변국에 압박하잖아요.
disk24	NO51	1230	11	デビッド「フロオス王は神に捨てられ、神は北の王を選んだと信じ、暗黒の星に魔王になる事を誓い、北の王の血を断つと叫んでいたが・・・」	disk24/ﾍﾞｯﾄ.png	main/davL.png	KO	데이비드: 플로스 왕은 신이 자신을 버리고 북방의 왕을 선택했다고 믿더라고. 그래서 암흑의 별에게 마왕이 되겠다고 맹세하고, 북방 왕의 핏줄을 끊어버리겠다고 외쳤어...
disk24	NO51	1240	12	スシャ－ナ「暗黒の星って・・・？」	disk24/ﾍﾞｯﾄ.png	main/linR.png	KO	수잔나: 암흑의 별이요...?
disk24	NO51	1250	13	デビッド「それについては何も、魔王になったフロオス王は幻想の中のスシャ－ナに血を受け継ぐように頼み、何億年かかろうと北の王の血を断とうとしているんだ」	disk24/ﾍﾞｯﾄ.png	main/davL.png	KO	데이비드: 그게 뭔지는 나도 모르겠어. 마왕이 된 플로스 왕은 환상 속의 수잔나에게 자신의 피를 이어 달라고 부탁했어. 수억 년이 걸리더라도 북방 왕의 핏줄을 끊겠다면서...
disk24	NO51	1260	14	スシャ－ナ「デビッドにそっくりなフロオス王の血をスシャ－ナが受け継ぐ事で二人は一緒になったのよ。きっとフロオス王を愛していたのね」	disk24/ﾍﾞｯﾄ.png	main/linR.png	KO	수잔나: 데이비드와 꼭 닮은 플로스 왕의 피를 수잔나가 이어받으면서 두 사람이 하나가 된 거네요. 그녀는 분명 플로스 왕을 사랑했던 거겠죠.
disk24	NO51	1270	15	デビッド「幻想はそこで消えたんだが・・・スシャ－ナ、俺が悪夢を見ていたのを知ってるだろう。あの悪夢の謎を少しだが幻想が解いてくれたように感じるんだ」	disk24/ﾍﾞｯﾄ.png	main/davL.png	KO	데이비드: 환상은 거기서 끝났어... 수잔나, 내가 계속 악몽에 시달렸던 거 알잖아. 이번 환상에서 그 악몽의 수수께끼를 조금은 풀어준 것 같은 기분이 들어.
disk24	NO51	1280	16	デビッド「もし幻想の事が歴史の中の事実だとすれば、フロオス王の血が俺に受け継がれているかも知れない」	disk24/ﾍﾞｯﾄ.png	main/davL.png	KO	데이비드: 만약 내가 본 환상이 실제 역사라면... 플로스 왕의 피가 지금 내 몸에도 흐르고 있을지 몰라.
disk24	NO51	1290	17	スシャ－ナ「でもデビッドは魔王でもないし、北の王だってこの世には存在しないわ。もしフロオス王の血が混じっていても遥か昔の事でしょう。その力は消えているわよ」	disk24/ﾍﾞｯﾄ.png	main/linR.png	KO	수잔나: 하지만 데이비드는 마왕도 아니고, 북방의 왕도 이 세상에 없어요. 설령 플로스 왕의 피가 흐른다고 쳐도 너무 먼 옛날 일이잖아요. 그런 힘은 사라졌을 거예요.
disk24	NO51	1300	18	デビッド「そうだな、俺には魔王と言えるだけの力などないし、せいぜい夢を見るぐらいだから、たいした事ではないか・・・」	disk24/ﾍﾞｯﾄ.png	main/davL.png	KO	데이비드: 그렇겠지. 나한테 마왕 같은 힘도 없고, 기껏해야 꿈이나 꾸는 정도니까 별일 아니겠지...
disk24	NO51	1310	19	スシャ－ナ「そうよ、あまり気にすると今夜のコンサ－トに影響するわ。あっ！　もうこんな時間になってる。私行かないと。デビッド、会場で会いましょう」	disk24/ﾍﾞｯﾄ.png	main/linR.png	KO	수잔나: 그래요, 너무 신경 쓰지 마요. 그러다 오늘 공연에 지장 생겨요. 앗, 벌써 시간이 이렇게나! 전 가봐야겠어요. 데이비드, 공연장에서 봐요.
disk24	NO51	1320	20	スシャ－ナが出ていった後、デビッドは悪夢の事を思いだそうとしたが、断片的にしか思い出せず。無理に整理をしようとしても頭が痛くなり、考える事をやめることにした。	disk24/ﾍﾞｯﾄ.png	main/linR.png	KO	수잔나가 떠난 뒤, 데이비드는 악몽에 대해 떠올리려 했지만 단편적으로밖에 생각나지 않았다. 억지로 떠올리려고 해도 머리가 아파져 결국 생각을 접을 수 밖에 없었다.
disk24	NO51	1325	21	デビッドはロビ－降りてコ－ヒ－を飲み時間を潰す事にした。	disk24/ﾍﾞｯﾄ.png	main/linR.png	KO	데이비드는 로비로 내려가 커피를 마시며 시간을 보내기로 했다.
disk24	NO51	1330	22	デビッド達のコンサ－ト会場のロイヤル・アルバートホールは、２日分の全席がすべて売り切れている。	disk24/ﾎｰﾙ.png	main/linR.png	KO	멤버들이 공연할 로열 앨버트 홀의 이틀 공연은 모두 전석 매진이 되었다.
disk24	NO51	1335	23	当日売りが無いというのに会場の広場には大勢のファンが集まっていた。	disk24/ﾎｰﾙ.png	main/linR.png	KO	현장 판매표가 없는데도 홀 광장에는 수많은 팬들이 모여 있었다.
disk24	NO51	1340	24	コンサ－トが始まっても、広場からは誰も立ち去らずに、みんな耳にイヤホ－ンをして［エレノ・ヴィジョン］のテ－プを聞いている。	disk24/ｿﾄ.png	main/linR.png	KO	공연이 시작되어도 아무도 떠나지 않고, 모두 귀에 이어폰을 끼고 `엘레노 비전'의 노래를 듣고 있었다.
disk24	NO51	1500	25	会場の中に入れないファンにとっては、デビッド達が演奏しているステ－ジにより近い場所にいる事で、会場の熱気が伝わるのかも知れない。	disk24/ｿﾄ.png	main/linR.png	KO	공연장에 들어갈 수 없는 팬들은 멤버들이 연주하는 무대에 가까이 있기만 해도 그 열기를 느낄 수 있다고 생각한 듯했다.
disk24	NO51	1510	26	たとえ演奏が聞こえないでも、集団のエネルギ－が一つの目的に動いている為に、静かな興奮が彼等にも伝わっている。	disk24/ｿﾄ.png	main/linR.png	KO	비록 연주가 들리지 않더라도 수많은 마음이 하나의 목적을 향해 움직이고 있기 때문에 그 흥분이 조용히 그들에게도 전해지고 있었다.
disk24	NO51	1520	27	しかし場内の熱気は想像を絶した凄まじい興奮状態に陥っている。	disk24/ｽﾃｼA.png	main/linR.png	KO	그러나 공연장의 열기는 그 상상을 초월한 엄청난 광란 상태에 빠져 있었다.
disk24	NO51	1590	28	ステ－ジの上では、いつもの通りデビッドはノりまくり歌っている。観客の狂声が会場をゆさぶり、いつ爆発してもおかしくない状態だった。	disk24/VGA.png	main/linR.png	KO	무대 위에서는 평소처럼 데이비드가 한층 흥에 취해 노래하고 있었다. 관객의 광적인 함성이 공연장을 뒤흔들었고, 언제 폭발해도 이상하지 않을 정도였다.
disk24	NO51	1600	29	デビッドのノりが観客を興奮させ、観客の興奮がよりいっそうデビッドをノせて行く。その極限をはるかに越えてるというのに何事も起こっていない。	disk24/ｶﾝｷ1.png	main/linR.png	KO	데이비드의 열기가 관객을 흥분시켰고, 관객의 열광이 다시 데이비드를 더욱 고조시켰다. 이미 한계를 넘었음에도 불구하고 아무런 사고도 발생하지 않았다.
disk24	NO51	1610	30	この夜の事を批評家は、「極度の興奮と理性を観客に与え、熱気の中で陶酔する観客を整然とさせる［エレノ・ヴィジョン］は、音楽を越えた宗教である」と新聞に書くだろう。	disk24/ｽﾃｼA.png	main/linR.png	KO	훗날 평론가는 이날 공연을 `관객에게 극도의 흥분과 이성을 동시에 안겨 주고, 열기 속에 도취된 관객들의 질서를 유지하게 만드는 '엘레노 비전'은 음악을 넘어선 하나의 종교다'라고 평했다.
disk24	NO51	1620	31	スシャ－ナの隣にいたリチャ－ド社長は、観客の狂乱を見て身振いを起こしていたが、その狂乱を押さえるデビッド達の演奏を聞いて、心臓まひを起こす事だけは避けられた。	disk24/ｱﾗﾝ1.png	main/linR.png	KO	수잔나 곁에 있던 리차드는 관객들의 광란에 몸서리를 쳤지만, 그 광란을 진정시키는 멤버들의 연주를 듣고는 겨우 마음을 진정시킬 수 있었다.
disk24	NO51	1630	32	コンサ－トが終了すると、リチャ－ド社長が胸をなでおろして、デビッド達を迎えた。	disk24/ﾗｲﾄB.png	main/linR.png	KO	콘서트가 끝나자, 리차드는 가슴을 쓸어내리며 멤버들을 맞이했다.
disk24	NO51	1640	33	楽屋にもどったデビッド達をリチャ－ド社長は興奮を押さえきれずに、さかんに褒めたたえている。	disk24/ﾋｶｴ.png	main/linR.png	KO	대기실로 돌아온 멤버들을 리차드 사장은 흥분을 감추지 못하고 연신 멤버들을 칭찬했다.
disk24	NO51	1900	34	リチャ－ド「わずかなツア－の期間だったのに、デビッドの歌は計り知れない程、うまくなっている。それにみんなの演奏も文句のつけようが無い。素晴らしいよ。いったい何がそうさせたんだ？」	disk24/ﾋｶｴ.png	main/rtdL.png	KO	리차드: 투어라고 해봤자 얼마 되지도 않는데 데이비드의 실력이 놀랄 정도로 일취월장했구만. 게다가 자네들의 연주도 흠잡을 데가 없네. 정말 훌륭해. 도대체 무슨 일이 있었던 건가?
disk24	NO51	1910	35	アンドリュ－「たぶん、ヨ－ロッパのファンが熱狂的だったので、俺達がノせられ実力以上の力が発揮し始めたんだと思いますよ」	disk24/ﾋｶｴ.png	main/andL.png	KO	앤드류: 아마 유럽 팬들이 열광적이어서 우리가 거기에 이끌려 실력 이상의 힘이 나오기 시작한 것 같아요.
disk24	NO51	1920	36	アンドリュ－「それに俺達は観客と一心同体になれるんですよ」	disk24/ﾋｶｴ.png	main/andL.png	KO	앤드류: 그래서 관객과 하나가 될 수 있는 것 같아요.
disk24	NO51	1930	37	リチャ－ド「しかし、あの危険過ぎる程の興奮を観客に与えているというのに、観客に音楽でマナ－まで教え、おさえ込んでいる。ここまで出来るバンドなんて聞いた事もないよ」	disk24/ﾋｶｴ.png	main/rtdL.png	KO	리차드: 게다가 저렇게 관객이 미칠 정도로 흥분했는데도, 질서까지 유지하고 있지 않나. 관객을 저 정도로 열광시키고 또 통제하는 밴드는 난 들어본 적도 없다네.
disk24	NO51	1940	38	アラン「いま聞いたけど、会場の外も凄い人で警備の方は大丈夫ですかね？」	disk24/ﾋｶｴ.png	main/alnL.png	KO	앨런: 방금 들었는데 공연장 밖에도 사람들이 엄청나게 몰렸다면서요. 경비 쪽은 괜찮나요?
disk24	NO51	1950	39	リチャ－ド「私もいま知ったんだが、次のコンサ－トの時には警備員を増やして、追い出してやるから心配しなくても大丈夫だよ」	disk24/ﾋｶｴ.png	main/rtdL.png	KO	리차드: 나도 방금 들었네. 다음 공연부터는 경비 인원을 늘려서 쫓아낼 테니 걱정하지 말게.
disk24	NO51	1960	40	デビッド「追い出すのはやめましょう。変に刺激をすると暴徒化して大変な事になります。今夜も何事もなかったんですから、見ないふりをしていた方が安全ですよ」	disk24/ﾋｶｴ.png	main/davL.png	KO	데이비드: 쫓아내는 건 그만두죠. 괜히 자극했다가 폭도로 변하면 더 큰일이니까요. 오늘 아무 사고도 없었으니 그냥 모른 척 덮어두는 게 더 안전할 겁니다.
disk24	NO51	1970	41	マ－チン「この次のコンサ－トからは、一つの会場で一週間位やって、みんなに聞いてもらいましょうよ。社長だってお金がもうかるでしょう」	disk24/ﾋｶｴ.png	main/marL.png	KO	마틴: 다음 공연부터는 일주일 정도로 늘리면 어때요? 더 많은 팬들이 볼 수 있고, 사장님도 돈을 많이 벌 테니까요.
disk24	NO51	1980	42	リチャ－ド「私もそれを考えていたんだが、今回は会場が取れなくて私も、もうけそこなったよ」	disk24/ﾋｶｴ.png	main/rtdL.png	KO	리차드: 나도 그 생각은 했는데, 이번에 공연장을 더 잡을 수가 없어서 기회를 놓쳐 버렸다네.
disk24	NO51	1990	43	その時、スシャ－ナが入ってきた。	disk24/ﾋｶｴ.png	main/rtdL.png	KO	그때, 수잔나가 들어왔다.
disk24	NO51	2000	44	スシャ－ナ「お金もうけより、これからは世界中をツア－するのよ。さあ帰りましよう。裏の出口に車を待たせてるの」	disk24/ﾋｶｴ.png	main/linR.png	KO	수잔나: 돈벌이보다 앞으로 전 세계 투어를 목표로 해야죠. 이제 그만 돌아가죠. 뒷문에 차를 대기시켜 놨어요.
disk24	NO51	2010	45	裏口に用意された車に乗ってデビッド達はホテルに帰った。	disk24/Hﾖﾙ.png	main/linR.png	KO	뒷문에 준비된 차에 올라탄 멤버들은 호텔로 돌아갔다.
disk24	NO51	2020	46	その夜はコンサ－トの疲れでビ－ルの乾杯の後は、皆おとなしく部屋に戻ってベッドに入った。	disk24/Hﾖﾙ.png	main/linR.png	KO	그날 밤은 공연으로 지친 탓에 가볍게 맥주로 축배한 뒤, 모두 조용히 방으로 돌아가 침대에 누웠다.
disk24	NO51	3000	47	ＣＤ－ＲＯＭよりＤＡＴＡの読み込みを始めます。ＨＩＴ　ＡＮＹ　ＫＥＹ	disk24/Hﾖﾙ.png	main/linR.png	KO	CD-ROM에서 데이터 읽습니다. 아무 키나 눌러주세요.
disk24	NO51	3010	48	　　　　　　　　ＣＤ－ＲＯＭよりＤＡＴＡを読み込み中	disk24/Hﾖﾙ.png	main/linR.png	KO	데이터를 읽는 중...
disk24	NO51	10000	82	ＤＡＴＡをＳＡＶＥしますか？　Ｙ／Ｎ	disk24/Hﾖﾙ.png	main/linR.png	KO	
disk24	NO51	10040	88	ドライブ１に、ＳＡＶＥ・ディスクを入れて下さい。	disk24/Hﾖﾙ.png	main/linR.png	KO	
disk24	NO51	10070	90	ドライブ１のディスクが違います。	disk24/Hﾖﾙ.png	main/linR.png	KO	드라이브 1의 디스크가 다릅니다.
disk24	NO51	10110	91	ＳＡＶＥしました。ドライブ１のディスクに、ＭＡＩＮディスクを入れて下さい。	disk24/Hﾖﾙ.png	main/linR.png	KO	
disk24	NO51	10150	93	ドライブ１のディスクが違います。	disk24/Hﾖﾙ.png	main/linR.png	KO	드라이브 1의 디스크가 다릅니다.
disk25	NO52	900	0	デビッドが話す。			KO	데이비드가 말한다.
disk25	NO52	900	1	アランが話す。			KO	앨런이 말한다.
disk25	NO52	900	2	マ－チンが話す。			KO	마틴이 말한다.
disk25	NO52	900	3	アンドリュ－が話す。			KO	앤드류가 말한다.
disk25	NO52	900	4	スシャ－ナが話す。			KO	수잔나가 말한다.
disk25	NO52	900	5	リチャ－ド社長が話す。			KO	리차드 사장이 말한다.
disk25	NO52	1000	6	翌日、デビッド達はレ－ベルのスタジオで、新曲の最後の仕上げをしている。	disk25/ｽﾀｼｵ.png		KO	다음 날, 멤버들은 스튜디오에서 신곡의 최종 리허설을 진행하고 있었다.
disk25	NO52	1010	7	新聞には、明日のラスト・コンサ－トに新曲を発表すると報道したので、全員真剣になって練習をしていた。	disk25/ｽﾀｼｵ.png		KO	신문에는 내일 마지막 공연에서 신곡을 발표한다고 보도되었기에, 모두 진지하게 연습에 몰두했다.
disk25	NO52	1020	8	スシャ－ナは、ラスト・コンサ－ト後の打ち上げ祝賀パ－ティの用意の為、ホテルを出ていた。	disk25/ﾛﾝﾄｳ.png		KO	수잔나는 마지막 공연이 끝난 뒤 열릴 뒷풀이 파티를 준비한다며 호텔을 떠났다.
disk25	NO52	1030	9	しかし、テムズ川ぞいのロンドン塔の見えるあたりをスシャ－ナは、観光客のように散歩していた。	disk25/ﾛﾝﾄｳ.png		KO	하지만 그녀는 템스강을 따라 런던탑 부근에서 관광객처럼 거닐고 있었다.
disk25	NO52	1040	10	その近くをクラ－クとヴィンスが歩いている。	disk25/ｶﾜｿｲ.png		KO	그 근처에서 클라크와 빈스가 지켜보고 있었다.
disk25	NO52	1060	11	クラ－クが話す。	disk25/ｶﾜｿｲ.png		KO	클라크가 말한다.
disk25	NO52	1060	12	ヴィンスが話す。	disk25/ｶﾜｿｲ.png		KO	빈스가 말한다.
disk25	NO52	1300	13	ヴィンス「スシャ－ナは、誰かと待ち合わせているようですね」	disk25/ｶﾜｿｲ.png	main/ｳｲﾝｽ.png	KO	빈스: 수잔나는 누군가를 기다리는 것 같네요.
disk25	NO52	1310	14	クラ－ク「あたりまえだ。スシャ－ナがなぜこんな場所で散歩をしなければならないんだ」	disk25/ｶﾜｿｲ.png	main/ｸﾗｰｸ.png	KO	클라크: 당연하지. 그렇지 않으면 그녀가 왜 이런 곳에 있겠나.
disk25	NO52	1320	15	ヴィンス「そうですね。それにしても相手が現れませんね」	disk25/ｶﾜｿｲ.png	main/ｳｲﾝｽ.png	KO	빈스: 그렇군요. 근데 영 나타나질 않네요.
disk25	NO52	1330	16	クラ－ク「相手が時間を間違えたのか？　もう一時間近くもスシャ－ナにつきあわされてるぞ」	disk25/ｶﾜｿｲ.png	main/ｸﾗｰｸ.png	KO	클라크: 약속 시간을 잘못 안 건가? 벌써 한 시간 가까이 따라다니기만 하는데.
disk25	NO52	1340	17	その時、クラ－クの腰につけているポケット・ベルが鳴った。	disk25/ｶﾜｿｲ.png	main/ｸﾗｰｸ.png	KO	그때, 클라크의 허리에 찬 호출기가 울렸다.
disk25	NO52	1350	18	クラ－ク「どこか電話を探さないと、依頼人の奴、変な物を送ってきやがった。依頼人から首輪をつけられ奴隷にされた気分だぜ」	disk25/ｶﾜｿｲ.png	main/ｸﾗｰｸ.png	KO	클라크: 전화할 곳부터 찾아야겠군. 의뢰인 자식, 별걸 다 간섭이군. 완전히 목줄을 채운 노예가 된 기분일세.
disk25	NO52	1360	19	クラ－ク「君はスシャ－ナを見張っててくれ。何かあったらトランシ－バ－で連絡するんだぞ。俺は電話をしてくるから」	disk25/ｶﾜｿｲ.png	main/ｸﾗｰｸ.png	KO	클라크: 자네는 계속 수잔나를 지켜봐. 뭔가 있으면 무전기로 연락하고. 난 전화하고 오지.
disk25	NO52	1370	20	クラ－クは観光船の発着所の方向に走って行った。	disk25/ｶﾜｿｲ.png	main/ｳｲﾝｽ.png	KO	클라크는 유람선 선착장 방향으로 뛰어갔다.
disk25	NO52	1380	21	しばらくしてクラ－クは戻って来た。	disk25/ｶﾜｿｲ.png	main/ｳｲﾝｽ.png	KO	잠시 후, 클라크가 돌아왔다.
disk25	NO52	1390	22	クラ－ク「スシャ－ナの相手はまだ来ないのか？　変だな」	disk25/ｶﾜｿｲ.png	main/ｸﾗｰｸ.png	KO	클라크: 상대가 아직도 안 나타났나? 이상하군.
disk25	NO52	1400	23	ヴィンス「依頼人の電話は？・・・あっ！　スシャ－ナがタクシ－乗り場に向かっています。僕は車をとってきます！」	disk25/ｶﾜｿｲ.png	main/ｳｲﾝｽ.png	KO	빈스: 의뢰인이 뭐래요? ...앗! 수잔나가 택시 승강장으로 가요. 차를 가져 올게요!
disk25	NO52	1410	24	ヴィンスが車を運転してクラ－クを乗せた時、スシャ－ナの乗ったタクシ－は走り始めた。	disk25/ﾄｵﾘ.png	main/ｳｲﾝｽ.png	KO	빈스가 차를 몰고 와 클라크를 태우자마자, 수잔나의 택시가 출발했다.
disk25	NO52	1420	25	ヴィンス「車をタクシ－置場に駐車していたのは正解でしたよ」	disk25/ﾄｵﾘ.png	main/ｳｲﾝｽ.png	KO	빈스: 차를 택시 승강장 근처에 세워 두길 잘했네요.
disk25	NO52	1430	26	クラ－ク「タクシ－はホテルの方向に向かっている。スシャ－ナは、ただの散歩だったのか・・・」	disk25/ﾄｵﾘ.png	main/ｸﾗｰｸ.png	KO	클라크: 호텔 쪽으로 돌아가고 있군. 정말 그냥 산책하러 나온 것뿐이었나...
disk25	NO52	1440	27	タクシ－はホテルの玄関に止まり、スシャ－ナはそのまま中に入って行った。	disk25/Hｸﾙﾏ.png	main/ｸﾗｰｸ.png	KO	택시는 호텔 입구에 멈췄고, 수잔나는 그대로 안으로 들어갔다.
disk25	NO52	1450	28	クラ－ク「ホテルに戻ったか・・・ヴィンス、今日の張り込みは終わりだ。事務所に戻ってくれ」	disk25/Hｸﾙﾏ.png	main/ｸﾗｰｸ.png	KO	클라크: 결국 호텔로 돌아갔군... 빈스, 오늘 감시는 여기까지네. 사무소로 돌아가지.
disk25	NO52	1455	29	ヴィンス「電話の仕事が優先ですか・・・何を言ってきたのですか？」	disk25/ﾄｵﾘ2.png	main/ｳｲﾝｽ.png	KO	빈스: 아까 전화 때문인가요... 뭐라고 했는데요?
disk25	NO52	1460	30	クラ－ク「デビッドがしている指輪を調べろって言うんだ。事務所に戻って、ヨ－ロッパで撮ったデビッドの写真を調べれば、何か解るかも知れないだろう」	disk25/ﾄｵﾘ2.png	main/ｸﾗｰｸ.png	KO	클라크: 데이비드가 끼고 있는 반지를 조사하라더군. 사무소에 돌아가 유럽에서 찍어 둔 사진들을 조사하면 뭔가 단서가 나오겠지.
disk25	NO52	1470	31	ヴィンス「ではスシャ－ナの謎にデビッドが・・・」	disk25/ﾄｵﾘ2.png	main/ｳｲﾝｽ.png	KO	빈스: 그럼, 데이비드가 수잔나와 관계가 있다는 건가요?
disk25	NO52	1480	32	クラ－ク「それを今から調べるんだ」	disk25/ﾄｵﾘ2.png	main/ｸﾗｰｸ.png	KO	클라크: 그걸 지금부터 알아보는 거네.
disk25	NO52	1490	33	クラ－ク達の車は探偵事務所に急いだ。	disk25/ﾄｵﾘ2.png	main/ｸﾗｰｸ.png	KO	두 사람은 서둘러 탐정 사무소로 돌아갔다.
disk25	NO52	1500	34	事務所に戻ったクラ－ク達は、デビッドの写真を取り出し指輪の部分を拡大鏡で調べている。	disk25/ｼﾞﾑ1.png	main/ｸﾗｰｸ.png	KO	사무소로 돌아온 두 사람은 데이비드 사진을 펼쳐 놓고 확대경으로 반지를 조사하기 시작했다.
disk25	NO52	1700	35	ヴィンス「依頼人は昨夜のコンサ－トを昼のＴＶで見て、指輪に気づいたのでしょう。だったらその指輪についての情報を教えてくれても・・・」	disk25/ｼﾞﾑ1.png	main/ｸﾗｰｸ.png	KO	빈스: 의뢰인은 낮에 TV로 어젯밤 공연 영상을 보다가 반지를 발견한 거겠죠. 그렇다면 반지에 대한 정보도 알려 주지...
disk25	NO52	1710	36	クラ－ク「指輪についても謎、魔王についても謎、スシャ－ナの何を調べればいいのかも謎・・・えたいの知れない事件に巻き込まれていくようだぜ」	disk25/ｼﾞﾑ1.png	main/ｸﾗｰｸ.png	KO	클라크: 반지도 수수께끼, 마왕도 수수께끼, 수잔나의 조사 목적도 수수께끼... 정체 모를 사건에 휘말린 것 같군.
disk25	NO52	1720	37	ヴィンス「デビッドの顔ばかり撮ってたので、手のアップの写真はないようです」	disk25/ｼﾞﾑ1.png	main/ｸﾗｰｸ.png	KO	빈스: 데이비드 얼굴 위주로 찍어서 그런지 손이 크게 나온 사진은 없는 것 같네요.
disk25	NO52	1730	38	クラ－ク「・・・わかったぞ。ドイツのコンサ－ト時にしている指輪がフランス、イタリアの時と違う」	disk25/ｼﾞﾑ1.png	main/ｸﾗｰｸ.png	KO	클라크: ...찾았다. 독일 공연 때 데이비드가 낀 반지가 프랑스나 이탈리아 때와 다르네.
disk25	NO52	1740	39	ヴィンス「なるほど。ドイツのコンサ－トの時の指輪は、紋章のような模様をしてますね。その前の写真は角ばった指輪をしてますよ。昨夜のコンサ－トのフィルムはまだ現像してないのでなんとも言えませんね・・・」	disk25/ｼﾞﾑ1.png	main/ｸﾗｰｸ.png	KO	빈스: 정말이네요. 독일 공연 때는 문장 무늬가 있는 반지를 꼈어요. 그전까지는 각진 모양의 다른 반지였고요. 어젯밤 공연 사진은 아직 현상 전이라 확인할 수 없겠네요...
disk25	NO52	1750	40	クラ－ク「すぐに現像するんだ。それにコンサ－トの写真も指輪の所を拡大してもらえ！　チップをはずんで急がせるんだぞ」	disk25/ｼﾞﾑ1.png	main/ｸﾗｰｸ.png	KO	클라크: 당장 현상하게. 공연 사진도 반지 부분을 확대해 달라고 해! 팁 좀 찔러주고, 최대한 빨리 처리해 달라고 부탁하게나.
disk25	NO52	1760	41	ヴィンスはカメラからフイルムを取り出し部屋を出ていった。	disk25/ｼﾞﾑ1.png	main/ｸﾗｰｸ.png	KO	빈스는 카메라에서 필름을 꺼내 방을 나갔다.
disk25	NO52	1770	42	クラ－クは、依頼人に渡した調査書のコピ－を取り出しメモをしながら調べている。	disk25/ｼﾞﾑ1.png	main/ｸﾗｰｸ.png	KO	클라크는 의뢰인에게 넘긴 보고서의 사본을 꺼내 메모를 해 가면서 검토했다.
disk25	NO52	1775	43	次にテ－プレコ－ダ－にカセット・テ－プを入れ、じっと聞いている。	disk25/ｼﾞﾑ2.png	main/ｸﾗｰｸ.png	KO	이어 카세트테이프를 녹음기에 넣고 내용을 집중해서 들었다.
disk25	NO52	1780	44	しばらくしてクラ－クは笑みを浮かべ、デビッドの歌を口ずさみながら紅茶をいれはじめた。	disk25/ｼﾞﾑ2.png	main/ｸﾗｰｸ.png	KO	잠시 후, 미소를 띤 클라크는 데이비드의 노래를 흥얼거리면서 홍차를 끓이기 시작했다.
disk25	NO52	1790	45	２時間を過ぎた頃、ヴィンスが戻って来た。	disk25/ｼﾞﾑ2.png	main/ｸﾗｰｸ.png	KO	두 시간이 지났을 무렵, 빈스가 돌아왔다.
disk25	NO52	1800	46	クラ－ク「ご苦労だった。紅茶が入ってるから飲みたまえ」	disk25/ｼﾞﾑ2.png	main/ｸﾗｰｸ.png	KO	클라크: 수고했네. 홍차 끓여 놨으니 마시게나.
disk25	NO52	1810	47	ヴィンス「所長が紅茶をいれてくれたのですか？・・・あれ？　その笑顔は何か解ったのですね」	disk25/ｼﾞﾑ2.png	main/ｸﾗｰｸ.png	KO	빈스: 소장님이 직접 홍차를? ...어라? 표정 보니까 뭔가 알아내셨군요.
disk25	NO52	1820	48	クラ－ク「指輪の謎がデビッドにも関係してきたよ。俺達がドイツのハ－メルンで、スシャ－ナとゲッヘルの会話を盗聴しただろう」	disk25/ｼﾞﾑ2.png	main/ｸﾗｰｸ.png	KO	클라크: 반지의 비밀이 데이비드와 관련 있네. 독일 하멜른에서 수잔나와 쾨헬을 도청했던 거 기억나나?
disk25	NO52	1830	49	ヴィンス「ええ、僕の嫌いな魚料理を食べさせられたレストランでしょう。覚えてますよ」	disk25/ｼﾞﾑ2.png	main/ｸﾗｰｸ.png	KO	빈스: 그럼요. 제가 싫어하는 생선 요리를 억지로 먹었던 레스토랑이잖아요. 당연히 기억나죠.
disk25	NO52	1840	50	クラ－ク「あの時、俺達には見る事が出来なかった指輪を、ゲッヘルがスシャ－ナに渡しただろう。あの指輪を、いまデビッドがしているんだ」	disk25/ｼﾞﾑ2.png	main/ｸﾗｰｸ.png	KO	클라크: 그때, 쾨헬이 수잔나에게 반지 하나를 건넸지. 지금 그 반지를 데이비드가 끼고 있는 거네.
disk25	NO52	1850	51	クラ－ク「あの時に魔王とか、裏切りの血とか言っていっている。その時のテ－プを聞いてみたが魔王と言う人間は、もしかしてデビッドかも知れないんだ」	disk25/ｼﾞﾑ2.png	main/ｸﾗｰｸ.png	KO	클라크: 그때 마왕이니 배신자의 피니 하는 얘기가 나왔잖나. 다시 테이프를 들어보니, 그 마왕이라는 자가 데이비드인 것 같네.
disk25	NO52	1860	52	クラ－ク「テ－プを聞いてみたら、もちろんスシャ－ナ達はデビッドが魔王だとは言ってないが、なにかクるんだな」	disk25/ｼﾞﾑ2.png	main/ｸﾗｰｸ.png	KO	클라크: 물론 그들이 데이비드를 마왕이라고 직접 말한 건 아니지만, 뭔가 느낌이 와.
disk25	NO52	1870	53	ヴィンス「デビッドに魔王と言う別の名前があるなんて、聞いた事がありませんよ。たとえデビッドがそうだとしても何か意味があるのですか？」	disk25/ｼﾞﾑ2.png	main/ｸﾗｰｸ.png	KO	빈스: 데이비드가 마왕이라는 다른 이름이 있다는 걸 들어본 적 없는데요. 설령 그가 마왕이라 해도 그게 대체 무슨 의미가 있는 겁니까?
disk25	NO52	1880	54	クラ－ク「この写真とテ－プを依頼人に渡せばおそらく何かが起こり、謎が解ける糸口になりそうだな。あれだけの大金を出して調査をしてるからには大きな事件に広がりそうだ」	disk25/ﾏｲｸ.png	main/ｸﾗｰｸ.png	KO	클라크: 이 사진과 녹음 테이프를 의뢰인에게 넘기면 반응이 나올 거고, 그게 수수께끼를 풀 실마리가 되겠지. 이 정도 거액을 들여 조사했으니, 그냥 끝나지는 않을 걸세.
disk25	NO52	1890	55	クラ－クは何かが起こるのを期待するように、ヴィンスに話している。	disk25/ﾏｲｸ.png	main/ｸﾗｰｸ.png	KO	클라크는 무언가 큰일이 벌어지기를 기대하는 듯 빈스에게 말했다.
disk25	NO52	10000	103	ＤＡＴＡをＳＡＶＥしますか？　Ｙ／Ｎ	disk25/ﾏｲｸ.png	main/ｸﾗｰｸ.png	KO	
disk25	NO52	10040	109	ドライブ１に、ＳＡＶＥ・ディスクを入れて下さい。	disk25/ﾏｲｸ.png	main/ｸﾗｰｸ.png	KO	
disk25	NO52	10070	111	ドライブ１のディスクが違います。	disk25/ﾏｲｸ.png	main/ｸﾗｰｸ.png	KO	드라이브 1의 디스크가 다릅니다.
disk25	NO52	10110	112	ＳＡＶＥしました。ドライブ１のディスクに、ＭＡＩＮディスクを入れて下さい。	disk25/ﾏｲｸ.png	main/ｸﾗｰｸ.png	KO	
disk25	NO52	10150	114	ドライブ１のディスクが違います。	disk25/ﾏｲｸ.png	main/ｸﾗｰｸ.png	KO	드라이브 1의 디스크가 다릅니다.
disk25	NO53	900	0	デビッドが話す。	disk25/ﾏｲｸ.png	main/ｸﾗｰｸ.png	KO	데이비드가 말한다.
disk25	NO53	900	1	アンドリュ－が話す。	disk25/ﾏｲｸ.png	main/ｸﾗｰｸ.png	KO	앤드류가 말한다.
disk25	NO53	900	2	マ－チンが話す。	disk25/ﾏｲｸ.png	main/ｸﾗｰｸ.png	KO	마틴이 말한다.
disk25	NO53	900	3	アランが話す。	disk25/ﾏｲｸ.png	main/ｸﾗｰｸ.png	KO	앨런이 말한다.
disk25	NO53	900	4	スシャ－ナが話す。	disk25/ﾏｲｸ.png	main/ｸﾗｰｸ.png	KO	수잔나가 말한다.
disk25	NO53	900	5	リチャ－ド社長が話す。	disk25/ﾏｲｸ.png	main/ｸﾗｰｸ.png	KO	리차드 사장이 말한다.
disk25	NO53	1000	6	翌日、ホテルのミ－ティング室では、リチャ－ド社長を交え今後の打合せをしている。	disk25/ﾍﾔ.png	main/ｸﾗｰｸ.png	KO	다음 날, 멤버들은 호텔 미팅룸에서 리차드 사장과 함께 향후 계획을 논의하고 있었다.
disk25	NO53	1200	7	リチャ－ド「こんどの新曲は発表前から予約注文が殺到しているんだ。昨日、新聞に書かれたばかりなのに・・・さてレコ－ディングをどうするかだが・・・」	disk25/ﾍﾔ.png	main/rtdL.png	KO	리차드: 이번 신곡은 발표하기 전부터 예약 주문이 쇄도 중이네. 어제 신문에 잠깐 실렸을 뿐인데 말이지... 녹음은 어떻게 할 생각인가...?
disk25	NO53	1210	8	アンドリュ－「今夜のコンサ－トはライブ録音をするのでしょう。だったら新曲をシングル・カットしてライブ盤にしましょう」	disk25/ﾍﾔ.png	main/andL.png	KO	앤드류: 오늘 밤 공연도 라이브 녹음하잖아요. 그렇다면 신곡을 싱글 컷해서 라이브 버전으로 내죠.
disk25	NO53	1220	9	アラン「ライブ録音ならすぐに出せるな。しかしライブ録音だと曲のイメ－ジがすべて伝わらないし・・・どうするマ－チン？」	disk25/ﾍﾔ.png	main/alnL.png	KO	앨런: 라이브 버전이면 금방 낼 수 있겠지. 하지만 라이브만으로는 이 곡의 느낌을 못 살릴 텐데... 마틴, 어쩔래?
disk25	NO53	1230	10	マ－チン「マスコミにも発表してしまったし、今の状況ならスタジオ録音してる暇は、ないよ  取りあえずライブ盤を作って、休暇の後にスタジオ入って完全に仕上げたらどうかな・・・」	disk25/ﾍﾔ.png	main/marL.png	KO	마틴: 이미 언론에도 발표해버렸고, 지금은 스튜디오에서 제대로 녹음할 여유도 없어. 일단 라이브 버전부터 내놓고, 휴가가 끝난 뒤 스튜디오에서 마무리 짓는 게 어떨까...
disk25	NO53	1231	11	アラン「そうだな、今度の曲は、複数のバ－ジョンを作って、いろんなプロモ－ションをしてみたいし・・・その最初がライブ盤というのも異色でいいよ」	disk25/ﾍﾔ.png	main/alnL.png	KO	앨런: 좋네. 이번 곡은 여러 버전으로 만들어서 다양한 방식으로 홍보해 보고 싶기도 했고... 첫 번째가 라이브라는 것도 꽤 색다르고 좋아.
disk25	NO53	1240	12	リチャ－ド「ライブ盤を先行発売か、フ－ム・・・今のデビッドだったら、そのほうが、注目を集めるかも・・・よし、決まりだ！」	disk25/ﾍﾔ.png	main/rtdL.png	KO	리차드: 라이브 버전을 먼저 발매한다라, 흠... 지금 데이비드라면 오히려 그쪽이 더 화제가 될지도... 좋아, 결정했네!
disk25	NO53	1250	13	デビッド「じゃあ今夜のラスト・コンサ－トは、うんと派手にやって、マ－チンの新曲に花をそえないとな」	disk25/ﾍﾔ.png	main/davL.png	KO	데이비드: 그렇다면 오늘 밤 마지막 공연은 아주 화끈하게 해서 마틴의 신곡을 장식해줘야겠네.
disk25	NO53	1260	14	スシャ－ナ「デビッド、これ以上観客をノせたらきちんとした録音が出来なくて新曲のレコ－ドが出せないわよ」	disk25/ﾍﾔ.png	main/linR.png	KO	수잔나: 데이비드, 이 이상 관객을 흥분시키면 제대로 녹음도 못 해요. 그러다 신곡을 못 낼 수도 있다고요.
disk25	NO53	1270	15	マ－チン「そうだよ。観客の叫びだけで、僕等の音楽がオマケだなんて泣いちゃいうよ」	disk25/ﾍﾔ.png	main/marL.png	KO	마틴: 맞아. 관객 함성만 잔뜩 녹음돼서 우리 음악이 덤처럼 들리면 나 정말 울 거야.
disk25	NO53	1280	16	リチャ－ド「みんな、コンサ－トが終わってもしばらくはホテルに滞在しててもいいよ。経費は会社持ちだからのんびりしてくれ」	disk25/ﾍﾔ.png	main/rtdL.png	KO	리차드: 공연이 끝난 뒤에도 당분간 호텔에 머물러도 된다네. 비용은 회사에서 낼 테니까 푹 쉬다 가게.
disk25	NO53	1290	17	アンドリュ－「俺は部屋に帰って、休暇をどう過ごすか考えるから、明日の夜までには引き上げます」	disk25/ﾍﾔ.png	main/andL.png	KO	앤드류: 저는 방에 가서 휴가 계획이나 짜야겠어요. 늦어도 내일 밤에는 호텔에서 나갈게요.
disk25	NO53	1295	18	デビッド達は、それぞれ市内のアパ－トに部屋を借りていたので、明日はホテルを引き払って自分の家に戻る事に決めた。	disk25/ﾍﾔ.png	main/andL.png	KO	멤버들은 모두 런던 시내에서 각자 아파트를 빌려 살았기에, 다음 날 호텔을 나와 집으로 돌아가기로 결정했다.
disk25	NO53	1300	19	リチャ－ド「スシャ－ナは家がロンドンだから心配はないが、休暇はどうするんだね？」	disk25/ﾍﾔ.png	main/rtdL.png	KO	리차드: 수잔나는 원래 런던에 사니까 상관없겠고, 휴가는 어떻게 보낼 생각인가?
disk25	NO53	1310	20	スシャ－ナ「ええ、少し疲れたので都会から離れて田舎でのんびりして来ます」	disk25/ﾍﾔ.png	main/linR.png	KO	수잔나: 네. 저도 좀 지쳐서 도시를 벗어나 시골에서 느긋하게 쉬다 오려고요.
disk25	NO53	1320	21	リチャ－ド「そうか。私は君達のおかげで当分、休暇など取れそうにもないよ。さて時間も無くなったから行かないと・・・みんな今夜は頼んだよ」	disk25/ﾍﾔ.png	main/rtdL.png	KO	리차드: 그런가? 나는 자네들 덕분에 한동안 휴가 같은 건 꿈도 못 꾸겠군. 이런, 시간이 다 돼서 가봐야겠군... 다들 오늘 밤도 잘 부탁함세.
disk25	NO53	1330	22	リチャ－ド社長とスシャ－ナは出て行った。デビッド達も気分を落ち着かせる為、ロビ－でコ－ヒ－を飲む事にした。	disk25/ﾍﾔ.png	main/rtdL.png	KO	리차드 사장과 수잔나가 떠난 뒤, 멤버들은 긴장을 풀 겸 로비에서 커피를 마시기로 했다.
disk25	NO53	1340	23	陽が沈みヨ－ロッパ・ツア－最後のコンサ－トがロイヤル・アルバート・ホールで開かれた。	disk25/ﾎｰﾙ.png	main/rtdL.png	KO	해가 저물자, 로열 앨버트 홀에서 유럽 투어의 마지막 공연이 시작되었다.
disk25	NO53	1350	24	会場の外には、前にも増して大勢のファンが会場を取り囲んでいる。	disk25/ﾎｰﾙ.png	main/rtdL.png	KO	공연장 밖은 지난번보다 훨씬 많은 팬들이 건물을 둘러싸고 있었다.
disk25	NO53	1360	25	場内では、一曲ごとに観客の歓声が絶叫と変わり、物凄い熱狂に包まれていく。デビッドが観客に手を差し出し静まるように言っている。	disk25/STG5.png	main/rtdL.png	KO	공연장 안에서는 곡이 끝날 때마다 관객의 환성이 절규로 변하며 뜨거운 열기에 휩싸여 갔다. 데이비드가 관객에게 손을 내밀어 조용히 하라고 신호를 보냈다.
disk25	NO53	1370	26	デビッド「次の曲は皆が待ち兼ねていた新曲の［ＰＲＡＹＥＲＳ］で、これは、ヨ－ロッパ・ツア－の途中でマ－チンが作った曲だ。みんな聞いてくれ！！」	disk25/LIV4.png	main/rtdL.png	KO	데이비드: 다음 곡은 모두가 기다려 온 신곡 `PRAYERS'다! 유럽 투어 도중 마틴이 만든 곡이야. 다들 잘 들어줘!!
disk25	NO53	1380	27	会場は割れんばかりの歓声があがっていく。	disk25/ｶﾝｷA.png	main/rtdL.png	KO	공연장이 무너질 듯 엄청난 환호성이 터져 나왔다.
disk25	NO53	1390	28	アンドリュ－の手拍子にのり静かにイントロを流し始めた。一瞬場内は水をうったように静まる。	disk25/STG5.png	main/rtdL.png	KO	앤드류의 손뼉 장단에 맞춰 조용한 인트로가 흐르기 시작했다. 순간 공연장은 물을 끼얹은 듯 고요해졌다.
disk25	NO53	1395	29	観客は、新曲のイントロを聞くと、これまでの［エレノ・ヴィジョン］と違ったイメ－ジに驚いてる・・・	disk25/STG5.png	main/rtdL.png	KO	관객들은 신곡의 전주를 듣자, 지금까지의 `엘레노 비전'과는 전혀 다른 분위기에 놀란 듯했다...
disk25	NO53	1400	30	マ－チンのサンプラ－から軽快なドラムの音が、アランのシンセからアンビエントな音が場内を響かせた。	disk25/ｷｰﾎA.png	main/rtdL.png	KO	마틴의 샘플러에서는 경쾌한 드럼 비트가, 앨런의 신시사이저에서는 앰비언트 사운드가 흘러나와 공연장을 채웠다.
disk25	NO53	1410	31	デビッドはマイクを持って手拍子をとりながら、身体をリズムにのせていく。観客の手拍子が正確なリズム刻み始めた。	disk25/VGA.png	main/rtdL.png	KO	데이비드는 마이크를 쥔 채 손뼉으로 박자를 맞추며 몸을 리듬에 실었다. 관객들의 손뼉도 리듬을 타기 시작했다.
disk25	NO53	1430	32	アランのピアノのバッキングが始まると、歓声は狂ったような悲鳴に変わっている。	disk25/ﾋﾟｱﾉ.png	main/rtdL.png	KO	앨런의 피아노 반주가 들어오는 순간, 관객의 환호는 광기에 가까운 비명으로 변했다.
disk25	NO53	1440	33	デビッドは全身のエネルギ－をはき出すように歌った。	disk25/ﾃﾞ1.png	main/rtdL.png	KO	데이비드는 온몸의 에너지를 토해 내듯 노래했다.
disk25	NO53	1445	34	メンバ－は、あまりの新曲の反応の良さに驚き、バンドの新しいイメ－ジに満足した。	disk25/ｷｬｸ1.png	main/rtdL.png	KO	멤버들은 신곡에 대한 뜨거운 반응에 놀라며, 밴드의 새로운 이미지를 구축한 것에 만족했다.
disk25	NO53	1450	35	場内の観客、いや場内にいた全ての人間が放心状態で身体を動かしていた。	disk25/ｶﾝｷB.png	main/rtdL.png	KO	관객들, 아니 공연장 안의 모든 사람이 넋이 나간 듯이 몸을 리듬에 맡겼다.
disk25	NO53	1470	36	デビッドが新曲を歌い終わっ時、場内は静まりかえり、拍手が帰ってこない。	disk25/STG3.png	main/rtdL.png	KO	데이비드가 마지막 소절을 끝내자, 공연장은 완전 고요해졌다. 박수조차 나오지 않았다.
disk25	NO53	1480	37	デビッド「終った」	disk25/LIV4.png	main/davL.png	KO	데이비드: 끝이야.
disk25	NO53	1490	38	観客は催眠術から解き放されたように、拍手と歓声が上がる。	disk25/ｶﾝｷA.png	main/davL.png	KO	관객은 최면에서 풀려난 듯 박수와 환성을 터뜨렸다.
disk25	NO53	1500	39	マ－チンは嬉しそうに、観客に答えるように手を振り、喜びを現している。	disk25/ﾏﾃﾝA.png	main/davL.png	KO	마틴은 기쁨을 감추지 못한 채 힘차게 손을 흔들었다.
disk25	NO53	1510	40	アンコ－ルの曲も終わり、ここに［エレノ・ヴィジョン］のヨ－ロッパ・ツア－の幕が閉じた。	disk25/STG5.png	main/davL.png	KO	앙코르까지 모두 끝나고, 마침내 `엘레노 비전'의 유럽 투어가 막을 내렸다.
disk25	NO53	1515	41	あの興奮のるつぼと化した観客の狂乱を、いま冷静になった関係者は事故が無かった事を奇跡だと信じ胸に十字を切った。	disk25/ﾗｲﾄB.png	main/davL.png	KO	정신을 차린 관계자들은 광란의 도가니였던 객석을 떠올리며, 아무 사고가 없는 게 기적이라며 가슴에 성호를 그었다.
disk25	NO53	1520	42	コンサ－トを終えたデビッド達に、リチャ－ド社長が用意した打ち上げパ－ティが待っていた。いつもは内輪の小さなパ－ティだったが、今回はそうはいかない。	disk25/ﾊﾟﾃｲ.png	main/davL.png	KO	공연을 끝낸 멤버들에게 리차드 사장이 준비한 뒤풀이 파티가 기다리고 있었다. 평소에는 관계자만의 작은 파티였지만 이번에는 그렇지 않았다.
disk25	NO53	1530	43	デビッド達はホテルに戻ると着替えを済ませ、３階のパ－ティ会場に入った。	disk25/ﾊﾟﾃｲ.png	main/davL.png	KO	호텔로 돌아온 멤버들은 옷을 갈아입은 뒤, 3층 파티장으로 향했다.
disk25	NO53	1540	44	政界、業界、報道関係の招待客が拍手をもってデビッド達を迎える。リチャ－ド社長は招待客を絞るのに相当苦労したといっていた。	disk25/ﾊﾟﾃｲ.png	main/davL.png	KO	정계와 음악계, 언론계의 초대 손님들이 박수로 멤버들을 맞이했다. 리차드는 초대 인원을 추려 내느라 진땀을 뺐다고 하소연했다.
disk25	NO53	1550	45	宴が盛り上がった頃、デビッドの所にフロントの係りの者が一通の封書を持ってきた。デビッドはその場で封を切り中の手紙を見た。	disk25/ﾊﾟﾃｲ.png	main/davL.png	KO	파티가 무르익었을 무렵, 프런트 직원이 데이비드에게 봉투 하나를 건넸다. 데이비드는 그 자리에서 봉투를 뜯어 편지를 읽었다.
disk25	NO53	1560	46	「魔王について正確な情報をお伝えいたします。明日の正午、ウェストミンスタ－橋を越え寺院に行く途中にある、喫茶［アリス］まで来て下さい。この事は、他言しないで必ず一人で来て下さい。」	disk25/ﾊﾟﾃｲ.png	main/davL.png	KO	"""마왕에 관한 정확한 정보를 알려 드리겠습니다. 내일 정오, 웨스트민스터 다리를 건너 사원으로 향하는 길에 있는 카페 `앨리스'로 오십시오. 이 사실은 누구에게도 알리지 말고 반드시 혼자 오십시오."""
disk25	NO53	1570	47	デビッドは、頭から血が引く感じで手紙を繰り返し読んでいる。あの悪夢と幻想につきまとう魔王の事を自分以外の人間が知っている事に不安を感じ始めた。	disk25/ﾊﾟﾃｲ.png	main/davL.png	KO	데이비드는 얼굴에서 핏기가 가시는 것을 느끼며 편지를 반복해서 읽었다. 자신의 악몽과 환상 속에서 등장하는 마왕에 대해 자신 이외의 다른 사람이 알고 있다는 사실에 불안을 느끼기 시작했다.
disk25	NO53	1580	48	パ－ティは午前２時を過ぎると、コンサ－トの疲れからデビッド達は、それぞれの部屋に戻った。主役が消えたパ－ティはすぐに閉会となり招待客も帰り始めた。	disk25/ﾊﾟﾃｲ.png	main/davL.png	KO	새벽 2시가 지나자, 공연의 피로를 이기지 못한 멤버들은 각자의 방으로 돌아갔다. 주인공들이 사라진 파티도 마무리됐고, 하객들도 돌아가기 시작했다.
disk25	NO53	3000	49	ＣＤ－ＲＯＭよりＤＡＴＡの読み込みを始めます。ＨＩＴ　ＡＮＹ　ＫＥＹ	disk25/ﾊﾟﾃｲ.png	main/davL.png	KO	CD-ROM에서 데이터 읽습니다. 아무 키나 눌러주세요.
disk25	NO53	3010	50	　　　　　　　　ＣＤ－ＲＯＭよりＤＡＴＡを読み込み中	disk25/ﾊﾟﾃｲ.png	main/davL.png	KO	데이터를 읽는 중...
disk25	NO53	10000	98	ＤＡＴＡをＳＡＶＥしますか？　Ｙ／Ｎ	disk25/ﾊﾟﾃｲ.png	main/davL.png	KO	
disk25	NO53	10040	104	ドライブ１に、ＳＡＶＥ・ディスクを入れて下さい。	disk25/ﾊﾟﾃｲ.png	main/davL.png	KO	
disk25	NO53	10070	106	ドライブ１のディスクが違います。	disk25/ﾊﾟﾃｲ.png	main/davL.png	KO	드라이브 1의 디스크가 다릅니다.
disk25	NO53	10110	107	ＳＡＶＥしました。ドライブ１のディスクに、ＭＡＩＮディスクを入れて下さい。	disk25/ﾊﾟﾃｲ.png	main/davL.png	KO	
disk25	NO53	10150	109	ドライブ１のディスクが違います。	disk25/ﾊﾟﾃｲ.png	main/davL.png	KO	드라이브 1의 디스크가 다릅니다.
disk26	53-1	900	0	デビッドが話す。			KO	데이비드가 말한다.
disk26	53-1	900	1	アンドリュ－が話す。			KO	앤드류가 말한다.
disk26	53-1	900	2	マ－チンが話す。			KO	마틴이 말한다.
disk26	53-1	900	3	アランが話す。			KO	앨런이 말한다.
disk26	53-1	900	4	スシャ－ナが話す。			KO	수잔나가 말한다.
disk26	53-1	900	5	リチャ－ド社長が話す。			KO	리차드 사장이 말한다.
disk26	53-1	1590	6	パ－ティのあとかたずけを終えたスシャ－ナが、デビッドの部屋に入ってきた。	disk26/ﾍﾞｯﾄ.png		KO	파티 뒷정리를 마친 수잔나는 데이비드의 방으로 들어왔다.
disk26	53-1	1800	7	スシャ－ナ「あんなに大勢のパ－ティだったので疲れちゃった。でも明日からの休暇の事を考えると疲れも忘れそうね。そうだ、明日アパ－トに移る時間は何時頃？　掃除に行くわ」	disk26/ﾍﾞｯﾄ.png	main/linR.png	KO	수잔나: 사람이 너무 많아서 정말 피곤했어요. 그래도 내일부터 휴가라고 생각하니 벌써 피로가 풀리는 것 같네요. 참, 내일 아파트에는 몇 시쯤 갈 거예요? 가서 청소해 줄게요.
disk26	53-1	1810	8	デビッド「起きるのが遅いから夕方になるかな。アパ－トの部屋が散らかったままツア－に出たから、スシャ－ナが見たらきっと驚くよ」	disk26/ﾍﾞｯﾄ.png	main/davL.png	KO	데이비드: 늦잠 잘 테니까 아마 저녁쯤? 방을 어질러 놓고 투어를 떠났으니, 가서 보면 깜짝 놀랄 걸.
disk26	53-1	1820	9	スシャ－ナ「そんなにひどいの？　でも掃除は好きだからまかせといて。それに夕食の材料も買っていくから、外食しないで部屋で食べましょうよ」	disk26/ﾍﾞｯﾄ.png	main/linR.png	KO	수잔나: 그렇게 엉망이에요? 그래도 전 청소를 좋아하니까 맡겨줘요. 저녁거리도 사 갈 테니 밖에서 먹지 말고 집에서 같이 먹죠.
disk26	53-1	1830	10	デビッド「料理を作ってくれるのかい？　明日が楽しみで今夜は寝られそうもないよ」	disk26/ﾍﾞｯﾄ.png	main/davL.png	KO	데이비드: 요리까지 해 주는 거야? 벌써 내일이 기대돼서 잠도 안 오겠는데.
disk26	53-1	1840	11	スシャ－ナ「だめよ。きちんと寝ないとまた悪夢を見てしまうわ」	disk26/ﾍﾞｯﾄ.png	main/linR.png	KO	수잔나: 안 돼요. 푹 자지 않으면 또 악몽 꿀지도 몰라요.
disk26	53-1	1850	12	デビッドはスシャ－ナの言葉で、例の手紙の事をスシャ－ナに相談しようと考えた。しかし、手紙には他言しないように書かれてあった。	disk26/ﾍﾞｯﾄ.png	main/linR.png	KO	수잔나의 말을 들은 데이비드는 그 편지에 대해 상의할까 고민했다. 하지만 편지에는 누구에게도 말하지 말라고 적혀 있었다.
disk26	53-1	1860	13	スシャ－ナに相談する事に決める。	disk26/ﾍﾞｯﾄ.png	main/linR.png	KO	수잔나에게 털어놓는다.
disk26	53-1	1860	14	一人で相手に会う事にする。	disk26/ﾍﾞｯﾄ.png	main/linR.png	KO	혼자 상대를 만나러 간다.
disk26	53-1	2000	15	デビッド「今夜は大丈夫だ。へとへとに疲れているからベッドに入れば、すぐに寝てしまうよ」	disk26/ﾍﾞｯﾄ.png	main/davL.png	KO	데이비드: 오늘은 괜찮아. 완전히 녹초가 됐으니까 눕기만 하면 바로 잠들 걸.
disk26	53-1	2010	16	スシャ－ナ「そうね。コンサ－トにパ－ティが続いて、私も眠たくなってきたからそろそろ帰るわ。デビッド、お休みなさい」	disk26/ﾍﾞｯﾄ.png	main/linR.png	KO	수잔나: 그렇네요. 공연에 파티까지 연달아 치렀더니 저도 졸려요. 이만 가볼게요. 데이비드, 잘 자요.
disk26	53-1	2020	17	デビッド「お休み。夢を見るならスシャ－ナと二人の旅行の夢でも見るよ」	disk26/ﾍﾞｯﾄ.png	main/davL.png	KO	데이비드: 수잔나도 잘 자. 이왕 꿈을 꾼다면 둘이 여행 가는 꿈이나 꿨으면 좋겠네.
disk26	53-1	2030	18	スシャ－ナは部屋から出ていった。デビッドもベッドに入ると、すぐに寝ついてしまった。	disk26/ﾍﾞｯﾄ.png	main/davL.png	KO	수잔나가 방을 나갔다. 데이비드도 침대에 들어가자마자 곧바로 곯아떨어졌다.
disk26	53-1	2200	19	デビッド「その夢の事だけど、この手紙を見て欲しいんだ。フロントに置かれていて、誰が持って来たのかわからないんだが、魔王と書いてるから・・・」	disk26/ﾍﾞｯﾄ.png	main/davL.png	KO	데이비드: 그 꿈 말인데, 이 편지를 봐줬으면 해. 프런트에 누가 맡겼는지 모르겠는데, 마왕이라고 적혀 있었어...
disk26	53-1	2210	20	スシャ－ナは手紙を見た瞬間、顔から血の気が引き手紙を持つ手が少しふるえた。	disk26/ﾍﾞｯﾄ.png	main/davL.png	KO	수잔나는 편지를 본 순간, 얼굴에서 핏기가 가시고 편지를 쥔 손마저 떨리기 시작했다.
disk26	53-1	2220	21	デビッド「スシャ－ナ、どうしたんだ？・・・顔色が良くないよ」	disk26/ﾍﾞｯﾄ.png	main/davL.png	KO	데이비드: 수잔나, 왜 그래? ...얼굴이 창백해졌잖아.
disk26	53-1	2230	22	スシャ－ナ「大丈夫よ、疲れで少しめまいがしたの。それより手紙の事だけど本当に魔王って書いてるわね。どうしてデビッドの夢の事がわかったのかしら」	disk26/ﾍﾞｯﾄ.png	main/linR.png	KO	수잔나: 괜찮아요. 피곤해서 조금 현기증이 났어요. 그보다 이 편지, 정말 마왕이라고 적혀 있네요. 어떻게 당신의 꿈을 알았을까?
disk26	53-1	2240	23	デビッド「俺もそれが不思議なんだ。魔王の事はツア－の時、メンバ－の連中に話したけど、誰かが他の人に話したのかな・・・」	disk26/ﾍﾞｯﾄ.png	main/davL.png	KO	데이비드: 나도 그게 이상해. 투어 중에 멤버들한테 마왕 얘기는 했는데, 혹시 누가 밖에다 이야기한 걸까?
disk26	53-1	2250	24	スシャ－ナ「もしかして相手は芸能記者かも知れないわ。デビッドの人気が魔王の力だなんて、オカルトまがいの記事を書くつもりよ。そんな事になったら大変だわ」	disk26/ﾍﾞｯﾄ.png	main/linR.png	KO	수잔나: 혹시 연예 기자가 아닐까요? 당신의 인기가 마왕의 힘 때문이라는 식으로 엉터리 오컬트 기사를 쓸지도 몰라요. 그렇게 되면 큰일이에요.
disk26	53-1	2260	25	デビッド「そうか、奴等はどんなネタでも聞き出すのがプロだからな・・・行くのをやめるよ」	disk26/ﾍﾞｯﾄ.png	main/davL.png	KO	데이비드: 그렇구나. 그 녀석들은 어떻게든 소재를 캐내니까... 안 가는 게 낫겠네.
disk26	53-1	2270	26	スシャ－ナ「私も行くのは反対よ。本当にデビッドに会いたいのなら、直接話に来る筈よ。ても人気が出てくるといろんな事が起こるわね」	disk26/ﾍﾞｯﾄ.png	main/linR.png	KO	수잔나: 저도 동감이에요. 정말 데이비드를 만나고 싶다면 직접 찾아오면 되잖아요. 유명해지니까 별일이 다 생기네요.
disk26	53-1	2280	27	デビッド「手紙の事をスシャ－ナに話したら安心したのか、急に眠くなってきたよ」	disk26/ﾍﾞｯﾄ.png	main/davL.png	KO	데이비드: 너한테 편지 얘기까지 다 털어놓아서 안심이 되는지 갑자기 졸리네.
disk26	53-1	2290	28	スシャ－ナ「私も、今日はコンサ－トとパ－ティでしょう。こうして寝ないで話してるのが不思議なくらいよ。さあ、私も帰って寝るわ。デビッド、お休みなさい」	disk26/ﾍﾞｯﾄ.png	main/linR.png	KO	수잔나: 저도요, 오늘 공연에 파티까지 있었는데 아직 이렇게 깨어서 대화하는 게 신기할 지경이에요. 이제 저도 가서 잘게요. 데이비드, 잘 자요.
disk26	53-1	2300	29	スシャ－ナは部屋から出ていった。デビッドもベッドに入ると、すぐに寝ついてしまった。	disk26/ﾍﾞｯﾄ.png	main/linR.png	KO	수잔나가 방을 나갔다. 데이비드도 침대에 들어가자마자 곧바로 곯아떨어졌다.
disk26	53-1	3000	31	ＣＤ－ＲＯＭよりＤＡＴＡの読み込みを始めます。ＨＩＴ　ＡＮＹ　ＫＥＹ	disk26/ﾍﾞｯﾄ.png	main/linR.png	KO	CD-ROM에서 데이터 읽습니다. 아무 키나 눌러주세요.
disk26	53-1	3010	32	　　　　　　　　ＣＤ－ＲＯＭよりＤＡＴＡを読み込み中	disk26/ﾍﾞｯﾄ.png	main/linR.png	KO	데이터를 읽는 중...
disk26	53-1	10000	49	ＤＡＴＡをＳＡＶＥしますか？　Ｙ／Ｎ	disk26/ﾍﾞｯﾄ.png	main/linR.png	KO	
disk26	53-1	10040	55	ドライブ１に、ＳＡＶＥ・ディスクを入れて下さい。	disk26/ﾍﾞｯﾄ.png	main/linR.png	KO	
disk26	53-1	10070	57	ドライブ１のディスクが違います。	disk26/ﾍﾞｯﾄ.png	main/linR.png	KO	드라이브 1의 디스크가 다릅니다.
disk26	53-1	10110	58	ＳＡＶＥしました。ドライブ１のディスクに、ＭＡＩＮディスクを入れて下さい。	disk26/ﾍﾞｯﾄ.png	main/linR.png	KO	
disk26	53-1	10150	60	ドライブ１のディスクが違います。	disk26/ﾍﾞｯﾄ.png	main/linR.png	KO	드라이브 1의 디스크가 다릅니다.
disk26	NO54	900	0	デビッドが話す。	disk26/ﾍﾞｯﾄ.png	main/linR.png	KO	데이비드가 말한다.
disk26	NO54	900	1	スシャ－ナが話す。	disk26/ﾍﾞｯﾄ.png	main/linR.png	KO	수잔나가 말한다.
disk26	NO54	1000	2	翌日デビッドは昼過ぎに起き、例の手紙を気にしながら、ホテルを引き払う準備をしていたが、手紙の相手からは何も連絡が無かった。	disk26/ﾍﾞｯﾄ.png	main/linR.png	KO	다음 날 정오가 지나서야 일어난 데이비드는 문제의 편지를 계속 신경 쓰며 체크아웃 준비를 했지만, 편지를 보낸 상대에게서는 아무런 연락도 없었다.
disk26	NO54	1010	3	スシャ－ナがドアを開けて入って来た。	disk26/ﾍﾞｯﾄ.png	main/linR.png	KO	수잔나가 문을 열고 들어왔다.
disk26	NO54	1200	4	スシャ－ナ「デビッド、用意はできた？・・・私の荷物は全部、家に持って帰ったから、デビッドがチェック・アウトすれば本当の休暇に入れるのよ」	disk26/ﾍﾞｯﾄ.png	main/linR.png	KO	수잔나: 데이비드, 준비 다 했어요? 제 짐은 벌써 전부 집에 가져다 놨으니까, 당신만 체크아웃하면 진짜 휴가 시작이에요.
disk26	NO54	1210	5	デビッド「あの手紙の人から何も連絡が無かったから、やはりいいかげんだったんだな。スシャ－ナ、さあ行こう」	disk26/ﾍﾞｯﾄ.png	main/davL.png	KO	데이비드: 편지 보낸 사람한테 아무 연락도 없는 걸 보니 역시 장난이었나 봐. 수잔나, 가자.
disk26	NO54	1220	6	デビッド達はホテルからタクシ－に乗って、デビッドのアパ－トへ行った。	disk26/ｱﾊﾟﾄ.png	main/davL.png	KO	두 사람은 호텔에서 택시를 타고 데이비드 아파트로 향했다.
disk26	NO54	1230	7	部屋のかたずけがすんだスシャ－ナは、さっそく料理を作り始めた。	disk26/ｼｮｸｼ.png	main/davL.png	KO	엉망이던 방을 모두 정리한 수잔나는 곧바로 저녁 준비를 시작했다.
disk26	NO54	1240	8	デビッド「俺の部屋で料理の匂いがするのは初めてだよ。いつも外食かインスタントの食事だったからな」	disk26/ｼｮｸｼ.png	main/davL.png	KO	데이비드: 내 방에서 요리 냄새가 나는 건 처음이야. 늘 밖에서 먹거나 인스턴트로 때웠거든.
disk26	NO54	1250	9	スシャ－ナ「デビッド、田舎に行くのはいつにしましょうか・・・」	disk26/ｼｮｸｼ.png	main/linR.png	KO	수잔나: 데이비드, 시골로 언제 출발할까요?
disk26	NO54	1260	10	デビッド「俺は、いつでもいいよ。できれば早い方がいいけど。２週間の休暇なんて直ぐに終わりそうだから」	disk26/ｼｮｸｼ.png	main/davL.png	KO	데이비드: 난 언제든 좋아. 빠르면 빠를수록 좋고. 휴가가 2주밖에 안 돼서 금방 지나갈 테니까.
disk26	NO54	1270	11	スシャ－ナ「じゃあ明日にしない？　田舎は［ハワ－ス］だから、そう遠くないから車で行きましょうよ。車だと時間も気にしないで寄り道もできるわ」	disk26/ｼｮｸｼ.png	main/linR.png	KO	수잔나: 그럼 내일 갈까요? `하워스'라서 그렇게 멀지도 않으니까 차로 가죠. 그러면 시간 제약도 없고 자유롭게 여기저기 들릴 수도 있잖아요.
disk26	NO54	1280	12	デビッド「そうだな、車なら人から見られないですむから、かえってのんびり旅行が出来るかもしれない。よし、車で行こう」	disk26/ｼｮｸｼ.png	main/davL.png	KO	데이비드: 좋은 생각이야. 차로 움직이면 사람들 시선도 피할 수 있으니 오히려 느긋하게 여행을 즐길 수 있을 거야. 좋아, 차로 가자!
disk26	NO54	1290	13	スシャ－ナ「・・・さあ、料理が出来たわ。テ－ブルに座って。デビッドの好きなものばかり作ったのよ」	disk26/ｼｮｸｼ.png	main/linR.png	KO	수잔나: 자, 다 됐어. 어서 앉아요. 당신이 좋아하는 것들만 만들어봤어요.
disk26	NO54	1300	14	デビッド「わっ！　スシャ－ナの料理って本格的なんだ。もし、結婚しても毎日作ってくれるのかな・・・」	disk26/ｼｮｸｼ.png	main/davL.png	KO	데이비드: 와, 수잔나 요리 솜씨가 대단하구나. 결혼하면 매일 이렇게 만들어 주려나...
disk26	NO54	1310	15	デビッドは、景気良くシャンパンの音をたて、休暇を祝って乾杯した。	disk26/ｼｮｸｼ.png	main/davL.png	KO	데이비드는 경쾌하게 샴페인을 터뜨리고 휴가를 축하하며 건배했다.
disk26	NO54	1320	16	休暇の初日の夜は、スシャ－ナが隣に寝ていた為か、デビッドは悪夢を見る事なく素敵な一夜を過ごした。	disk26/ﾍｯﾄ.png	main/davL.png	KO	휴가 첫날 밤은 수잔나가 옆에서 자고 있었기 때문인지 데이비드는 악몽을 꾸지 않고 행복한 하룻밤을 보냈다.
disk26	NO54	1330	17	翌日の昼、デビッドの車はＭ３高速道路からＡ３０高速道路を走っていた。その後をクラ－ク達の車が走っている。	disk26/ｺｳｿｸ.png	main/davL.png	KO	다음 날 낮, 데이비드의 차는 M3에서 A30 고속도로로 타고 있었다. 그 뒤를 탐정들의 차가 미행하고 있었다.
disk26	NO54	1350	18	クラ－クが話す。	disk26/ｺｳｿｸ.png	main/davL.png	KO	클라크가 말한다.
disk26	NO54	1350	19	ヴィンスが話す。	disk26/ｺｳｿｸ.png	main/davL.png	KO	빈스가 말한다.
disk26	NO54	1600	20	ヴィンス「デビッドとスシャ－ナが恋人だったとは気づきませんでしたね。二人のバカンスをスク－プすれば金になりますよ」	disk26/ｺｳｿｸ.png	main/ｳｲﾝｽ.png	KO	빈스: 데이비드와 수잔나가 연인 사이일 줄은 몰랐네요. 둘만의 바캉스를 특종으로 잡으면 돈 좀 되겠어요.
disk26	NO54	1610	21	クラ－ク「俺達だけしか気づいていなれけばな。スシャ－ナは確か田舎に帰ると言ってたが、嵐が丘の［ハワ－ズ］ならＡ６高速を走る筈なのに・・・」	disk26/ｺｳｿｸ.png	main/ｸﾗｰｸ.png	KO	클라크: 우리만 눈치챈 거라면 말이지. 수잔나는 분명 시골로 간다고 했는데, 폭풍의 언덕의 `하워스'라면 A6를 달려야 할 텐데...
disk26	NO54	1620	22	ヴィンス「休暇でＡ３０を走ってるのなら［ソ－ルズベリ－］のスト－ンヘンジを見学に行くのと違いますか？」	disk26/ｺｳｿｸ.png	main/ｳｲﾝｽ.png	KO	빈스: 바캉스 중인데 A30을 타고 있다면 `솔즈베리'의 스톤헨지를 구경 가는 게 아닐까요?
disk26	NO54	1630	23	クラ－ク「スト－ンヘンジと魔王か・・・似合いの場所だぜ。それにスシャ－ナの母親は占い師で暗黒の魔導師と言われていたし、スシャ－ナも趣味で占いをしているんだ」	disk26/ｺｳｿｸ.png	main/ｸﾗｰｸ.png	KO	클라크: 스톤헨지에 마왕이라... 참 어울리는 조합이군. 수잔나의 어머니는 암흑의 마도사라 불리던 점술사였고, 수잔나 본인도 취미로 점을 본다고 했었지.
disk26	NO54	1640	24	ヴィンス「ツア－の時、スシャ－ナと会ってた人達は全て占いに関係した事になりますね。デビッドの指輪も関係があるのですかね？」	disk26/ｺｳｿｸ.png	main/ｳｲﾝｽ.png	KO	빈스: 투어 중에 수잔나가 만난 사람들은 전부 점술과 관련되어 있네요. 데이비드의 반지도 관계가 있는 걸까요?
disk26	NO54	1650	25	クラ－ク「デビッドには、占いの趣味は無かったけど指輪が気になる。それを気にしている俺達の依頼人も、占いに何か関係あるのかもしれないな」	disk26/ｺｳｿｸ.png	main/ｸﾗｰｸ.png	KO	클라크: 데이비드는 점술과 관련은 없지만 그 반지는 계속 걸려. 그리고 그 반지에 집착하는 의뢰인도 점술과 뭔가 관련이 있을지도 모르겠군.
disk26	NO54	1660	26	ヴィンス「もしかして、白魔術と黒魔術の戦いとか・・・所長、適当な所でこの事件から手を引きましょうよ。どうもオカルトぽくって僕の趣味に合いませんので・・・」	disk26/ｺｳｿｸ.png	main/ｳｲﾝｽ.png	KO	빈스: 설마 백마술과 흑마술의 싸움 같은... 소장님, 적당한 때에 이 의뢰에서 손 떼죠. 오컬트 같은 건 제 취향이 아닙니다...
disk26	NO54	1670	27	クラ－ク「調査の契約は、デビッド達の休暇までとなってるから、すぐには断われないが契約が終われば、こんどこそ断わるよ」	disk26/ｺｳｿｸ.png	main/ｸﾗｰｸ.png	KO	클라크: 계약 기간이 수잔나의 휴가까지라 당장 관둘 수는 없네. 그래도 계약이 끝나면 더는 안 맡을 생각일세.
disk26	NO54	1680	28	陽が落ち始めた頃、［ソ－ルズベリ－］に入った。デビッド達は、豪華なレッド・ライオン・ホテルに泊まらず小さなカテドラル・ホテルに車を止めた。	disk26/ﾎﾃﾙ.png	main/ｸﾗｰｸ.png	KO	해가 저물기 시작할 무렵, 차가  `솔즈베리'에 들어섰다. 두 사람은 호화로운 레드 라이언 호텔에 묵지 않고 작은 캐시드럴 호텔에 차를 세웠다.
disk26	NO54	1690	29	夜の９時過ぎ、デビッド達はホテルからＡ３６０道路を車で走っている。	disk26/ﾖﾙﾐﾁ.png	main/ｸﾗｰｸ.png	KO	밤 9시쯤에 데이비드와 수잔나는 호텔을 나와 A360 도로를 달리고 있었다.
disk26	NO54	1700	30	星明かりに照らされた広大な畑と牧場の中の道を車のヘッドライトが照らす。	disk26/Dｸﾙﾏ.png	main/ｸﾗｰｸ.png	KO	헤드라이트가 별빛 아래 펼쳐진 광활한 밭과 목장 사이의 길을 비추었다.
disk26	NO54	1900	31	スシャ－ナ「昼間はスト－ンヘンジに行っても中には入れないのよ。だから夜にしたの。静かで誰もいないし、スト－ンヘンジの中心にたって星を眺められるわ」	disk26/Dｸﾙﾏ.png	main/linR.png	KO	수잔나: 낮에는 스톤헨지 안쪽까지 들어갈 수 없거든요. 그래서 일부러 밤에 온 거예요. 조용하고 아무도 없어서 스톤헨지 한가운데 서서 별을 볼 수 있어요.
disk26	NO54	1910	32	デビッド「スト－ンヘンジは一度来た事があるけど、深夜に行くのは初めてだよ。この時間は照明も切られているから不気味な気もするけどね」	disk26/Dｸﾙﾏ.png	main/davL.png	KO	데이비드: 스톤헨지는 한 번 와 본 적이 있지만, 한밤중에 오는 건 처음이야. 이 시간에는 조명도 꺼져 있어서 으스스한 느낌이 드네.
disk26	NO54	1920	33	スシャ－ナ「畑も牧場も荒野に変わってるから、もうすぐスト－ンヘンジが見えてくる筈よ」	disk26/Dｸﾙﾏ.png	main/linR.png	KO	수잔나: 주변이 완전히 황야로 변했으니, 이제 곧 스톤헨지가 보일 거야.
disk26	NO54	1930	34	車のヘッドライトにスト－ンヘンジの巨石が浮かんで来た。道路が切れ荒地になった所で車を止めて眺めている。	disk26/ｽﾄｰﾝ.png	main/linR.png	KO	헤드라이트가 스톤헨지의 거석을 비추었다. 도로가 끝나는 황무지 부근에 차를 세우고 유적을 바라봤다.
disk26	NO54	1940	35	照明は消されていたが、星明かりは円形に並べられた６ｍ余りの巨石を照らしている。二人は幻想の世界に浸っていた。	disk26/ｽﾄｰﾝ.png	main/linR.png	KO	조명은 꺼져 있었지만, 별빛은 원형으로 늘어선 6미터가 넘는 거석을 비추고 있었다. 두 사람은 환상의 세계에 빠져 있었다.
disk26	NO54	1950	36	スシャ－ナ「デビッド、ここがスト－ンヘンジの中心よ。ここから南を見ると、石の隙間から星が見えるわ。デビッドも見て」	disk26/ｽﾄﾝ1.png	main/linR.png	KO	수잔나: 데이비드, 여기가 스톤헨지의 중심이에요. 여기서 남쪽을 보면 돌 틈새로 별 하나가 보여요. 당신도 한 번 봐요.
disk26	NO54	1960	37	デビッド「ここからでも、石の隙間に星が光っているのが見えるよ。でも今夜は月が出ていないせいか、空は星で覆われて宇宙に浮かんでいるような感じだな」	disk26/ｽﾄﾝ1.png	main/davL.png	KO	데이비드: 여기서도 돌 틈에서 별이 빛나고 있어. 근데 오늘 밤은 달이 없어서 그런지 하늘이 별로 뒤덮여 우주에 떠 있는 기분이야.
disk26	NO54	1970	38	デビッドは、上を見ながらスシャ－ナのそばに来て南の空を見たが、すぐそばに巨石が並んでいるので、上空の星しか見えなかった。	disk26/ｽﾄﾝ2.png	main/davL.png	KO	데이비드는 위를 보면서 수잔나 곁으로 다가가 남쪽 하늘을 보았지만, 거석들이 늘어서 있어 머리 위의 별밖에는 보이지 않았다.
disk26	NO54	1975	39	デビッド「スシャ－ナの言う石の隙間ってどこにあるんだ？　眼の前の石で南は何も見えないよ」	disk26/ｽﾄﾝ2.png	main/davL.png	KO	데이비드: 돌 틈새가 어디 있어? 돌로 꽉 막혀서 남쪽은 하나도 안 보이는데.
disk26	NO54	1976	40	スシャ－ナ「手前の石の上にくぼみがあるでしょう。次の石の上に乗っている石の上と、次の石の上を結ぶの。少し腰を落として見て」	disk26/ｽﾄﾝ2.png	main/linR.png	KO	수잔나: 바로 앞의 돌 위에 움푹 들어간 곳 보이죠? 다음 돌 위에 놓인 돌의 위쪽과 그다음 돌 위쪽을 이어서 봐요. 몸을 조금 낮추고요.
disk26	NO54	1980	41	デビッド「うっ！　凄く明るい星だな。こんなに明るい星があったなんて気づかなかったよ。なんていう星かな？」	disk26/ｽﾄﾝ2.png	main/davL.png	KO	데이비드: 우왓! 굉장히 밝은 별이네. 이렇게 밝은 별이 있는 줄 몰랐어. 무슨 별이야?
disk26	NO54	1990	42	スシャ－ナ「ベルメアすい星よ。３００年に一度地球に接近するすい星なの。後一週間で一番近くを通るのだけど、その時で明るさが５等星ぐらいだからあまり有名ではないわ」	disk26/ｽﾄﾝ2.png	main/linR.png	KO	수잔나: 벨메아 혜성이에요. 300년에 한 번 지구에 접근하는 혜성인데, 앞으로 일주일 뒤 가장 가까이 지나가지만 그때도 밝기가 5등성 정도라 별로 유명한 편은 아니에요.
disk26	NO54	2000	43	デビッド「一番明るくなって５等星・・・俺には月の明るさのように感じるよ」	disk26/ｽﾄﾝ2.png	main/davL.png	KO	데이비드: 제일 밝을 때도 5등성이라고? 내 눈에는 거의 달처럼 밝아 보이는데...
disk26	NO54	2010	44	スシャ－ナ「周りが石で暗いからよ。でも私には、やっとしか見えないけど・・・デビッドは眼がいいのかしら」	disk26/ｽﾄﾝ2.png	main/linR.png	KO	수잔나: 주위가 돌 때문에 어두워서 그래요. 전 겨우 보일 정도인데... 당신은 눈이 좋은가 봐요.
disk26	NO54	2020	45	デビッド「この星を眺めてたら、宇宙のそうだいな力を感じてくるよ。コンサ－ト会場で演ってる事が小さく見えてくる。宇宙の力って凄いね」	disk26/ｽﾄﾝ2.png	main/davL.png	KO	데이비드: 이 별을 보고 있으니 우주의 거대한 힘이 느껴져. 무대에서 이룬 업적도 작게 느껴질 정도야. 우주라는 건 정말 굉장해.
disk26	NO54	2030	46	スシャ－ナ「私なんか星を眺めるとロマンチックな気分になるだけで、デビッドとは違うのね。宇宙のエネルギ－を感じてしまうなんて、どんな気分？」	disk26/ｽﾄﾝ2.png	main/linR.png	KO	수잔나: 저는 별을 보면 로맨틱한 기분만 들 뿐인데, 데이비드는 다르네요. 우주의 에너지를 느끼는 건 어떤 기분이죠?
disk26	NO54	2040	47	デビッド「別に、ただそう思っただけさ・・・まさかスシャ－ナは俺が魔王に変身するとでも思ってるのかい。見てよ、何も変わってないよ」	disk26/ｽﾄﾝ2.png	main/davL.png	KO	데이비드: 아니, 그런 느낌이 들었을 뿐이야... 설마 내가 마왕으로 변할 거라고 생각한 거야? 봐, 멀쩡하잖아.
disk26	NO54	2050	48	スシャ－ナ「でも、デビッドが魔王になって空を飛んだらステキだわ。その時は私を抱いて一緒に連れていってね。まるでス－パ－マンかピ－タ－パンね」	disk26/ｽﾄﾝ2.png	main/linR.png	KO	수잔나: 그래도 데이비드가 마왕이 되어 하늘을 날면 멋질 거예요. 그때는 저를 안고 함께 날아줘요... 슈퍼맨이나 피터 팬처럼 말이죠.
disk26	NO54	2055	49	二人は声を揃えて幸せそうに笑っている	disk26/ｽﾄﾝ2.png	main/linR.png	KO	두 사람은 동시에 행복한 웃음을 터뜨렸다.
disk26	NO54	2060	50	しばらくしてデビッド達の車は、スト－ンヘンジから去った。	disk26/ｽﾄｰﾝ.png	main/linR.png	KO	잠시 후, 두 사람의 차는 스톤헨지를 떠났다.
disk26	NO54	2065	51	巨石の影からクラ－クとヴィンスが現れ、デビッド達がいたスト－ンヘンジの中心に立ち、南の空を眺めている。	disk26/ｽﾄﾝ2.png	main/linR.png	KO	거석 뒤에 모습을 드러낸 클라크와 빈스가 데이비드가 있던 스톤헨지 중심에서 남쪽 하늘을 바라봤다.
disk26	NO54	2080	52	クラ－クが話す。	disk26/ｽﾄﾝ2.png	main/linR.png	KO	클라크가 말한다.
disk26	NO54	2080	53	ヴィンスが話す。	disk26/ｽﾄﾝ2.png	main/linR.png	KO	빈스가 말한다.
disk26	NO54	2200	54	ヴィンス「所長、デビッド達が見ていたすい星が見えますよ。ベルメアすい星ですか？　ただの星と同じにしか見えませんが・・・」	disk26/ｽﾄﾝ2.png	main/ｳｲﾝｽ.png	KO	빈스: 소장님, 그들이 보고 있던 혜성이 보입니다. 벨메아 혜성이라 했죠? 그냥 평범한 별처럼 보이는데요...
disk26	NO54	2210	55	クラ－ク「スシャ－ナは天体にも趣味があったのか？　ベルメアすい星なんて聞いた事もないが、君は知っているのか？」	disk26/ｽﾄﾝ2.png	main/ｸﾗｰｸ.png	KO	클라크: 수잔나는 천체에도 취미가 있었나 보군? 벨메아 혜성 같은 건 처음 들어보는데, 자네는 알고 있었나?
disk26	NO54	2220	56	ヴィンス「ハレ－すい星なら知ってますが、それ以外は・・・スシャ－ナが知っているのは変ですか？　普通のアベックなら夜の空を見て星の話をしますよ」	disk26/ｽﾄﾝ2.png	main/ｳｲﾝｽ.png	KO	빈스: 핼리 혜성이라면 알지만 그 외에는 잘... 수잔나가 알고 있는 게 이상한가요? 평범한 연인들이라면 밤하늘을 보면서 별 얘기도 하잖아요.
disk26	NO54	2230	57	クラ－クは辺りを調べるように見回していたが、ヴィンスと共に車に乗ってスト－ンヘンジから去った。	disk26/ｽﾄｰﾝ.png	main/ｳｲﾝｽ.png	KO	클라크는 주위를 조사하듯이 둘러본 뒤, 빈스와 함께 차에 타고 스톤헨지를 떠났다.
disk26	NO54	10000	101	ＤＡＴＡをＳＡＶＥしますか？　Ｙ／Ｎ	disk26/ｽﾄｰﾝ.png	main/ｳｲﾝｽ.png	KO	
disk26	NO54	10040	107	ドライブ１に、ＳＡＶＥ・ディスクを入れて下さい。	disk26/ｽﾄｰﾝ.png	main/ｳｲﾝｽ.png	KO	
disk26	NO54	10070	109	ドライブ１のディスクが違います。	disk26/ｽﾄｰﾝ.png	main/ｳｲﾝｽ.png	KO	드라이브 1의 디스크가 다릅니다.
disk26	NO54	10110	110	ＳＡＶＥしました。ドライブ１のディスクに、ＭＡＩＮディスクを入れて下さい。	disk26/ｽﾄｰﾝ.png	main/ｳｲﾝｽ.png	KO	
disk26	NO54	10150	112	ドライブ１のディスクが違います。	disk26/ｽﾄｰﾝ.png	main/ｳｲﾝｽ.png	KO	드라이브 1의 디스크가 다릅니다.
disk26	NO55	900	0	デビッドが話す。	disk26/ｽﾄｰﾝ.png	main/ｳｲﾝｽ.png	KO	데이비드가 말한다.
disk26	NO55	900	1	スシャ－ナが話す。	disk26/ｽﾄｰﾝ.png	main/ｳｲﾝｽ.png	KO	수잔나가 말한다.
disk26	NO55	900	2	クラ－クが話す。	disk26/ｽﾄｰﾝ.png	main/ｳｲﾝｽ.png	KO	클라크가 말한다.
disk26	NO55	900	3	ヴィンスが話す。	disk26/ｽﾄｰﾝ.png	main/ｳｲﾝｽ.png	KO	빈스가 말한다.
disk26	NO55	1000	4	ホテルのダブルのベッドで、スシャ－ナが軽い寝息をたてて寝ている。隣で寝ていたデビッドが身体を起こし部屋の中を見回している。	disk26/Hﾍｯﾄ.png	main/ｳｲﾝｽ.png	KO	호텔의 더블베드에서 수잔나는 조용히 잠들어 있었다. 그 옆에 누워 있던 데이비드가 문득 몸을 일으켜 방 안을 둘러보았다.
disk26	NO55	1010	5	「・・・デビッド・・・」　・・・誰かに声をかけられたような・・・それも男の声で、しかし部屋の中にはスシャ－ナが寝てるだけで、他にいる筈がないし・・・	disk26/Hﾍｯﾄ.png	main/ｳｲﾝｽ.png	KO	"""...데이비드...""
...누군가 부른 것 같은데... 남자의 목소리야. 하지만 방 안에는 잠든 수잔나만 있을 뿐, 다른 사람이 있을 리가 없어..."
disk26	NO55	1020	6	「デビッド・・・」　うっ！　誰かが俺の名を呼んでいる・・・	disk26/Hﾍｯﾄ.png	main/ｳｲﾝｽ.png	KO	"""...데이비드...""
윽! 누군가 내 이름을 부르고 있어..."
disk26	NO55	1040	7	声を聞く。	disk26/Hﾍｯﾄ.png	main/ｳｲﾝｽ.png	KO	목소리를 듣는다.
disk26	NO55	1170	8	フロオス王が話す。	disk26/Hﾍｯﾄ.png	main/ｳｲﾝｽ.png	KO	플로스 왕이 말한다.
disk26	NO55	1200	9	声「デビッド・・・」	disk26/ﾌﾛｵｽ.png	main/ｳｲﾝｽ.png	KO	목소리: 데이비드...
disk26	NO55	1210	10	デビッド「お前は誰だ！　どこに隠れてる！」	disk26/ﾌﾛｵｽ.png	main/ｳｲﾝｽ.png	KO	데이비드: 누구야! 어디에 숨어 있는 거야!
disk26	NO55	1220	11	フロオス「私は、お前の血の中で生き続けてきたフロオス王だ。暗黒の星が呼んでいる。魔王としての復活の時がきたのだ」	disk26/ﾌﾛｵｽ.png	main/ｳｲﾝｽ.png	KO	플로스: 나는 네 피 속에서 살아온 플로스 왕이다. 암흑의 별이 부르고 있다. 마왕으로 부활할 때가 온 것이다.
disk26	NO55	1230	12	その声があまりにもはっきりと聞こえたので、デビッドは部屋の中をもう一度見回したが、やはりスシャ－ナ以外に誰もいない。	disk26/ﾌﾛｵｽ.png	main/ｳｲﾝｽ.png	KO	환청이라고 하기에는 너무도 선명했기에 데이비드는 다시 방 안을 둘러보았지만, 잠든 수잔나 외에는 아무도 없었다.
disk26	NO55	1240	13	フロオス「お前が北の一族の血を見る事で、私の血はたぎり魔王として復活できる。それも暗黒の星が地球を照らす僅かな時しか復活は望めない」	disk26/ﾌﾛｵｽ.png	main/ｳｲﾝｽ.png	KO	플로스: 네가 북방 일족의 피를 봄으로써 네 안의 내 피가 끓어올라 마왕으로 부활할 수 있다. 하지만 그것도 암흑의 별이 지구를 비추는 아주 짧은 시간에만 가능하다.
disk26	NO55	1250	14	デビッド「魔王の血が俺に受け継がれていると言うのか？　しかし今の俺には魔王になる必要も無いし望んでもいない。今のままの俺で十分だ！」	disk26/ﾌﾛｵｽ.png	main/ｳｲﾝｽ.png	KO	데이비드: 내 몸에 마왕의 피가 흐른다는 거야? 하지만 난 마왕이 될 이유도 없고 그럴 생각도 없어! 지금의 나로 충분하다고!
disk26	NO55	1260	15	フロオス「そうはいかない。北の王は魔王の血を断つために、お前を追いつめ殺そうとするだろう。戦いは暗黒の星が地球を照らした時から、すでに始まっているのだ」	disk26/ﾌﾛｵｽ.png	main/ｳｲﾝｽ.png	KO	플로스: 그럴 수 없다. 북방의 왕은 마왕의 피를 끊기 위해 너를 찾아내 죽이려 할 것이다. 암흑의 별이 지구를 비추기 시작한 순간부터 이미 싸움은 시작됐다.
disk26	NO55	1270	16	デビッド「北の王など今の時代にいる筈がないのに、お前は俺に悪夢や幻想を見せつけ、遥か古代の復讐を・・・たとえ北の王がいたとしても、俺は人殺しなど出来ない！」	disk26/ﾌﾛｵｽ.png	main/ｳｲﾝｽ.png	KO	데이비드: 이 시대에 북방의 왕 같은 게 존재할 리 없어! 그런데 넌 계속 악몽과 환상을 보여 주면서 고대의 복수를 나한테 떠넘기려 해... 설령 북방의 왕이 실제로 존재한다고 해도 난 사람을 죽이지 않아!
disk26	NO55	1280	17	フロオス「お前は、暗黒の星の光を受け、すでに魔王としての力が現れ北の一族が気づいている。魔王になる事を避ければ死を意味する事になるのだ」	disk26/ﾌﾛｵｽ.png	main/ｳｲﾝｽ.png	KO	플로스: 너는 이미 암흑의 별빛을 받아 마왕의 힘을 각성하기 시작했고, 북방 일족도 그것을 감지했다. 마왕의 숙명을 거부한다면 기다리는 것은 죽음뿐이다.
disk26	NO55	1290	18	デビッド「魔王の力が？　そんな馬鹿な、いいかげんにしてくれ！」	disk26/ﾌﾛｵｽ.png	main/ｳｲﾝｽ.png	KO	데이비드: 마왕의 힘? 말도 안 되는 소리 좀 그만해!
disk26	NO55	1300	19	デビッドは大声を上げて叫んだので、スシャ－ナは眼を覚ましてしまった。	disk26/Hﾍｯﾄ.png	main/ｳｲﾝｽ.png	KO	데이비드가 소리를 지르는 바람에 수잔나가 잠에서 깨어났다.
disk26	NO55	1500	20	スシャ－ナ「どうしたのデビッド？　誰と話しているの？」	disk26/Hﾍｯﾄ.png	main/linR.png	KO	수잔나: 데이비드, 왜 그래요? 지금 누구와 이야기한 거예요?
disk26	NO55	1510	21	スシャ－ナの声でデビッドは、我に戻った。フロオス王の声を感じなくなっていた。	disk26/Hﾍｯﾄ.png	main/linR.png	KO	수잔나의 목소리에 데이비드는 정신을 차렸다. 플로스 왕의 목소리도 들리지 않게 되었다.
disk26	NO55	1520	22	スシャ－ナ「汗びっしょりよ。悪夢を見たのね」	disk26/Hﾍｯﾄ.png	main/linR.png	KO	수잔나: 땀으로 흠뻑 젖었잖아요. 또 악몽 꾼 거예요?
disk26	NO55	1530	23	デビッド「悪夢でも幻想でも無い。フロオス王が現れ、俺が魔王の血を受け継いでいると言うんだ。俺も信じたくはないがこうなると、現実として認めるしかないようだ」	disk26/Hﾍｯﾄ.png	main/davL.png	KO	데이비드: 이번엔 악몽도 환상도 아니었어. 플로스 왕이 나타나 내가 마왕의 피를 이어받았다고 말했어. 나도 믿고 싶진 않지만, 이제는 현실이라고 받아들일 수밖에 없을 것 같아.
disk26	NO55	1540	24	スシャ－ナ「フロオス王が・・・私には何も聞こえなかったわ。やはりデビッドには、私達に無い力があったのね。フロオス王はなんて言ったの？」	disk26/Hﾍｯﾄ.png	main/linR.png	KO	수잔나: 플로스 왕이요...? 전 아무 소리도 못 들었어요. 역시 데이비드에게는 특별한 힘이 있는 모양이네요. 플로스 왕이 뭐라고 했어요?
disk26	NO55	1550	25	デビッド「暗黒の星が近づいた時、俺が北の一族の血を見る事で、魔王の血がよみがえるから北の王に復讐しろと・・・俺にはとても人殺しなど出来ないよ」	disk26/Hﾍｯﾄ.png	main/davL.png	KO	데이비드: 암흑의 별이 가까워졌을 때, 내가 북방 일족의 피를 보면 마왕의 피가 되살아나니까 북방의 왕에게 복수하라고... 난 도저히 사람을 죽일 자신이 없어.
disk26	NO55	1560	26	スシャ－ナ「暗黒の星・・・宇宙の闇の果てから・・・もしかしてベルメアすい星が暗黒の星だとしたら、一週間後が一番地球に接近する日よ。北の王がどこにいるのか言ってなかった？」	disk26/Hﾍｯﾄ.png	main/linR.png	KO	수잔나: 암흑의 별이... 우주의 어둠 너머에서 온다면... 만약 벨메아 혜성이 암흑의 별이라면 일주일 뒤가 지구에 가장 가까워지는 날이에요. 북방의 왕이 어디 있는지는 말 안 했나요?
disk26	NO55	1570	27	デビッド「いや何も・・・ただ俺に魔王の力が現れてきたから、北の一族が俺を殺しに来るらしいんだ。スシャ－ナ、旅行は中止にして一人で帰ってくれないか？」	disk26/Hﾍｯﾄ.png	main/davL.png	KO	데이비드: 아니, 그런 말은 없었어... 그저 내게 마왕의 힘이 깨어났으니까 북방 일족이 나를 죽이러 올 거라고 했어. 수잔나, 여행은 여기서 끝낼 테니 너 혼자 돌아가줘.
disk26	NO55	1580	28	スシャ－ナ「いや！　デビッドなしではいられないわ。幻想のスシャ－ナだって王を守って荒野をさまよっていたのでしょう。私だって同じ事しか出来ないわ」	disk26/Hﾍｯﾄ.png	main/linR.png	KO	수잔나: 싫어요! 데이비드 없이는 못 가요. 환상 속의 수잔나도 왕을 지키며 황야를 떠돌았잖아요. 저도 똑같이 곁에 있을 거예요.
disk26	NO55	1590	29	デビッド「スシャ－ナ、とんでもない休暇旅行になってしまったな。もし俺が魔王になったら、俺自身はどうなるのかな？・・・音楽だって続けられるのか不安だよ」	disk26/Hﾍｯﾄ.png	main/davL.png	KO	데이비드: 수잔나, 휴가가 완전히 엉망이 돼버렸네. 만약 정말 내가 마왕이 되면, 나는 어떻게 되는 걸까? ...음악을 계속할 수 있을까?
disk26	NO55	1600	30	スシャ－ナ「デビッド、元気をだして。さあ薬を飲んで睡眠をとらないと・・・」	disk26/Hﾍｯﾄ.png	main/linR.png	KO	수잔나: 데이비드, 기운을 내요. 일단 약 먹고 좀 자세요...
disk26	NO55	1610	31	デビッドは薬を飲むと少し不安が消え、スシャ－ナに抱かれるように眠ってしまった。	disk26/Hﾍｯﾄ.png	main/linR.png	KO	데이비드는 약을 먹고 조금 마음이 진정됐는지, 수잔나의 품에 안기듯 그대로 잠들었다.
disk26	NO55	1620	32	デビッド達は、翌朝はやくホテルをたちＡ３０道路をバ－スに向けて車を走らせていた。	disk26/ｸﾙﾏD.png	main/linR.png	KO	다음 날 이른 아침, 두 사람은 호텔을 떠나 A30 도로를 따라 바스를 향해 달렸다.
disk26	NO55	1900	33	スシャ－ナ「私が育った田舎の［ハワ－ズ］に着けば、死んだ母の友達もいるし、子供の頃の私を育ててくれたランズさん夫婦も健在だから、デビッドを守ってくれるわ」	disk26/ｸﾙﾏD.png	main/linR.png	KO	수잔나: 제가 자란 `하워스'에 가면 돌아가신 어머니의 친구들도 있고, 어린 시절 저를 돌봐 주신 랜즈 씨 부부도 건강하게 지내시니까 데이비드를 지켜 줄 거예요.
disk26	NO55	1910	34	デビッド「北の一族が襲って来ると言っても、それは遥か昔の事で、今の時代に起こると思う？　いまは警察だってあるし」	disk26/ｸﾙﾏD.png	main/davL.png	KO	데이비드: 북방 일족이 습격해 온다고 해도 그건 아주 오래 전 이야기인데, 지금 시대에도 그런 일이 벌어질까? 지금은 경찰도 있잖아.
disk26	NO55	1920	35	スシャ－ナ「でもデビッドの悪夢や幻想は普通と違うわ。全てが魔王の血に結ばれているようで、北の王が実在しても不思議でないわ」	disk26/ｸﾙﾏD.png	main/linR.png	KO	수잔나: 하지만 당신의 악몽과 환상은 평범하지 않잖아요. 모든 것이 마왕의 피로 이어져 있다면, 북방의 왕도 실제로 존재한다고 해도 이상하지 않아요.
disk26	NO55	1930	36	デビッド「いまバ－スを通りこしたからもうすぐブリストルだ。ブリストルからはＭ５高速道路を走るから、ブリストルに入ったらどこかで休憩して昼食にしようよ」	disk26/ｸﾙﾏD.png	main/davL.png	KO	데이비드: 방금 바스를 지났으니 곧 브리스톨이야. 거기서부터는 M5를 탈 테니까 브리스톨에 들어가면 잠깐 쉬면서 점심이나 먹자고.
disk26	NO55	1940	37	スシャ－ナ「そうね。少しはやいけど朝食を食べてなかったから丁度いいかも知れないわね」	disk26/ｸﾙﾏD.png	main/linR.png	KO	수잔나: 그래요, 조금 이른 시간이긴 하지만 아침도 건너뛰었으니까 딱 좋겠네요.
disk26	NO55	1950	38	デビッドはブリストルに入ると車を、レストラン［マックスウェル・プラム］で止めた。	disk26/ﾚｽﾄﾗ.png	main/linR.png	KO	브리스톨에 들어선 데이비드는 레스토랑 `맥스웰 플럼' 앞에 차를 세웠다.
disk26	NO55	1960	39	デビッド達がテーブルに座ると、その後からクラ－クとヴィンスが入ってきて近くのテーブルに座った。	disk26/ﾚｽﾄ.png	main/linR.png	KO	두 사람이 테이블에 앉자, 그 뒤를 따라 들어온 클라크와 빈스가 가까운 테이블에 앉았다.
disk26	NO55	2100	40	ヴィンス「デビッドの部屋のドアに、リモコン・スイッチを取り付けて正解でしたね。いつも昼にしか起きないデビッドが、朝はやくホテルを出るなんて・・・何か起こったようですよ」	disk26/ﾚｽﾄ.png	main/ｳｲﾝｽ.png	KO	빈스: 데이비드 방 문에 감지 장치를 달아 두길 잘했네요. 늘 점심때나 일어나던 사람이 아침부터 호텔을 나서다니... 분명 무슨 일이 생긴 겁니다.
disk26	NO55	2110	41	クラ－ク「そうだな、依頼人に電話をした時に、ベルメアすい星の事を話したら何度も聞き返してきたんだ。そしてデビッドの動きに注意しろと・・・何かあるな・・・」	disk26/ﾚｽﾄ.png	main/ｸﾗｰｸ.png	KO	클라크: 그렇겠지. 의뢰인에게 벨메아 혜성 이야기를 했더니 몇 번이나 다시 물어보더군. 그러고는 데이비드의 움직임을 주의 깊게 살피라고... 뭔가 있는 게 분명해...
disk26	NO55	2120	42	ヴィンス「いやですね。この調査を始めてから何か気になる殺人が起こるし、といって特別関係もないし・・・これから先もスシャ－ナの行く所で殺人事件がきっと起こりますよ」	disk26/ﾚｽﾄ.png	main/ｳｲﾝｽ.png	KO	빈스: 기분 나쁘네요. 이 조사를 시작한 뒤로 묘하게 신경 쓰이는 살인 사건들이 계속 발생했잖아요. 그렇다고 확실한 연관성도 없고... 이러다 수잔나가 가는 곳마다 또 살인 사건이 터지는 거 아닙니까?
disk26	NO55	2130	43	クラ－ク「俺の知り合いの探偵に依頼人の調査を頼むか。俺の名前を伏せて調査をさせれば気づかれないし、依頼人の連絡用に使っている電話番号から探ってもらうとするか・・・」	disk26/ﾚｽﾄ.png	main/ｸﾗｰｸ.png	KO	클라크: 내가 아는 다른 탐정에게 의뢰인의 뒷조사를 맡겨 볼까 고민 중이네. 몰래 조사를 시키면 눈치채지 못할 테니, 의뢰인과 연락할 때 쓰는 전화번호부터 추적하면 뭔가 나오겠지...
disk26	NO55	2140	44	ヴィンス「そうお願いします。敵を知るには味方を知らないと・・・」	disk26/ﾚｽﾄ.png	main/ｳｲﾝｽ.png	KO	빈스: 그러는 게 좋겠습니다. 적을 알려면 우선 우리 편인지 알아야겠죠...
disk26	NO55	2150	45	クラ－ク「よし、電話をしてくるから、君はデビッド達を見張っててくれ」	disk26/ﾚｽﾄ.png	main/ｸﾗｰｸ.png	KO	클라크: 좋아. 내가 전화하고 올 테니 자네는 계속 두 사람을 잘 지켜보게.
disk26	NO55	2160	46	クラ－クは電話をかけに行った。	disk26/ﾚｽﾄ.png	main/ｸﾗｰｸ.png	KO	클라크는 전화 부스로 걸음을 옮겼다.
disk26	NO55	3000	47	ＣＤ－ＲＯＭよりＤＡＴＡの読み込みを始めます。ＨＩＴ　ＡＮＹ　ＫＥＹ	disk26/ﾚｽﾄ.png	main/ｸﾗｰｸ.png	KO	CD-ROM에서 데이터 읽습니다. 아무 키나 눌러주세요.
disk26	NO55	3010	48	　　　　　　　　ＣＤ－ＲＯＭよりＤＡＴＡを読み込み中	disk26/ﾚｽﾄ.png	main/ｸﾗｰｸ.png	KO	데이터를 읽는 중...
disk26	NO55	10000	77	ＤＡＴＡをＳＡＶＥしますか？　Ｙ／Ｎ	disk26/ﾚｽﾄ.png	main/ｸﾗｰｸ.png	KO	
disk26	NO55	10040	83	ドライブ１に、ＳＡＶＥ・ディスクを入れて下さい。	disk26/ﾚｽﾄ.png	main/ｸﾗｰｸ.png	KO	
disk26	NO55	10070	85	ドライブ１のディスクが違います。	disk26/ﾚｽﾄ.png	main/ｸﾗｰｸ.png	KO	드라이브 1의 디스크가 다릅니다.
disk26	NO55	10110	86	ＳＡＶＥしました。ドライブ１のディスクに、ＭＡＩＮディスクを入れて下さい。	disk26/ﾚｽﾄ.png	main/ｸﾗｰｸ.png	KO	
disk26	NO55	10150	88	ドライブ１のディスクが違います。	disk26/ﾚｽﾄ.png	main/ｸﾗｰｸ.png	KO	드라이브 1의 디스크가 다릅니다.
disk27	NO56	900	0	デビッドが話す。			KO	데이비드가 말한다.
disk27	NO56	900	1	スシャ－ナが話す。			KO	수잔나가 말한다.
disk27	NO56	900	2	クラ－クが話す。			KO	클라크가 말한다.
disk27	NO56	900	3	ヴィンスが話す。			KO	빈스가 말한다.
disk27	NO56	900	4	ギルドが話す。			KO	길드가 말한다.
disk27	NO56	900	5	アンリ－が話す。			KO	앙리가 말한다.
disk27	NO56	1000	6	クラ－クが電話ＢＯＸに入って電話をしていると、スシャ－ナがきて電話ＢＯＸの外で待っていた。	disk27/TEL.png		KO	클라크가 공중전화 부스 안에서 통화하던 중, 수잔나가 걸어와 부스 밖에서 순서를 기다리며 서 있었다.
disk27	NO56	1010	7	電話を終えたクラ－クはスシャ－ナの隙を見て、気づかれないようにテ－ブルに戻った。	disk27/TEL.png		KO	통화를 마친 클라크는 수잔나가 눈치채지 못하도록 틈을 봐서 자기 테이블로 돌아갔다.
disk27	NO56	1020	8	スシャ－ナがテ－ブルに戻るとクラ－クは、また電話ＢＯＸに入り戻ってきた。	disk27/TEL.png		KO	수잔나가 테이블로 돌아가자, 클라크는 다시 전화박스에 들어갔다가 돌아왔다.
disk27	NO56	1200	9	ヴィンス「うまく電話の盗聴ができてますかね。巻き戻して聞きましょうよ」	disk27/ﾚｽﾄ.png	main/ｳｲﾝｽ.png	KO	빈스: 잘 녹음됐을까요? 얼른 되감아서 들어보죠.
disk27	NO56	1210	10	クラ－ク「偶然といえ、俺の次にスシャ－ナが電話をかけるとは思わなかったよ。ポケットに電話の盗聴レコ－ダ－が入っていたのも運が良かった」	disk27/ﾚｽﾄ.png	main/ｸﾗｰｸ.png	KO	클라크: 우연치고는 기막히군. 내 다음에 수잔나가 전화할 줄이야. 마침 도청용 녹음기를 가지고 있었던 것도 운이 좋았군.
disk27	NO56	1220	11	ヴィンス「ねぇ、聞かせて下さいよ。盗聴したテ－プが眼の前にあると落ち着かなくって・・・」	disk27/ﾚｽﾄ.png	main/ｳｲﾝｽ.png	KO	빈스: 빨리 좀 들어보죠. 녹음 테이프가 눈앞에 있으니까 궁금해서 미치겠어요...
disk27	NO56	1230	12	クラ－ク「まず俺が聞いて・・・まずい、デビッド達が出て行くようだ」	disk27/ﾚｽﾄ.png	main/ｸﾗｰｸ.png	KO	클라크: 먼저 내가 듣고... 이런, 수잔나가 나가려는 모양이네.
disk27	NO56	1240	13	デビッド達は会計を済ませて外に出ていった。クラ－ク達は、あわててテ－ブルをたった。	disk27/ﾚｽﾄ.png	main/ｸﾗｰｸ.png	KO	두 사람은 계산을 마치고 밖으로 나갔다. 탐정들도 황급히 테이블에서 일어났다.
disk27	NO56	1250	14	Ａ３０高速道路をデビッドの車とヴィンスの運転する車が走っている。週末じゃなく道路がすいていたので、２台の車はかなりのスピ－ドで走っている。	disk27/Kｸﾙﾏ.png	main/ｸﾗｰｸ.png	KO	A30 고속도로를 데이비드의 차와 빈스가 운전하는 차가 달리고 있었다. 평일이라 도로가 한산한 덕분에 두 차량 모두 상당한 속도를 내고 있었다.
disk27	NO56	1260	15	ヴィンス「所長、盗聴したテ－プを聞きましょう。車の中なら音をだしても人に聞かれる心配はありませんから」	disk27/Kｸﾙﾏ.png	main/ｳｲﾝｽ.png	KO	빈스: 소장님, 녹음테이프를 들어보죠. 차 안이라면 소리를 키워도 다른 사람이 들을 걱정은 없잖아요.
disk27	NO56	1270	16	クラ－クはカセットをセットした。ノイズまじりの声が聞こえてきた。	disk27/Kｸﾙﾏ.png	main/ｳｲﾝｽ.png	KO	클라크는 테이프를 재생하자, 잡음이 섞인 목소리가 흘러나왔다.
disk27	NO56	1280	17	スシャ－ナ「今日中に、そちらに着きますから明日、皆さんに例の場所に集まるように連絡を入れて下さい。デビッドは間違いなく受け継がれた者ですが、私達の事はまだ・・・」	disk27/Kｸﾙﾏ.png	main/ｳｲﾝｽ.png	KO	수잔나: 오늘 안으로 그쪽에 도착할 테니, 내일 모두에게 그 장소로 모이라고 전해 주세요. 데이비드가 계승자라는 건 틀림없지만 아직 우리에 대해서는...
disk27	NO56	1290	18	電話の相手「貴方達は今どこにいるの？　北の一族が動きだしたら・・・心配だからはやくきてね」	disk27/Kｸﾙﾏ.png	main/ｳｲﾝｽ.png	KO	전화 상대: 지금 어디쯤입니까? 북방 일족이 움직이기 시작하면 위험해요... 걱정되니까 빨리 와줘요.
disk27	NO56	1300	19	スシャ－ナ「北の一族については、デビッドもまだ知らないようですが、探偵の二人組は今もついて来ています。彼等の依頼人について何か・・・」	disk27/Kｸﾙﾏ.png	main/ｳｲﾝｽ.png	KO	수잔나: 북방 일족의 정체는 데이비드도 아직 모르는 것 같아요. 그리고 그 탐정 두 명은 지금도 우리를 따라오고 있어요. 그들의 의뢰인에 대해서는 알아낸 게 있나요?
disk27	NO56	1310	20	電話の相手「依頼人の写真は撮れたけど、尾行は失敗して何も手がかりがつかめないのよ」	disk27/Kｸﾙﾏ.png	main/ｳｲﾝｽ.png	KO	전화 상대: 의뢰인의 사진까지는 찍었지만, 미행에는 실패해서 아직 정체를 알아낼 단서는 없습니다.
disk27	NO56	1320	21	スシャ－ナ「依頼人の正体がわかるまで二人をもう少し泳がして様子を見ましょう。またチャンスがあるかも知れませんから、ではよろしくお願いします」	disk27/Kｸﾙﾏ.png	main/ｳｲﾝｽ.png	KO	수잔나: 의뢰인의 정체를 알 때까지 두 사람을 조금 더 풀어 놓고 지켜보죠. 또 기회가 있을지도 모르니까요. 그럼 부탁드립니다.
disk27	NO56	1330	22	電話はそこで終わっていた。	disk27/Kｸﾙﾏ.png	main/ｳｲﾝｽ.png	KO	녹음된 통화는 거기서 끝났다.
disk27	NO56	1500	23	ヴィンス「電話の相手も女ですね。二人組の探偵って僕達の事ですよ。スシャ－ナは尾行されていたのを知っていたのですよ。これからどうします？」	disk27/Kｸﾙﾏ.png	main/ｳｲﾝｽ.png	KO	빈스: 상대방도 여자군요. 탐정 두 명은 우리를 말하는 거잖아요. 수잔나는 진작부터 미행당하는 걸 알고 있었군요. 이제 어쩌죠?
disk27	NO56	1510	24	クラ－ク「ロンドン塔での張り込みは俺達を調べるわなだったのだ。相手に気づかれたのなら、これからは堂々と調査をすればいい」	disk27/Kｸﾙﾏ.png	main/ｸﾗｰｸ.png	KO	클라크: 런던탑에서의 산책은 우리를 조사하려는 덫이었던 거군. 이미 들켰다면 앞으로 숨어 다닐 필요도 없겠네.
disk27	NO56	1520	25	ヴィンス「デビッドの行く先はハワ－ズでしょう。今日中に行くとしたらハ－ドな運転になりますから、どこかで泊まる筈です」	disk27/Kｸﾙﾏ.png	main/ｳｲﾝｽ.png	KO	빈스: 데이비드의 목적지는 하워스겠죠. 오늘 안에 도착하려면 너무 빡빡할 테니, 어디선가 묵을 겁니다.
disk27	NO56	1530	26	クラ－ク「ついて行けばどこに泊まるかわかるさ。それよりスシャ－ナ達も俺達の依頼人を調べているようだ。北の一族とか言ってたが・・・」	disk27/Kｸﾙﾏ.png	main/ｸﾗｰｸ.png	KO	클라크: 따라가면 어디에 묵는지 알 수 있겠지. 그보다 수잔나도 우리 의뢰인을 조사하는 모양이야. 북방 일족이라고 말했는데...
disk27	NO56	1540	27	デビッド達の車は高速道路を降りると、シェイクスピアの生まれた、イングランド中部のストラトフォ－ドに入った。	disk27/ｶﾜ.png	main/ｸﾗｰｸ.png	KO	두 사람은 고속도로를 빠져나와 셰익스피어의 고향인 잉글랜드 중부의 스트랫퍼드에 들어갔다.
disk27	NO56	1560	28	エイボン川がゆるやかに流れる田園風景の中を車が走る。	disk27/ｶﾜ.png	main/ｸﾗｰｸ.png	KO	에이번강이 완만하게 흐르는 전원 풍경 속을 차가 달려나갔다.
disk27	NO56	1570	29	デビッド達の車は町に入らずにエイボン川の支流になる農業用の小さな水路・エイボン運河ぞいの道を走っていた。	disk27/ｶﾜ.png	main/ｸﾗｰｸ.png	KO	두 사람은 마을로 들어가지 않고 에이번강으로 이어지는 작은 농업용 수로인 에이번 운하를 따라 난 길을 달리고 있었다.
disk27	NO56	1580	30	広い畑の中に一軒の農家が見えて来た。デビッド達の車はその農家の前で止まった。	disk27/ﾉｳｶ.png	main/ｸﾗｰｸ.png	KO	드넓은 밭 한가운데 농가가 보이기 시작했고, 두 사람은 그 농가 앞에서 차를 세웠다.
disk27	NO56	1590	31	スシャ－ナが戸をたたくと、中から５０才前後の中年の夫婦が笑顔で出迎えて、デビッドとスシャ－ナを家の中に招いた。	disk27/ﾉｳｶ.png	disk43/ｱﾝﾘｰ.png	KO	수잔나가 문을 두드리자, 오십 전후로 보이는 부부가 반갑게 웃으며 나와 두 사람을 집 안으로 맞아들였다.
disk27	NO56	1600	32	その様子をクラ－ク達は遠くから車を止め見ていたが、二人とも車から降りる気配はない。	disk27/ﾉｳｶ.png	disk43/ｱﾝﾘｰ.png	KO	멀리 차를 세워 둔 탐정들은 그 모습을 지켜볼 뿐 차에서 내리지는 않았다.
disk27	NO56	1610	33	家の中に入ったスシャ－ナは、夫婦にデビッドを紹介していた。	disk27/ﾍﾔﾅｶ.png	main/linR.png	KO	집 안으로 들어간 수잔나는 부부에게 데이비드를 소개했다.
disk27	NO56	1800	34	スシャ－ナ「デビッド、私の母の友人でギルド・ホ－リ－さんとアンリ－夫人よ。母が生きている頃、よく遊びにきてたの」	disk27/ﾍﾔﾅｶ.png	main/linR.png	KO	수잔나: 데이비드, 제 어머니의 친구인 길드 홀리 씨와 앙리 부인이에요. 어머니가 살아 계실 때 자주 놀러 왔었어요.
disk27	NO56	1810	35	スシャ－ナ「田舎に行く途中、急にホ－リ－さん達の事を思い出して会いたくなったの。一晩泊めていただいてもいいかしら？」	disk27/ﾍﾔﾅｶ.png	main/linR.png	KO	수잔나: 가는 길에 갑자기 두 분 생각이 나서 찾아왔어요. 오늘 하룻밤 여기서 묵어도 괜찮을까요?
disk27	NO56	1820	36	アンリ－「こんな家でよかったら何日でも泊まって下さい。いつも主人と二人だから貴方達なら大歓迎よ」	disk27/ﾍﾔﾅｶ.png	disk43/ｱﾝﾘｰ.png	KO	앙리: 이런 누추한 집이라도 괜찮다면 며칠이고 있어도 돼요. 늘 우리 둘뿐이라 두 사람이 묵어주면 오히려 대환영이죠.
disk27	NO56	1830	37	スシャ－ナ「ギルドさんは、まだ魔導師の研究をなさってるの？」	disk27/ﾍﾔﾅｶ.png	main/linR.png	KO	수잔나: 길드 씨, 아직도 마도술 연구를 계속하세요?
disk27	NO56	1840	38	ギルド「スシャ－ナのお母さんみたいに凄くはないが・・・趣味なら当たらない占いでも、皆な喜んで聞きに来てくれるよ。スシャ－ナはどうなんだ？」	disk27/ﾍﾔﾅｶ.png	disk43/ｷﾞﾙﾄ.png	KO	길드: 네 엄마만큼 대단하진 않지만, 취미라서 점이 좀 틀려도 동네 사람들은 좋아하며 찾아오거든. 넌 어떠니?
disk27	NO56	1850	39	スシャ－ナ「大人になったら自分で働かないといけないから、魔術は忘れてしまったの、また暇になったら魔導師の研究でもしてみるわ」	disk27/ﾍﾔﾅｶ.png	main/linR.png	KO	수잔나: 어른이 되고 나서는 먹고살기 바빠서 마술은 거의 잊어버렸어요. 나중에 여유가 생기면 다시 공부해볼까 해요.
disk27	NO56	1860	40	デビッド「えっ！　スシャ－ナが魔導師！？」	disk27/ﾍﾔﾅｶ.png	main/davL.png	KO	데이비드: 뭣! 수잔나가 마도사였어!?
disk27	NO56	1870	41	スシャ－ナ「母が魔導師だったの。母は魔導師として有名だったので、私は母がしているのを真似てみただけよ。トカゲやカエルなんて手で触れたりできないわ」	disk27/ﾍﾔﾅｶ.png	main/linR.png	KO	수잔나: 어머니가 마도사였어요. 어머니는 마도사로 유명해서 어머니가 하는 걸 흉내 내봤을 뿐이에요. 도마뱀이나 개구리 같은 걸 맨손으로 만지는 건 못 해요.
disk27	NO56	1880	42	デビッド「幻想のスシャ－ナも魔導師だったよ。スシャ－ナもその血を継いでいるかもしれないな。がんばれば一流の魔導師になれるかも知れないよ」	disk27/ﾍﾔﾅｶ.png	main/davL.png	KO	데이비드: 환상 속의 수잔나도 마도사였어. 수잔나도 그 피를 이어받고 있을지도 모르겠네. 노력하면 일류 마도사가 될 수도 있겠는 걸.
disk27	NO56	1890	43	アンリ－が奥の部屋から声をかけている。	disk27/ﾍﾔﾅｶ.png	main/davL.png	KO	안쪽 방에서 앙리의 목소리가 들려왔다.
disk27	NO56	1900	44	アンリ－「夕食の支度ができましたよ。突然なので田舎料理しか出来なかったけれど、町のレストランよりおいしいわよ」	disk27/ﾍﾔﾅｶ.png	disk43/ｱﾝﾘｰ.png	KO	앙리: 저녁 준비가 됐어요. 갑자기 오셔서 변변치 못한 음식밖에는 못 만들었지만, 시내 레스토랑보다 맛있을 거예요.
disk27	NO56	1910	45	いつのまに用意されたのか、次の間のテ－ブルの上は、料理で飾られている。	disk27/ﾍﾔﾅｶ.png	disk43/ｱﾝﾘｰ.png	KO	언제 준비했는지, 옆방의 식탁은 음식으로 가득 차 있었다.
disk27	NO56	1920	46	ホ－リ－夫妻はデビッドにも気をつかってか、話は音楽が中心となり話がはずみ、食事は夜遅くまで続いた。	disk27/ﾍﾔﾅｶ.png	disk43/ｱﾝﾘｰ.png	KO	홀리 부부는 데이비드를 배려해 주로 음악 이야기를 꺼냈고, 대화가 무르익으면서 식사는 밤늦게까지 계속됐다.
disk27	NO56	1930	47	スシャ－ナ「デビッド、外に出て散歩をしない？　この辺りは畑でパブのネオンはないけれど空気がすんで気持ちがいいのよ」	disk27/ﾍﾔﾅｶ.png	main/linR.png	KO	수잔나: 데이비드, 우리 밖에 나가서 좀 걸을래요? 여기엔 술집이나 네온사인은 없지만 공기가 정말 맑아서 기분 좋아요.
disk27	NO56	1935	48	デビッドも話くたびれていたし、スシャ－ナと二人きりになる方がよかったので、外にでて散歩する事にした。	disk27/ﾍﾔﾅｶ.png	main/linR.png	KO	긴 대화에 지쳐 있었던 데이비드도 수잔나와 단둘이 있고 싶었기에 함께 밖으로 나가기로 했다.
disk27	NO56	1936	49	デビッドとスシャ－ナは、夜道を歩いて行った。	disk27/ﾉｳｶ.png	main/linR.png	KO	데이비드와 수잔나는 밤길을 걸었다.
disk27	NO56	1940	50	デビッドとスシャ－ナは、夜道を歩いて行った。	disk27/ﾉｳｶ.png	main/linR.png	KO	데이비드와 수잔나는 밤길을 걸었다.
disk27	NO56	1950	51	二人が畑の道を歩いて行くと、農業用の運河の水の流れる音が聞こえてきた。	disk27/ｶﾜﾔﾐ.png	main/linR.png	KO	밭길을 걷다 보니, 농업용 수로의 물이 흐르는 소리가 들려왔다.
disk27	NO56	1960	52	その運河に小さな橋がかかっている。二人は運河の向こう岸まで渡るために、橋の上を歩いていた。	disk27/ﾔﾐﾊｼ.png	main/linR.png	KO	수로 위에는 조그마한 다리가 놓여 있었고, 두 사람은 반대편으로 건너기 위해 다리 위를 걷고 있었다.
disk27	NO56	2100	53	デビッド「スシャ－ナ、この景色に見覚えがあるよ。悪夢の中で二人組の男に襲われたんだ。その時、スシャ－ナが短刀で刺されて川に落ちて・・・」	disk27/ﾔﾐﾊｼ.png	main/davL.png	KO	데이비드: 수잔나, 여기 본 적 있어. 악몽에서 남자 두 명에게 습격당했던 곳이야. 그때 넌 단검에 찔리고 강으로 떨어졌어...
disk27	NO56	2105	54	デビッド「・・・悪夢と同じように橋の向こうから人影が二人・・・」	disk27/ﾔﾐﾊｼ.png	main/davL.png	KO	데이비드: ...악몽과 똑같이 다리 건너편에서 사람 그림자가 있어...
disk27	NO56	2110	55	スシャ－ナ「人影が近づいて来るわ。デビッド、北の王の一族かしら・・・」	disk27/ﾔﾐﾊｼ.png	main/linR.png	KO	수잔나: 이쪽으로 다가오고 있어요. 데이비드, 설마 북방 일족일까요...?
disk27	NO56	2120	56	デビッド「悪夢の時は、後ろからも二人の人影が迫って逃げられなかった。スシャ－ナ、悪いけど後ろを見てくれないか？」	disk27/ﾔﾐﾊｼ.png	main/davL.png	KO	데이비드: 꿈에서는 뒤에서도 두 명이 있어서 도망칠 수 없었어. 수잔나, 미안하지만 뒤쪽 좀 확인해줘.
disk27	NO56	2130	57	スシャ－ナ「大丈夫よ。暗くてよくわからないれど誰もいないみたい。悪夢と同じでなくて良かったわ・・・二人が近づいて来たから気をつけて」	disk27/ﾔﾐﾊｼ.png	main/linR.png	KO	수잔나: 어두워서 확실치 않지만 아무도 없는 것 같아요. 악몽과 똑같지 않아서 다행이네요... 두 사람이 코앞까지 왔으니 조심해요.
disk27	NO56	2140	58	近づいた二人組の男は、デビッドをにらみつけるようにしてポケットからナイフを取り出し突いてきた。	disk27/ﾔﾐﾊｼ.png	main/linR.png	KO	다가온 두 남자는 데이비드를 노려보더니 주머니에서 칼을 꺼내 찔러 왔다.
disk27	NO56	2150	59	デビッドは身体をひねりナイフをかわして男の腕をとった。男の身体は宙を一回転して地面に落ちた。	disk27/ﾓﾐｱｳ.png	main/linR.png	KO	데이비드는 몸을 비틀어 칼을 피하고 남자의 팔을 잡아챘다. 남자의 몸은 공중에서 한 바퀴 돌아 땅에 떨어졌다.
disk27	NO56	2160	60	次の男は、それを見てナイフを片手にゆっくりとデビッドに近づいて来る。地面に倒された男もおき上がりナイフを持ちなおしている。	disk27/ﾓﾐｱｳ.png	main/linR.png	KO	다른 남자는 그 광경을 보고 칼을 쥔 채 천천히 다가왔다. 방금 내동댕이쳐진 남자도 다시 일어나 칼을 고쳐 쥐었다.
disk27	NO56	2170	61	スシャ－ナは怖さに耐えきれなくて声をあげた。	disk27/ﾓﾐｱｳ.png	main/linR.png	KO	공포를 참지 못한 수잔나가 비명을 질렀다.
disk27	NO56	2180	62	スシャ－ナ「助けて！　誰か来て！」	disk27/ﾓﾐｱｳ.png	main/linR.png	KO	수잔나: 도와주세요! 누구 없나요!
disk27	NO56	2190	63	デビッド「スシャ－ナ！　戻ってホ－リ－さんを呼ぶんだ！」	disk27/ﾓﾐｱｳ.png	main/davL.png	KO	데이비드: 수잔나! 돌아가서 홀리 씨를 불러 와!
disk27	NO56	2200	64	スシャ－ナ「行けない！　向こうからも男が二人来るわ。悪夢と同じよ！」	disk27/ｳｼﾛ.png	main/linR.png	KO	수잔나: 못 가요! 저쪽에서도 남자들이 오고 있어요! 데이비드, 악몽이랑 똑같아요!
disk27	NO56	2230	65	デビッドは二人の男が橋の上を走ってくるのを見て、身ぶるいを感じた。	disk27/ｳｼﾛ.png	main/linR.png	KO	데이비드는 두 남자가 다리 위를 달려오는 것을 보고 등골이 서늘해졌다.
disk27	NO56	10000	110	ＤＡＴＡをＳＡＶＥしますか？　Ｙ／Ｎ	disk27/ｳｼﾛ.png	main/linR.png	KO	
disk27	NO56	10040	116	ドライブ１に、ＳＡＶＥ・ディスクを入れて下さい。	disk27/ｳｼﾛ.png	main/linR.png	KO	
disk27	NO56	10070	118	ドライブ１のディスクが違います。	disk27/ｳｼﾛ.png	main/linR.png	KO	드라이브 1의 디스크가 다릅니다.
disk27	NO56	10110	119	ＳＡＶＥしました。ドライブ１のディスクに、ＭＡＩＮディスクを入れて下さい。	disk27/ｳｼﾛ.png	main/linR.png	KO	
disk27	NO56	10150	121	ドライブ１のディスクが違います。	disk27/ｳｼﾛ.png	main/linR.png	KO	드라이브 1의 디스크가 다릅니다.
disk27	NO57	900	0	デビッドが話す。	disk27/ｳｼﾛ.png	main/linR.png	KO	데이비드가 말한다.
disk27	NO57	900	1	スシャ－ナが話す。	disk27/ｳｼﾛ.png	main/linR.png	KO	수잔나가 말한다.
disk27	NO57	900	2	クラ－クが話す。	disk27/ｳｼﾛ.png	main/linR.png	KO	클라크가 말한다.
disk27	NO57	900	3	ヴィンスが話す。	disk27/ｳｼﾛ.png	main/linR.png	KO	빈스가 말한다.
disk27	NO57	1000	4	その時、ナイフを持った二人組は走って来る二人の人影を見て、慌てて逃げだした。	disk27/ﾔﾐﾊｼ.png	main/linR.png	KO	그 순간, 칼을 든 두 남자는 달려오는 두 사람의 그림자를 보고 황급히 도망치기 시작했다.
disk27	NO57	1010	5	スシャ－ナは走ってきた二人を見て一歩あとずさりをする。走って来た人影はクラ－クとヴィンスだった。	disk27/ﾊｼKV.png	main/linR.png	KO	수잔나는 달려온 두 사람을 보고 한 걸음 뒤로 물러섰다. 달려온 사람들은 클라크와 빈스였다.
disk27	NO57	1200	6	クラ－ク「大丈夫ですか・・・相手はナイフを持っていたようで、怪我は・・・」	disk27/ﾊｼKV.png	main/ｸﾗｰｸ.png	KO	클라크: 괜찮습니까... 저놈들 칼을 들고 있던 것 같던데, 다친 데는 없습니까?
disk27	NO57	1210	7	デビッド「怪我はありません。大丈夫です。貴方達を逃げた男達の仲間と思って・・・」	disk27/ﾊｼKV.png	main/davL.png	KO	데이비드: 다친 데는 없습니다. 처음에는 당신들도 저놈들과 한패인 줄 알았습니다...
disk27	NO57	1220	8	クラ－ク「俺達が人を殺すようにみえますか、この近くを通っていたら女性の悲鳴を聞こえたので、走ってきたのに」	disk27/ﾊｼKV.png	main/ｸﾗｰｸ.png	KO	클라크: 저희가 사람을 죽일 놈들처럼 보입니까? 근처를 지나가다가 여자의 비명소리를 듣고 달려왔습니다.
disk27	NO57	1230	9	デビッド「そうでしたか、危ないところを助けていただいて、ありがとうございます」	disk27/ﾊｼKV.png	main/davL.png	KO	데이비드: 그랬군요. 위험한 순간에 도와주셔서 정말 감사합니다.
disk27	NO57	1240	10	クラ－ク「何が起こったのか差し支えなければ話をしてくれませんか。相手は凶器をもった男達でしたよ。警察に知らせないといけないかもしれませんね」	disk27/ﾊｼKV.png	main/ｸﾗｰｸ.png	KO	클라크: 괜찮다면 무슨 일이 있었는지 이야기해 주시겠습니까? 그놈들이 흉기까지 들고 있었으니, 경찰에 신고하는 게 좋을 것 같습니다.
disk27	NO57	1250	11	デビッド「それが・・・二人組の男が何も言わずに、いきなりナイフを突きつけてきたので、何が起こったのか俺にもわかりませんよ」	disk27/ﾊｼKV.png	main/davL.png	KO	데이비드: 그게... 아무 말도 없이 갑자기 칼부터 들이대서 저도 무슨 상황인지 모르겠습니다.
disk27	NO57	1260	12	クラ－ク「貴方は誰かにねらわれていたのと違いますか」	disk27/ﾊｼKV.png	main/ｸﾗｰｸ.png	KO	클라크: 혹시 누군가에게 원한을 산 적 있습니까?
disk27	NO57	1270	13	デビッド「俺が・・・俺はこの町に来たのは初めてですよ。人に怨まれるような事などしていませんよ。貴方達は警察の方ですか」	disk27/ﾊｼKV.png	main/davL.png	KO	데이비드: 제가요...? 저는 이 마을에 온 것도 처음입니다. 남에게 원한을 살 만한 일도 하지 않았어요. 당신들은 경찰입니까?
disk27	NO57	1280	14	クラ－ク「いいえ、何があったのか聞いてみただけで、奴等はアベック狙いの強盗だったのかな・・・用心して帰ったほうがいいですよ」	disk27/ﾊｼKV.png	main/ｸﾗｰｸ.png	KO	클라크: 아뇨. 무슨 일이었는지 물어본 것뿐입니다. 놈들은 커플만 노리는 강도였을지도 모르겠군요... 돌아가실 때도 조심하십시오.
disk27	NO57	1290	15	スシャ－ナはクラ－クに礼を言って、デビッドの手を引くようにして帰る。クラ－ク達は立ち止まって見送っていた。	disk27/ﾊｼﾓﾄ.png	main/ｸﾗｰｸ.png	KO	수잔나는 클라크에게 감사 인사를 한 뒤 데이비드의 손을 끌며 돌아갔다. 탐정들은 그 자리에 서서 두 사람을 배웅했다.
disk27	NO57	1300	16	クラ－ク「俺達の調査はデビッドを殺す手伝いをしているのかも知れないな。依頼人の調査を急がないと探偵の免許をとりあげられるかもしれない」	disk27/ﾊｼﾓﾄ.png	main/ｸﾗｰｸ.png	KO	클라크: 우리 정보가 데이비드를 죽이는 데 도움을 주고 있는지도 모르겠군. 의뢰인의 정체를 빨리 캐내지 않으면 탐정 면허가 날아가겠는 걸.
disk27	NO57	1310	17	ヴィンス「まさか・・所長は依頼人が北の一族の者で、デビッドが魔王の血を受け継ぐ者と思っているのでしょう。なぜデビッドが殺されなければならないのですか」	disk27/ﾊｼﾓﾄ.png	main/ｳｲﾝｽ.png	KO	빈스: 설마요... 소장님은 의뢰인이 북방 일족이고, 데이비드가 마왕의 피를 이어받은 자라고 생각하시는 건가요? 그런데 왜 데이비드를 죽이려는 걸까요?
disk27	NO57	1320	18	クラ－ク「確証は何もないが、そうなると困ると言ったんだ」	disk27/ﾊｼﾓﾄ.png	main/ｸﾗｰｸ.png	KO	클라크: 확증은 하나도 없지만, 정말 그렇다면 큰일이라는 거겠지.
disk27	NO57	1330	19	ホ－リ－の家に戻ったデビッド達は、事件の事を言わなかった。	disk27/ﾉｳｶ.png	main/ｸﾗｰｸ.png	KO	홀리 부부의 집으로 돌아온 두 사람은 남자들에 대해 아무 말도 하지 않았다.
disk27	NO57	1335	20	その夜は何事もなく、朝を迎える事ができた。	disk27/ﾉｳｶ.png	main/ｸﾗｰｸ.png	KO	그날 밤에는 더 이상 아무 일 없었고, 무사히 아침을 맞이했다.
disk27	NO57	1340	21	デビッド達は翌日、朝はやく起きて出発した。車はマンチェスタ－を過ぎ、ハワ－ズへと荒野の丘を走り続けている。	disk27/ﾐﾁ1.png	main/ｸﾗｰｸ.png	KO	다음 날, 두 사람은 아침 일찍 다시 길을 나섰다. 차는 맨체스터를 지나 하워스를 향해 황량한 언덕길을 계속 달렸다.
disk27	NO57	1500	22	スシャ－ナ「デビッド、昨夜、ナイフで襲ってきた二人組は北の一族の者よ。歴史の中で戦い続けてきた血は、いまもまだ生き続けていたのね」	disk27/ﾐﾁ1.png	main/linR.png	KO	수잔나: 데이비드, 어젯밤 우리를 습격한 두 남자는 분명 북방 일족일 거예요. 수천 년 동안 싸워 온 그 피가 지금까지도 이어져 온 거예요.
disk27	NO57	1510	23	デビッド「俺はフロオス王の言うように魔王にならないと殺されてしまうのかな・・・この先どうなるのか想像つかないし、不安でしかたがないよ」	disk27/ﾐﾁ1.png	main/davL.png	KO	데이비드: 나는 플로스 왕이 말한 대로 마왕이 되지 않으면 죽게 되는 걸까... 앞으로 무슨 일이 벌어질지 모르겠어. 너무 불안해서 미칠 것 같아.
disk27	NO57	1520	24	スシャ－ナ「デビッドは私が守ります。母の友人の魔導師達に連絡して北の王を探すのよ。彼を倒せば全てが解決する筈よ」	disk27/ﾐﾁ1.png	main/linR.png	KO	수잔나: 데이비드는 제가 지킬게요. 어머니의 친구인 마도사들에게 연락해서 북방의 왕을 찾아볼게요. 그를 쓰러뜨리면 모든 게 끝날 거예요.
disk27	NO57	1540	25	デビッド「人を殺すのは良くないよ。警察に相談すれば何とかしてくれると思うんだが」	disk27/ﾐﾁ1.png	main/davL.png	KO	데이비드: 사람을 죽이는 것은 좋지 않아. 경찰에 도움을 청하면 어떻게든 되지 않을까?
disk27	NO57	1560	26	スシャ－ナ「今の時代に魔王とか、北の王とか言ったら病院に回されて［エレノ・ヴィジョン］は解散になってしまうわ。北の一族といっても軍隊とは違うから大丈夫よ」	disk27/ﾐﾁ1.png	main/linR.png	KO	수잔나: 요즘 시대에 마왕이니 북방의 왕이니 말하면 정신병원으로 보내지고 `엘레노 비전'은 해체되겠죠. 북방 일족이라고 해도 군대와는 다르니까 걱정 말아요.
disk27	NO57	1570	27	デビッド「昨夜、助けてくれた二人組の男だけど、何か様子がへんだし、タイミングが良すぎるし・・・それにあの顔をどこかで見た気がするんだ」	disk27/ﾐﾁ1.png	main/davL.png	KO	데이비드: 어젯밤 도와준 두 남자 말인데, 뭔가 분위기가 이상했고 타이밍도 너무 좋았어... 게다가 어디선가 본 것 같은 기분이 들어.
disk27	NO57	1580	28	スシャ－ナ「私もあの二人から、ずっと見張られているようで、それよりデビッドがナイフの男をかわして倒したのって、格好よかったわ」	disk27/ﾐﾁ1.png	main/linR.png	KO	수잔나: 저도 그 두 사람에게 계속 감시당하고 있던 것 같아요. 그것보다 데이비드가 나이프 든 남자를 피해서 쓰러뜨렸던 거 멋있었어.
disk27	NO57	1590	29	デビッド「あの時は俺も驚いたよ。子供の時から喧嘩は弱かった筈なのに、もしかして魔王の力かも知れないよ」	disk27/ﾐﾁ1.png	main/davL.png	KO	데이비드: 솔직히 나도 놀랐어. 어릴 때부터 싸움에는 젬병이었는데, 어쩌면 마왕의 힘일지도 몰라.
disk27	NO57	1600	30	スシャ－ナ「そうね。デビッドには魔王がついてるんですもの、北の一族が襲ってきても大丈夫よ」	disk27/ﾐﾁ1.png	main/linR.png	KO	수잔나: 그렇군요. 데이비드에게는 마왕의 힘이 있으니 북방 일족이 습격해 와도 괜찮을 거예요.
disk27	NO57	1610	31	昼を過ぎた頃、デビッド達はハワ－ズに入った。荒野を牧場にして羊を育てている村ばかりで、特に町と言える所はない。	disk27/ﾐﾁ2.png	main/linR.png	KO	정오가 지나 두 사람은 하워스 지역에 들어섰다. 황야를 목장으로 삼아 양을 기르는 마을들뿐이라 특별히 도시라고 부를 만한 곳은 없었다.
disk27	NO57	1620	32	デビッドの車は、荒野の丘を登っては下るくりかえしの道を走っている。	disk27/ﾐﾁ2.png	main/linR.png	KO	차는 황량한 언덕을 오르내리는 굽이진 길을 계속 달렸다.
disk27	NO57	1630	33	車の前方に砦のような小さな古城が見えてきた。	disk27/ｼﾛﾐﾙ.png	main/linR.png	KO	차 앞쪽에 요새 같은 작은 고성이 보이기 시작했다.
disk27	NO57	1640	34	車は石垣の門をくぐり車を止めた。スシャ－ナは鍵を取り出し扉を開けてデビッドと一緒に中に入る。	disk27/ｲﾘｸﾁ.png	main/linR.png	KO	차는 성벽의 문을 지나 멈췄다. 수잔나는 열쇠를 꺼내 문을 열고 데이비드와 함께 안으로 들어간다.
disk27	NO57	1800	35	スシャ－ナ「ランズさんが来てる筈なのに、買い物に行ったのかしら」	disk27/ｼﾛﾅｶ.png	main/linR.png	KO	수잔나: 랜즈 씨가 와 계실 줄 알았는데, 장을 보러 갔나 보네요.
disk27	NO57	1810	36	デビッド「スシャ－ナの田舎の家って、農家を想像していたんだが、まさか家が城だとは思わなかったよ。家の中もきれいだし誰か住んでいるの」	disk27/ｼﾛﾅｶ.png	main/davL.png	KO	데이비드: 수잔나의 시골집이라고 해서 농가를 상상했는데, 설마 집이 성일 줄은 몰랐어. 안도 깨끗하고, 누가 계속 살고 있는 거야?
disk27	NO57	1820	37	スシャ－ナ「ランズさん夫婦が管理してくれてるの。私達が来るので掃除をしたのね。デビッド、屋上に行かない。素晴らしい景色が見られるわ」	disk27/ｼﾛﾅｶ.png	main/linR.png	KO	수잔나: 랜즈 씨 부부가 관리해 주고 있어요. 저희가 온다고 해서 청소를 해 둔 것 같아요. 데이비드, 옥상에 가지 않을래요? 멋진 경치를 볼 수 있어요.
disk27	NO57	1830	38	デビッドはスシャ－ナに連れられ屋上に上がった。	disk27/ｹｼｷ.png	main/linR.png	KO	데이비드는 수잔나에게 이끌려 옥상으로 올라갔다.
disk27	NO57	1840	39	スシャ－ナ「見て、荒野ばかりで一本の木もないの。ここにいれば北の一族が来てもすぐにわかるから安心よ」	disk27/ｹｼｷ.png	main/linR.png	KO	수잔나: 봐요, 황야뿐이라 나무가 한 그루도 없어. 여기 있으면 북방 일족이 와도 금방 알 수 있으니 안심해요.
disk27	NO57	1850	40	デビッド「こうして眺めてると荒野の中心に城があるように見えるよ。スシャ－ナ、俺こんな感じの景色をどこかで見たような・・・」	disk27/ｹｼｷ.png	main/davL.png	KO	데이비드: 이렇게 보니 정말 황야 한복판에 성 하나만 덩그러니 서 있는 것 같네. 그런데 수잔나, 나 이 풍경 어디선가 본 적이 있어...
disk27	NO57	1860	41	スシャ－ナ「デビッドはハワ－ズに来た事があるの・・・」	disk27/ｹｼｷ.png	main/linR.png	KO	수잔나: 전에 하워스에 와 본 적 있어요?
disk27	NO57	1870	42	デビッド「そうだ！　幻想の中で見たんだ。フロオス王とラフィルが城の上で見ていた景色なんだが、あの時は荒野でなく、緑に包まれた田園の景色で家もあったし、でも似てるんだ」	disk27/ｹｼｷ.png	main/davL.png	KO	데이비드: 맞아! 환상 속에서 봤어. 플로스 왕과 라필이 성 위에서 보고 있던 풍경이야. 그때는 이런 황야가 아니라 푸른 들판이 펼쳐져 있었고 집들도 있었지만, 그래도 비슷해.
disk27	NO57	1880	43	スシャ－ナ「この城がフロオス王の城だったのかしら、だったら北の王の国は、ここから北になるわね。エディンバラやイングランド、それとももっと北かしら・・・」	disk27/ｹｼｷ.png	main/linR.png	KO	수잔나: 이 성이 플로스 왕의 성이었던 걸까? 그렇다면 북방 왕의 나라는 여기서 북쪽이겠네요. 에든버러나 잉글랜드, 아니면 더 북쪽일까요...
disk27	NO57	1890	44	デビッド「フロオス王は禁断の秘儀で、この荒野に水を通し緑の田園に変えたのかも知れないな。今の時代で言えば砂漠を田園に変えたようなものだよ」	disk27/ｹｼｷ.png	main/davL.png	KO	데이비드: 플로스 왕은 금단의 비술로 이 황야에 물길을 내고 푸른 들판으로 바꿨던 것인지도 몰라. 지금으로 치면 사막을 비옥한 토지로 만들어 버린 셈이지.
disk27	NO57	1900	45	スシャ－ナ「もしデビッドが魔王になって、禁断の秘儀を使えば、世界中が緑に包まれるのかしら」	disk27/ｹｼｷ.png	main/linR.png	KO	수잔나: 데이비드도 마왕이 돼서 그 금단의 비술을 쓰면 온 세상을 푸르게 만들 수 있을까요?
disk27	NO57	1910	46	デビッド「フロオス王でも、そこまで出来る力は無かったと思うよ。スシャ－ナ、一息ついたら急に疲れがでた。横になる部屋は無いかな」	disk27/ｹｼｷ.png	main/davL.png	KO	데이비드: 아무리 플로스 왕이라도 그 정도 힘까지는 없었을 거야. 수잔나, 긴장이 풀리니까 갑자기 피곤하네. 잠깐 쉴 방이 없을까?
disk27	NO57	1920	47	スシャ－ナ「ごめんなさい。朝から走りづめで運転してたのに気づかなくて、私の部屋なら掃除をしている筈よ」	disk27/ｹｼｷ.png	main/linR.png	KO	수잔나: 미안해요, 아침부터 계속 운전했는데 제가 깜빡했네요. 제 방이라면 청소가 됐을 거예요.
disk27	NO57	1930	48	スシャ－ナが案内した部屋は、きれいに掃除がされ、花まで飾られている。	disk27/ﾍﾞｯﾄ.png	main/linR.png	KO	수잔나가 안내한 방은 깔끔하게 정돈되어 있었고, 꽃까지 예쁘게 놓여 있었다.
disk27	NO57	1940	49	デビッドはシャツを着たままベッドで横になっていた。スシャ－ナは荷物を取りに下に降りる。	disk27/ﾍﾞｯﾄ.png	main/linR.png	KO	데이비드는 셔츠도 벗지 않은 채 침대에 몸을 눕혔다. 수잔나는 짐을 가지러 아래층으로 내려갔다.
disk27	NO57	1950	50	デビッドはいつ寝ついたのか、窓の外から聞こえる音で目がさめ、ベッドから起き出して窓に近づいた。	disk27/ﾍﾞｯﾄ.png	main/linR.png	KO	언제 잠들었는지도 모른 채 잠에 빠졌던 데이비드는 창밖의 소리에 눈을 떠 침대에서 일어나 창가로 다가갔다.
disk27	NO57	1960	51	窓の外を見て目を疑った。剣や槍を持った農民が城壁を囲み騒いでいる。矢をいかける者もいたが、距離があったのでデビッドの所までは飛んでこない。	disk27/ﾑﾗﾋﾄ.png	main/linR.png	KO	창밖을 내다본 데이비드는 자신의 눈을 의심했다. 검과 창으로 무장한 농민들이 성을 에워싸고 고함을 지르고 있었다.. 일부는 성을 향해 화살까지 쏘았지만, 데이비드가 있는 곳까지는 닿지 않았다.
disk27	NO57	1970	52	戦いの姿をした男が、デビッドに向かって叫んでいる。	disk27/ﾑﾗﾋﾄ.png	main/linR.png	KO	전투 복장을 한 남자가 데이비드를 향해 소리쳤다.
disk27	NO57	1980	53	男「この城に戻るなと言った筈だぞ！　なぜに戻って来たのだ。もうすぐ北の王がやってくる。それまでにお前が出ていかなければ、俺達が殺されるのだ」	disk27/ﾑﾗﾋﾄ.png	main/linR.png	KO	남자: 분명 이 성으로 돌아오지 말라고 했을 텐데! 왜 다시 돌아온 것이냐! 곧 북방의 왕이 온다. 그 전에 네가 떠나지 않으면 우리 모두 죽게 된다!
disk27	NO57	1990	54	男「北の王の力が支配したこの土地には、お前の魔力も通じない。見ろ！　土地はやせ荒野になっている。俺達は戦いよりも荒野に生きる方を選ぶ。はやく出て行け！」	disk27/ﾑﾗﾋﾄ.png	main/linR.png	KO	남자: 북방의 왕의 힘이 지배한 이 땅에서는 네 마력도 통하지 않는다. 봐라! 땅은 메말라 황야가 되어 버렸다. 우리는 싸움보다 황야에서 살아가는 쪽을 택하겠다. 당장 떠나라!
disk27	NO57	2000	55	城を取り巻いている農民も、ののしるように叫んでいる。	disk27/ﾑﾗﾋﾄ.png	main/linR.png	KO	성을 둘러싼 농민들도 저주를 퍼부어댔다.
disk27	NO57	2010	56	デビッドは何も答える事ができずにいた時、デビッドの後ろで声がした。	disk27/ﾍﾞｯﾄ.png	main/linR.png	KO	데이비드가 아무 대답도 못하고 있을 때, 데이비드의 뒤에서 목소리가 들렸다.
disk27	NO57	3000	57	ＣＤ－ＲＯＭよりＤＡＴＡの読み込みを始めます。ＨＩＴ　ＡＮＹ　ＫＥＹ	disk27/ﾍﾞｯﾄ.png	main/linR.png	KO	CD-ROM에서 데이터 읽습니다. 아무 키나 눌러주세요.
disk27	NO57	3010	58	　　　　　　　　ＣＤ－ＲＯＭよりＤＡＴＡを読み込み中	disk27/ﾍﾞｯﾄ.png	main/linR.png	KO	데이터를 읽는 중...
disk27	NO57	10000	103	ＤＡＴＡをＳＡＶＥしますか？　Ｙ／Ｎ	disk27/ﾍﾞｯﾄ.png	main/linR.png	KO	
disk27	NO57	10040	109	ドライブ１に、ＳＡＶＥ・ディスクを入れて下さい。	disk27/ﾍﾞｯﾄ.png	main/linR.png	KO	
disk27	NO57	10070	111	ドライブ１のディスクが違います。	disk27/ﾍﾞｯﾄ.png	main/linR.png	KO	드라이브 1의 디스크가 다릅니다.
disk27	NO57	10110	112	ＳＡＶＥしました。ドライブ１のディスクに、ＭＡＩＮディスクを入れて下さい。	disk27/ﾍﾞｯﾄ.png	main/linR.png	KO	
disk27	NO57	10150	114	ドライブ１のディスクが違います。	disk27/ﾍﾞｯﾄ.png	main/linR.png	KO	드라이브 1의 디스크가 다릅니다.
disk28	NO58	900	0	デビッドが話す。			KO	데이비드가 말한다.
disk28	NO58	900	1	スシャ－ナが話す。			KO	수잔나가 말한다.
disk28	NO58	900	2	クラ－クが話す。			KO	클라크가 말한다.
disk28	NO58	900	3	ヴィンスが話す。			KO	빈스가 말한다.
disk28	NO58	900	4	ランズが話す。			KO	랜즈가 말한다.
disk28	NO58	900	5	エミリ－が話す。			KO	에밀리가 말한다.
disk28	NO58	1000	6	デビッドが振り返ると、部屋の中に体格のいい男性が剣を片手にたっていた。	disk28/ﾍﾞｯﾄ.png		KO	데이비드가 뒤돌아보자, 방 안에 건장한 남자가 한 손에 검을 들고 서 있었다.
disk28	NO58	1020	7	北の王が話す。	disk28/ﾍﾞｯﾄ.png		KO	북방의 왕이 말한다.
disk28	NO58	1190	8	北の王「貴様が魔王の血を受け継いだという男か？　この俺が北の王だ」	disk28/ﾍﾞｯﾄ.png	disk43/ｷﾀｵｳ.png	KO	북방의 왕: 네가 마왕의 피를 이어받았다는 자인가? 내가 바로 북방의 왕이다.
disk28	NO58	1200	9	デビッド「北の王だと？・・・どこから入って来たんだ？」	disk28/ﾍﾞｯﾄ.png	main/davL.png	KO	데이비드: 북방의 왕이라고...? 대체 어떻게 들어온 거야?
disk28	NO58	1210	10	北の王「俺の魔導の力をもってすれば、行きたい所にどこへでも行く事ができる。今日は貴様の力を試しにきたが、すでに死の運命が現れているようだな」	disk28/ﾍﾞｯﾄ.png	disk43/ｷﾀｵｳ.png	KO	북방의 왕: 내 마도의 힘이라면 원하는 곳은 어디든 갈 수 있다. 오늘은 네 힘을 시험하러 왔지만, 이미 죽음의 그림자가 드리운 모양이구나.
disk28	NO58	1220	11	デビッド「貴様とはいずれ戦う運命になっているらしいが、馬鹿らしい事はやめよう。遥か古代の恨みのために、なぜ俺達が戦わねばならないんだ」	disk28/ﾍﾞｯﾄ.png	main/davL.png	KO	데이비드: 너와 언젠가는 싸우게 될 운명인 모양이지만, 이런 어리석은 짓은 그만두자. 수천 년 전의 원한 때문에 왜 지금의 우리가 싸워야 하지?
disk28	NO58	1230	12	北の王「貴様に流れている魔王の血が復活すれば、俺の血は断たれ、この宇宙から永遠に消される。古代の恨みを終らせたいのなら、貴様の血を断てば全てがおさまるのだ」	disk28/ﾍﾞｯﾄ.png	disk43/ｷﾀｵｳ.png	KO	북방의 왕: 네 안의 마왕의 피가 깨어나면 내 피는 끊기게 되고, 나는 이 우주에서 영원히 사라지게 된다. 오래된 원한을 끝내고 싶다면 네 피만 끊어 버리면 모든 게 해결되는 것이다.
disk28	NO58	1240	13	デビッド「俺には貴様のような魔導の力はないが、いざとなれば魔王の力が現れる。無益な戦いはやめよう」	disk28/ﾍﾞｯﾄ.png	main/davL.png	KO	데이비드: 나한테는 너 같은 마도의 힘이 없어. 하지만 위급해지면 마왕의 힘이 나타날 거야. 그러니 쓸데없는 싸움은 그만둬.
disk28	NO58	1250	14	北の王「その魔王に復活されては、俺に勝ち目がないからな。今、ここで貴様に死んでもらうしかないのだ」	disk28/ﾍﾞｯﾄ.png	disk43/ｷﾀｵｳ.png	KO	북방의 왕: 마왕이 깨어나 버리면 내가 이길 방법이 없다. 그러니 네놈은 지금 여기서 죽어줘야겠다.
disk28	NO58	1260	15	北の王は剣をデビッドに向け、呪文をとなえた。	disk28/ｷﾀ2.png	disk43/ｷﾀｵｳ.png	KO	북방의 왕은 검을 데이비드에게 겨누고 주문을 외웠다.
disk28	NO58	1270	16	デビッド「うわぁ！！」	disk28/ｸﾙｼﾑ.png	disk43/ｷﾀｵｳ.png	KO	데이비드: 으아악!!
disk28	NO58	1280	17	デビッドは頭をかかえたまま床に倒れ、もがき苦しんでいる。	disk28/ｸﾙｼﾑ.png	disk43/ｷﾀｵｳ.png	KO	데이비드는 머리를 움켜쥔 채 바닥에 쓰러져 고통스럽게 몸부림쳤다.
disk28	NO58	1290	18	北の王「ふっ・・・魔王よ死ぬがいい。貴様は、俺が剣で戦うと思っていたようだが、呪文をかける事ぐらい知っていたわ。」	disk28/ｸﾙｼﾑ.png	disk43/ｷﾀｵｳ.png	KO	북방의 왕: 후후... 마왕이여, 죽어라. 내가 검을 들고 싸울 줄 알았나 본데, 나도 주문 정도는 쓸 줄 안다.
disk28	NO58	1300	19	北の王「呪文よ。デビッドの血をたぎらすのだ！　魔王の血を焼きつくしてしまうのだ！」	disk28/ｸﾙｼﾑ.png	disk43/ｷﾀｵｳ.png	KO	북방의 왕: 주문이여, 데이비드의 피를 끓어오르게 하라! 그 몸속의 마왕의 피를 모조리 불태워 버려라!
disk28	NO58	1315	20	デビッド「うわぁ！！・・・身体が燃えそうだ！・・・うわぁ！！」	disk28/ｸﾙｼﾑ.png	disk43/ｷﾀｵｳ.png	KO	데이비드: 으아아!! ... 몸이 불타버릴 것 같아... 으아악!!
disk28	NO58	1320	21	北の王「これで俺も安心して眠れる時がきた・・・む？・・・」	disk28/ｸﾙｼﾑ.png	disk43/ｷﾀｵｳ.png	KO	북방의 왕: 이것으로 나도 마음 놓고 편히 잠들 수 있겠군... 음...?
disk28	NO58	1330	22	北の王「ちくしょう！　スシャ－ナの魔女めが来おったか！！」	disk28/ｸﾙｼﾑ.png	disk43/ｷﾀｵｳ.png	KO	북방의 왕: 젠장! 수잔나 그 마녀가 나타났구나!!
disk28	NO58	10000	58	ＤＡＴＡをＳＡＶＥしますか？　Ｙ／Ｎ	disk28/ｸﾙｼﾑ.png	disk43/ｷﾀｵｳ.png	KO	
disk28	NO58	10040	64	ドライブ１に、ＳＡＶＥ・ディスクを入れて下さい。	disk28/ｸﾙｼﾑ.png	disk43/ｷﾀｵｳ.png	KO	
disk28	NO58	10070	66	ドライブ１のディスクが違います。	disk28/ｸﾙｼﾑ.png	disk43/ｷﾀｵｳ.png	KO	드라이브 1의 디스크가 다릅니다.
disk28	NO58	10110	67	ＳＡＶＥしました。ドライブ１のディスクに、ＭＡＩＮディスクを入れて下さい。	disk28/ｸﾙｼﾑ.png	disk43/ｷﾀｵｳ.png	KO	
disk28	NO58	10150	69	ドライブ１のディスクが違います。	disk28/ｸﾙｼﾑ.png	disk43/ｷﾀｵｳ.png	KO	드라이브 1의 디스크가 다릅니다.
disk28	58-1	900	0	デビッドが話す。	disk28/ｸﾙｼﾑ.png	disk43/ｷﾀｵｳ.png	KO	데이비드가 말한다.
disk28	58-1	900	1	スシャ－ナが話す。	disk28/ｸﾙｼﾑ.png	disk43/ｷﾀｵｳ.png	KO	수잔나가 말한다.
disk28	58-1	900	2	クラ－クが話す。	disk28/ｸﾙｼﾑ.png	disk43/ｷﾀｵｳ.png	KO	클라크가 말한다.
disk28	58-1	900	3	ヴィンスが話す。	disk28/ｸﾙｼﾑ.png	disk43/ｷﾀｵｳ.png	KO	빈스가 말한다.
disk28	58-1	900	4	ランズが話す。	disk28/ｸﾙｼﾑ.png	disk43/ｷﾀｵｳ.png	KO	랜즈가 말한다.
disk28	58-1	900	5	エミリ－が話す。	disk28/ｸﾙｼﾑ.png	disk43/ｷﾀｵｳ.png	KO	에밀리가 말한다.
disk28	58-1	1340	6	デビッドは、顔に冷たいものが触れているのに気づいたが、身体は燃えるように熱く、頭は割れるように痛かった。	disk28/ｸﾙｼﾑ.png	disk43/ｷﾀｵｳ.png	KO	데이비드는 얼굴에 닿는 차가운 감촉을 느꼈지만, 온몸은 불타는 듯 뜨거웠고 머리는 깨질 것처럼 아팠다.
disk28	58-1	1350	7	スシャ－ナ「デビッド、しっかりして！」	disk28/ｸﾙｼﾑ.png	disk43/ｷﾀｵｳ.png	KO	수잔나: 데이비드, 정신 차려요!
disk28	58-1	1360	8	スシャ－ナは、手ぬぐいでデビッドの顔をふいている。スシャ－ナの声で、下から二人の男女が上がってきた。	disk28/ﾍﾞｯﾄ.png	main/linR.png	KO	수잔나는 수건으로 데이비드의 얼굴을 닦아 주었다. 그녀의 목소리를 듣고 아래층에서 남녀 두 사람이 올라왔다.
disk28	58-1	1500	9	スシャ－ナ「ランズさん、デビッドが高熱を出して苦しんでます。熱を下げる薬を持ってきて下さい」	disk28/ﾍﾞｯﾄ.png	main/linR.png	KO	수잔나: 랜즈 씨, 데이비드가 고열에 시달리고 있어요. 해열제 좀 가져다주세요.
disk28	58-1	1510	10	男性が慌てて下に降りて行った。	disk28/ﾍﾞｯﾄ.png	main/linR.png	KO	남자는 황급히 아래로 내려갔다.
disk28	58-1	1520	11	スシャ－ナ「デビッドはどこも悪くなかったのに、急に熱をだすなんて・・・まさか魔導の呪文が・・・エミリ－さん、シャマニ－ズの水を持ってきてください」	disk28/ﾍﾞｯﾄ.png	main/linR.png	KO	수잔나: 멀쩡하던 데이비드가 갑자기 이렇게 열이 나다니... 설마 마도의 주문이... 에밀리 씨, 샤머니즈의 물을 가져와 주세요.
disk28	58-1	1530	12	エミリ－「魔導の水、シャマニ－ズですか？・・・まさかデビッド様が・・・すぐに持ってきます」	disk28/ﾍﾞｯﾄ.png	disk43/ｴﾐﾘｰ.png	KO	에밀리: 마도의 물, 샤머니즈 말인가요? ...설마 데이비드 님이... 바로 가져오겠습니다.
disk28	58-1	1540	13	部屋に入ってきたランズと入れ替わりに、エミリ－が下に降りていった。	disk28/ﾍﾞｯﾄ.png	disk43/ｴﾐﾘｰ.png	KO	방으로 들어오는 랜즈와 엇갈려 에밀리가 아래로 내려갔다.
disk28	58-1	1550	14	ランズ「スシャ－ナさんが、ながく滞在されると思って薬セットを用意していて良かったよ。これが熱を下げる薬です」	disk28/ﾍﾞｯﾄ.png	disk43/ﾗﾝｽﾞ.png	KO	랜즈: 수잔나 씨가 오래 머무를지도 몰라 약을 준비해 두길 잘했군요. 이게 해열제입니다.
disk28	58-1	1580	15	スシャ－ナは薬を飲ませようとしたが、デビッドは苦しみ歯をくいしばって飲ませる事ができない。	disk28/ﾍﾞｯﾄ.png	disk43/ﾗﾝｽﾞ.png	KO	수잔나는 약을 먹이려 했지만, 데이비드가 괴로워하며 이를 악물고 있어서 먹일 수가 없었다.
disk28	58-1	1585	16	エミリ－が息をはずませながら、水の入ったビンを持って来た。	disk28/ﾍﾞｯﾄ.png	disk43/ﾗﾝｽﾞ.png	KO	에밀리가 숨을 헐떡이며, 물이 든 병을 들고 돌아왔다.
disk28	58-1	1590	17	ランズ「スシャ－ナさん、この症状は・・・」	disk28/ﾍﾞｯﾄ.png	disk43/ﾗﾝｽﾞ.png	KO	랜즈: 수잔나 씨, 이 증상은 혹시...
disk28	58-1	1600	18	エミリ－「これは、スシャ－ナのお母さんが作ったシャマニ－ズの水です。少し古いけど地下の薬蔵に保存してたので・・・」	disk28/ﾍﾞｯﾄ.png	disk43/ｴﾐﾘｰ.png	KO	에밀리: 이건 수잔나의 어머니가 만든 샤머니즈의 물이에요. 조금 오래되기는 했지만 지하 약품 창고에 보관해 두었으니 괜찮을 거예요.
disk28	58-1	1610	19	スシャ－ナは、ビンの水をタオルにひたしてデビッドの身体をふき始めた。	disk28/ﾍﾞｯﾄ.png	disk43/ｴﾐﾘｰ.png	KO	수잔나는 병의 물을 수건에 적셔 데이비드의 몸을 닦기 시작했다.
disk28	58-1	1620	20	デビッドは、苦しみがやわらいできたのか口を開き、肺に空気を荒々しく送りこんでいる。	disk28/ﾍﾞｯﾄ.png	disk43/ｴﾐﾘｰ.png	KO	데이비드는 고통이 누그러졌는지 입을 열고 폐에 공기를 거칠게 들이마셨다.
disk28	58-1	1630	21	エミリ－「・・・助かったわ。デビッドさんは、やはり北の魔導の呪文にかかっていたのですね」	disk28/ﾍﾞｯﾄ.png	disk43/ｴﾐﾘｰ.png	KO	에밀리: ...위기를 넘겼네요. 역시 데이비드 씨에게 북방의 마도 주문이 걸려 있었군요.
disk28	58-1	1640	22	スシャ－ナ「シャマニ－ズの水が効いたのですから、北の魔導師のしわざに違いありません。はやく北の王の正体を突きとめないとデビッドは、北の魔導の力で殺されてしまいます」	disk28/ﾍﾞｯﾄ.png	main/linR.png	KO	수잔나: 샤머니즈의 물이 통했다는 건 틀림없이 북방의 마도사가 한 짓이에요. 서둘러 북방의 왕의 정체를 알아내지 못하면 데이비드는 북방의 마도에 죽고 말 거예요.
disk28	58-1	1650	23	ランズ「今夜、暗黒の魔導師達が集まりますが、北の王についての情報がいまだにつかめていません。いまの時点では探す事など不可能です」	disk28/ﾍﾞｯﾄ.png	disk43/ﾗﾝｽﾞ.png	KO	랜즈: 오늘 밤, 암흑의 마도사들이 모이지만, 북방의 왕에 관한 단서조차도 확보 못했습니다. 지금으로선 그자를 찾아내는 것조차 불가능합니다.
disk28	58-1	1660	24	スシャ－ナ「わずかですが望みがあります。私をつけている探偵の依頼人は北の一族の筈です。彼等を捕らえ依頼人を聞きだせば手掛かりがつかめるかもしれません」	disk28/ﾍﾞｯﾄ.png	main/linR.png	KO	수잔나: 그래도 조금 가능성이 있어요. 저를 미행하는 두 탐정의 의뢰인은 분명 북방 일족일 거예요. 그들을 붙잡아 의뢰인의 정체를 캐내면 단서를 얻을 수 있을지도 몰라요.
disk28	58-1	1670	25	デビッドは荒い息づかいで、スシャ－ナの名を呼んでいる。デビッドは気がついたのか、スシャ－ナを見つめながら口をひらいた。	disk28/ﾍﾞｯﾄ.png	main/linR.png	KO	그때 거칠게 숨을 몰아쉬던 데이비드가 수잔나의 이름을 불렀다. 정신을 되찾은 듯 그녀를 바라보며 힘겹게 입을 열었다.
disk28	58-1	1709	26	デビッド「・・・スシャ－ナ・・・俺、生きているのかな・・・」	disk28/ﾍﾞｯﾄ.png	main/davL.png	KO	데이비드: ...수잔나... 나, 아직 살아 있는 거야...
disk28	58-1	1710	27	スシャ－ナ「デビッド、気がついたのね。良かった・・・」	disk28/ﾍﾞｯﾄ.png	main/linR.png	KO	수잔나: 데이비드, 정신이 들었군요. 다행이에요...
disk28	58-1	1720	28	デビッド「俺は・・・また悪夢を見てしまったのか・・・北の王が現れて・・・死んだと思ったよ」	disk28/ﾍﾞｯﾄ.png	main/davL.png	KO	데이비드: 나... 또 악몽을 꾼 건가... 북방의 왕이 나타나서 나를... 정말 죽은 줄 알았어.
disk28	58-1	1730	29	スシャ－ナ「北の王！　デビッドは北の王を見たの？」	disk28/ﾍﾞｯﾄ.png	main/linR.png	KO	수잔나: 북방의 왕! 데이비드, 정말 그자를 본 거예요?
disk28	58-1	1740	30	デビッド「ああ。二度と見たくないが、はっきりと覚えているよ。奴は魔導の力を使って俺に呪文をかけ、殺そうとしたんだ」	disk28/ﾍﾞｯﾄ.png	main/davL.png	KO	데이비드: 그래, 두 번 다시 보고 싶지는 않지만 똑똑히 기억해. 놈은 마도의 힘을 써서 내게 주문을 걸어 죽이려 했어.
disk28	58-1	1750	31	スシャ－ナ「北の王が魔導の力を・・・そんな言い伝えは無かったのに・・・今の時代に生きている北の王が魔導師になっている・・・」	disk28/ﾍﾞｯﾄ.png	main/linR.png	KO	수잔나: 북방의 왕이 마도의 힘을... 그런 전승은 없었는데... 지금 살아 있는 북방의 왕은 마도사가 된 건가...
disk28	58-1	1760	32	ランズ「本当に魔導の力をもつ魔導師なら、この世の表には姿を現さないでしょう。しかし、配下の魔導師達がいる筈。暗黒の魔導師以外の魔導師を探せば手がかりがつかめます」	disk28/ﾍﾞｯﾄ.png	disk43/ﾗﾝｽﾞ.png	KO	랜즈: 정말로 마도의 힘을 가진 마도사라면 세상에 모습을 드러내지는 않겠지요. 하지만 분명 그를 따르는 마도사들이 있을 테니, 암흑의 마도사 이외의 마도사들을 찾아보면 단서가 있을 겁니다.
disk28	58-1	1770	33	スシャ－ナ「その人達は、きっとかげで北の魔導師と名乗っているわ。イギリスで有名な魔導師をあたれば、何かわかるかも知れませんね」	disk28/ﾍﾞｯﾄ.png	main/linR.png	KO	수잔나: 그들이라면 아마 남몰래 북방의 마도사라고 자칭하고 있을 거예요. 영국에서 유명한 마도사들을 조사하면 뭔가 알 수 있을지도 몰라요.
disk28	58-1	1780	34	デビッド「スシャ－ナ、こちらの方は？・・・」	disk28/ﾍﾞｯﾄ.png	main/davL.png	KO	데이비드: 수잔나, 이분들은 누구...?
disk28	58-1	1790	35	スシャ－ナ「まだ紹介してなかったわね。こちらの方がランズさん夫婦よ。私達が来た時、食糧品の買い出しにでていたの」	disk28/ﾍﾞｯﾄ.png	main/linR.png	KO	수잔나: 아직 소개하지 않았네요. 이분들이 랜즈 씨 부부예요. 우리가 도착했을 때 식료품을 사러 나가 계셨어요.
disk28	58-1	1800	36	デビッド「デビッドです。来たそうそうお騒がせして申しわけありません」	disk28/ﾍﾞｯﾄ.png	main/davL.png	KO	데이비드: 데이비드입니다. 오자마자 이렇게 폐를 끼쳐서 죄송합니다.
disk28	58-1	1810	37	デビッドは挨拶をしたあと疲れがでたのか、また眼を閉じて寝てしまった。	disk28/ﾍﾞｯﾄ.png	main/davL.png	KO	데이비드는 인사를 한 뒤 피로가 몰려오는지 다시 눈을 감고 잠들었다.
disk28	58-1	1820	38	スシャ－ナはロウソクに火をつけた。いつのまにか窓の外は陽が落ち薄暗くなっていた。ランズ夫婦は部屋を出ていったが、スシャ－ナはデビッドにつきそっていた。	disk28/ﾛｰｿｸ.png	main/davL.png	KO	수잔나는 촛불을 밝혔다. 어느새 해가 저물어 창밖은 어둑해져 있었다. 랜즈 부부는 방을 나갔지만, 수잔나는 계속 데이비드의 곁을 지켰다.
disk28	58-1	1900	39	夜になると外灯の無い荒野は暗く、わずかな星の明かりが城の影を地面に作っている。その影のなかにクラ－ク達がいた。	disk28/ｲﾘｸﾁ.png	main/davL.png	KO	밤이 되자 가로등이 없는 황야는 어두웠고 얼마 안 되는 별빛이 성의 그림자를 땅에 만들고 있다. 그 어둠 속에 탐정들이 숨어 있었다.
disk28	58-1	1967	40	ヴィンス「所長！　城の中に入るのですか？　見つかったら不法侵入で警察に突き出されますよ」	disk28/ｲﾘｸﾁ.png	main/ｳｲﾝｽ.png	KO	빈스: 소장님! 정말 성 안에 들어가려고요? 들키면 무단침입으로 바로 경찰에 넘겨질 겁니다.
disk28	58-1	1968	41	クラ－ク「見つからなかったら不法侵入にはならないさ。城の中に車が３台も入っていったのだ。君は中の様子が気にならないのか？」	disk28/ｲﾘｸﾁ.png	main/ｸﾗｰｸ.png	KO	클라크: 들키지 않으면 무단침입이 아니지. 안으로 차가 세 대나 들어갔네. 자네는 안에서 무슨 일이 벌어지는지 궁금하지 않나?
disk28	58-1	1969	42	ヴィンス「そりゃあ気になりますよ。［エレノ・ヴィジョン］の連中なら気にもしませんが、車の中は中年の男女ばかりで、デビッドの音楽の関係者とは違うようですからね」	disk28/ｲﾘｸﾁ.png	main/ｳｲﾝｽ.png	KO	빈스: 그야 궁금하죠. `엘레노 비전' 멤버들이라면 신경도 안 쓰겠지만, 들어간 사람들은 죄다 중년 남녀였고, 음악 관계자들은 아닌 것 같던데요.
disk28	58-1	1970	43	クラ－ク「この城には電気が来てないから、中はランプかロ－ソクの灯りしかない。見つかっても、逃げれば顔を見られる心配はないさ」	disk28/ｲﾘｸﾁ.png	main/ｸﾗｰｸ.png	KO	클라크: 이 성에는 전기가 들어오지 않으니 안에는 램프나 촛불밖에 없네. 들켜도 달아나면 정체를 알아채지는 못할 걸세.
disk28	58-1	1980	44	ヴィンス「依頼人は、城の中に入らないようにと言ってたでしょう。きっと何かあるのですよ。それにロンドンの探偵だって依頼人の事を・・・」	disk28/ｲﾘｸﾁ.png	main/ｳｲﾝｽ.png	KO	빈스: 의뢰인은 성 안에 들어가지 말라고 했잖아요. 분명 뭔가 있을 겁니다. 게다가 런던의 탐정도 의뢰인을...
disk28	58-1	1990	45	クラ－ク「依頼人が占い師で、なぜあんなに大金を支払ったかを考えてもみろ。依頼人の後ろに黒幕がいるということだ。ここまで来たのだ。俺は城の中にはいるから君は外で待っていたまえ」	disk28/ｲﾘｸﾁ.png	main/ｸﾗｰｸ.png	KO	클라크: 고작 점술가인데 어떻게 그런 거액을 우리한테 지급할 수 있겠나. 분명 그 뒤에 배후가 있는 걸세. 여기까지 왔으니 나는 성 안으로 들어갈 테니 자네는 밖에서 기다리게.
disk28	58-1	2000	46	ヴィンス「こんな暗いところで待つのですか？・・・いやですよ。一緒に行きますから深入りしないで下さいよ」	disk28/ｲﾘｸﾁ.png	main/ｳｲﾝｽ.png	KO	빈스: 이 캄캄한 데서 혼자 기다리라고요? ...싫습니다. 같이 들어갈 테니까 절대 너무 깊숙이 들어가진 말죠.
disk28	58-1	2010	47	城壁の門も城の扉もカギがかかってなかったので、クラ－ク達は楽に中に入れた。	disk28/ｲﾘｸﾁ.png	main/ｳｲﾝｽ.png	KO	성벽의 문도 성의 출입문도 잠겨 있지 않아 두 사람은 별 어려움 없이 안으로 들어갈 수 있었다.
disk28	58-1	2020	48	廊下の壁にロ－ソクがつけられていたので、クラ－ク達は懐中電灯のスイッチを入れる必要がなかった。	disk28/ﾛｳｶ1.png	main/ｳｲﾝｽ.png	KO	복도 벽에는 촛불이 밝혀져 있어 손전등을 꺼낼 필요도 없었다.
disk28	58-1	2030	49	ヴィンス「他の廊下にはロ－ソクがついていませんね。皆ここを通って行ったようですよ」	disk28/ﾛｳｶ1.png	main/ｳｲﾝｽ.png	KO	빈스: 다른 복도에는 촛불이 없네요. 사람들이 전부 이 길로 지나갔나 보네요.
disk28	58-1	2040	50	クラ－ク「皆が集合する部屋は一つだ。ほかの廊下にロ－ソクをつける馬鹿もいまい」	disk28/ﾛｳｶ1.png	main/ｸﾗｰｸ.png	KO	클라크: 모일 곳은 한 군데뿐이니, 쓰지도 않는 복도까지 촛불을 켜 둘 이유는 없겠지.
disk28	58-1	2050	51	クラ－ク達は右に左に曲がって、閉まっている扉の前に来た。	disk28/ﾄﾋﾟﾗ.png	main/ｸﾗｰｸ.png	KO	탐정들은 오른쪽, 왼쪽을 꺾어 가며 닫혀 있는 문 앞까지 나아갔다.
disk28	58-1	2060	52	クラ－ク「扉の向こうには誰もいないようだ。扉を開けてもし人がいたら逃げるのだぞ」	disk28/ﾄﾋﾟﾗ.png	main/ｸﾗｰｸ.png	KO	클라크: 문 너머에는 아무도 없는 것 같군. 문을 열었는데 누가 있으면 바로 도망치도록 하게.
disk28	58-1	2070	53	クラ－クは、扉をそっと押した。扉にはカギがかかっていなかったが、きしむ音が大きく響いた。	disk28/ﾄﾋﾟﾗ.png	main/ｸﾗｰｸ.png	KO	클라크가 조심스럽게 문을 밀었다. 잠겨 있지 않은 문이 열리며 삐걱거림이 복도에 울려 퍼졌다.
disk28	58-1	2080	54	クラ−ク「地下に降りる扉だったのか｡  K段にもロ−ソクがついているから奴等はここを通って行ったに間違いない。行こう」	disk28/ﾄﾋﾟﾗ.png	main/ｸﾗｰｸ.png	KO	클라크: 지하로 내려가는 문이었나. 계단에도 촛불이 켜져 있으니 이쪽으로 내려간 게 틀림없겠군. 들어가세.
disk28	58-1	10000	101	ＤＡＴＡをＳＡＶＥしますか？　Ｙ／Ｎ	disk28/ﾄﾋﾟﾗ.png	main/ｸﾗｰｸ.png	KO	
disk28	58-1	10040	107	ドライブ１に、ＳＡＶＥ・ディスクを入れて下さい。	disk28/ﾄﾋﾟﾗ.png	main/ｸﾗｰｸ.png	KO	
disk28	58-1	10070	109	ドライブ１のディスクが違います。	disk28/ﾄﾋﾟﾗ.png	main/ｸﾗｰｸ.png	KO	드라이브 1의 디스크가 다릅니다.
disk28	58-1	10110	110	ＳＡＶＥしました。ドライブ１のディスクに、ＭＡＩＮディスクを入れて下さい。	disk28/ﾄﾋﾟﾗ.png	main/ｸﾗｰｸ.png	KO	
disk28	58-1	10150	112	ドライブ１のディスクが違います。	disk28/ﾄﾋﾟﾗ.png	main/ｸﾗｰｸ.png	KO	드라이브 1의 디스크가 다릅니다.
disk28	NO59	900	0	デビッドが話す。	disk28/ﾄﾋﾟﾗ.png	main/ｸﾗｰｸ.png	KO	데이비드가 말한다.
disk28	NO59	900	1	スシャ－ナが話す。	disk28/ﾄﾋﾟﾗ.png	main/ｸﾗｰｸ.png	KO	수잔나가 말한다.
disk28	NO59	900	2	クラ－クが話す。	disk28/ﾄﾋﾟﾗ.png	main/ｸﾗｰｸ.png	KO	클라크가 말한다.
disk28	NO59	900	3	ヴィンスが話す。	disk28/ﾄﾋﾟﾗ.png	main/ｸﾗｰｸ.png	KO	빈스가 말한다.
disk28	NO59	970	4	クラ－ク達は階段を降りた。地下は広く色々な物がおかれている。その奥にロ－ソクで照らされた扉が見える。	disk28/ﾁｶ.png	main/ｸﾗｰｸ.png	KO	탐정들은 계단을 내려갔다. 지하는 넓었고 여러 가지 물건이 놓여 있다. 그 안쪽에 촛불로 밝혀진 문이 보였다.
disk28	NO59	975	5	クラ－クは扉の前に立った。	disk28/ﾄﾋﾞﾗ.png	main/ｸﾗｰｸ.png	KO	클라크는 그 문 앞에 멈춰 섰다.
disk28	NO59	980	6	用心深く扉をひいた。	disk28/ﾄﾋﾞﾗ.png	main/ｸﾗｰｸ.png	KO	조심스럽게 문을 당겼다.
disk28	NO59	990	7	部屋の中には、ロ－ソクが一本つけられているだけで暗かった。中のようすを調べるため中に入った。	disk28/ﾄﾋﾞﾗ.png	main/ｸﾗｰｸ.png	KO	방 안에는 촛불 하나만 켜져 있어 어두컴컴했다. 안의 상황을 살피기 위해 안으로 들어갔다.
disk28	NO59	995	8	その時、クラ－クとヴィンスは、後ろから棒のようなもので頭をなぐられ、床に倒れてしまった。	disk28/ﾄﾋﾞﾗ.png	main/ｸﾗｰｸ.png	KO	바로 그 순간, 두 사람은 뒤에서 몽둥이 같은 것에 머리를 얻어맞고 그대로 바닥에 쓰러졌다.
disk28	NO59	1000	9	その頃、デビッドはスシャ－ナの看護で、いつものような元気を取り戻し、ロ－ソクの炎の明かりの中で北の王の話をしていた。	disk28/ﾍﾞｯﾄ.png	main/ｸﾗｰｸ.png	KO	한편, 데이비드는 수잔나의 간호 덕분에 평소의 기운을 되찾아, 촛불의 불빛 속에서 북방의 왕에 대해 이야기하고 있었다.
disk28	NO59	1600	10	スシャ－ナ「元気になって良かったわ。でも北の王が魔導の力を使ってくるなんて・・・」	disk28/ﾍﾞｯﾄ.png	main/linR.png	KO	수잔나: 기운을 되찾아서 다행이에요. 하지만 북방의 왕이 마도의 힘을 사용하다니...
disk28	NO59	1610	11	デビッド「呪文って人を殺す事ができるのかい？　確かに俺は苦しんだが、悪夢のせいのように思えるんだ」	disk28/ﾍﾞｯﾄ.png	main/davL.png	KO	데이비드: 주문만으로 사람을 죽일 수도 있는 거야? 엄청 괴롭긴 했지만, 그냥 악몽 때문인 줄 알았는데...
disk28	NO59	1620	12	スシャ－ナ「呪文は催眠術と似ているけど、遠く離れていても術を相手にかけられるのよ。でも集中力を凄く使うから北の王も疲れている筈よ」	disk28/ﾍﾞｯﾄ.png	main/linR.png	KO	수잔나: 주문은 최면술과 비슷하지만 멀리 떨어진 상대에게도 걸 수 있어요. 대신 엄청난 집중력이 필요하니까 북방의 왕도 상당히 지쳤을 거예요.
disk28	NO59	1630	13	デビッド「フロオス王の血に悪夢を見せられ、北の王からも悪夢を見せつけられたら、俺は体がもたないよ」	disk28/ﾍﾞｯﾄ.png	main/davL.png	KO	데이비드: 플로스 왕의 피 때문에 악몽을 꾸는데, 북방의 왕까지 악몽에 나타나면 내 몸이 견디질 못할 거야.
disk28	NO59	1640	14	スシャ－ナ「デビッド、逃げてばかりいても助からないのなら、思いきって魔王になってみる？・・・」	disk28/ﾍﾞｯﾄ.png	main/linR.png	KO	수잔나: 데이비드, 계속 도망쳐도 살 수 없다면 차라리 마왕이 되는 건 어때요?
disk28	NO59	1650	15	デビッド「北の一族の者を殺せと言うのかい？　人を殺せば一生警察に追われてしまう。ちくしょう！　どうすればいいんだ」	disk28/ﾍﾞｯﾄ.png	main/davL.png	KO	데이비드: 북방 일족을 죽이라고? 사람을 죽이면 평생 경찰에게 쫓기게 돼. 빌어먹을, 나보고 대체 어쩔라는 거야!
disk28	NO59	1670	16	スシャ－ナ「デビッド、落ち着いて。そんなに興奮したら身体がだめになってしまうわ」	disk28/ﾍﾞｯﾄ.png	main/linR.png	KO	수잔나: 데이비드, 진정해요. 그렇게 흥분하면 또 몸이 망가져요.
disk28	NO59	1680	17	その時、エミリ－が部屋に入って来た。スシャ－ナの耳もとで小さくささやいた。	disk28/ﾍﾞｯﾄ.png	disk43/ｴﾐﾘｰ.png	KO	그때 에밀리가 방으로 들어와 수잔나의 귓가에 작은 목소리로 속삭였다.
disk28	NO59	1690	18	スシャ－ナ「母の友達の魔導師の方々が集まったそうです。デビッド、皆さんに会って相談しましょう。魔導の力について何か知る事ができるわ」	disk28/ﾍﾞｯﾄ.png	main/linR.png	KO	수잔나: 어머니 친구인 마도사분들이 모이셨대요. 데이비드, 그분들을 만나서 상담해 봐요. 마도의 힘에 대해 뭔가 알 수 있을 거예요.
disk28	NO59	1700	19	デビッド「せっかく俺のために来てくれたんだから行くけど、魔導師って何となく性に合わないな」	disk28/ﾍﾞｯﾄ.png	main/davL.png	KO	데이비드: 일부러 나를 위해 와 준 사람들이니 만나기는 하겠지만, 마도사라는 건 왠지 내 성미에는 맞지 않아.
disk28	NO59	1710	20	スシャ－ナ「私も魔導師の卵だけど、貴方が魔王になったら暗黒の魔導師の王になってしまうのよ。皆いい人達ばかりだから安心して」	disk28/ﾍﾞｯﾄ.png	main/linR.png	KO	수잔나: 저도 마도사 새내기지만, 당신이 마왕이 되면 그들의 왕이 되는 거예요. 모두 좋은 분들뿐이니 안심해요.
disk28	NO59	1720	21	デビッドは、スシャ－ナに手をひかれ下に降りて行った。	disk28/ﾛｳｶ1.png	main/linR.png	KO	데이비드는 수잔나에게 손을 이끌려 아래로 내려갔다.
disk28	NO59	1730	22	ロウソクの光だけで、ほの暗い廊下を歩いて地下に降りて行った。	disk28/ﾛｳｶ1.png	main/linR.png	KO	촛불만 희미하게 밝히는 어두운 복도를 지나 지하로 향했다.
disk28	NO59	10000	67	ＤＡＴＡをＳＡＶＥしますか？　Ｙ／Ｎ	disk28/ﾛｳｶ1.png	main/linR.png	KO	
disk28	NO59	10040	73	ドライブ１に、ＳＡＶＥ・ディスクを入れて下さい。	disk28/ﾛｳｶ1.png	main/linR.png	KO	
disk28	NO59	10070	75	ドライブ１のディスクが違います。	disk28/ﾛｳｶ1.png	main/linR.png	KO	드라이브 1의 디스크가 다릅니다.
disk28	NO59	10110	76	ＳＡＶＥしました。ドライブ１のディスクに、ＭＡＩＮディスクを入れて下さい。	disk28/ﾛｳｶ1.png	main/linR.png	KO	
disk28	NO59	10150	78	ドライブ１のディスクが違います。	disk28/ﾛｳｶ1.png	main/linR.png	KO	드라이브 1의 디스크가 다릅니다.
disk28	59-1	900	0	デビッドが話す。	disk28/ﾛｳｶ1.png	main/linR.png	KO	데이비드가 말한다.
disk28	59-1	900	1	スシャ－ナが話す。	disk28/ﾛｳｶ1.png	main/linR.png	KO	수잔나가 말한다.
disk28	59-1	900	2	クラ－クが話す。	disk28/ﾛｳｶ1.png	main/linR.png	KO	클라크가 말한다.
disk28	59-1	900	3	ヴィンスが話す。	disk28/ﾛｳｶ1.png	main/linR.png	KO	빈스가 말한다.
disk28	59-1	1740	4	扉を開け、中に入ると男性が４人と女性１人が、デビッドに向かって深く頭を下げた。その挨拶は［エレノ・ヴィジョン］のデビッドでなく、魔王としての礼だった。	disk28/ﾁｶｼﾂ.png	main/linR.png	KO	문을 열고 안으로 들어가자, 남자 네 명과 여자 한 명이 데이비드를 향해 깊이 머리를 숙였다. 그 인사는 `엘레노 비전'의 데이비드가 아닌, 마왕에게 바치는 예였다.
disk28	59-1	1750	5	スシャ－ナが中央に置かれたテ－ブルに近づくと、魔導師達もテ－ブルを囲むように集まった。	disk28/ﾋﾄﾑﾚ.png	main/linR.png	KO	수잔나가 방 중앙의 테이블로 다가가자, 마도사들도 그 주위를 에워싸듯 모여들었다.
disk28	59-1	1788	6	ト－マスが話す。	disk28/ﾋﾄﾑﾚ.png	main/linR.png	KO	토마스가 말한다.
disk28	59-1	1800	7	リサが話す。	disk28/ﾋﾄﾑﾚ.png	main/linR.png	KO	리사가 말한다.
disk28	59-1	1810	8	リ－ヴァスが話す。	disk28/ﾋﾄﾑﾚ.png	main/linR.png	KO	리바스가 말한다.
disk28	59-1	1820	9	グレッグが話す。	disk28/ﾋﾄﾑﾚ.png	main/linR.png	KO	그렉이 말한다.
disk28	59-1	1860	10	パロウズが話す。	disk28/ﾋﾄﾑﾚ.png	main/linR.png	KO	버로스가 말한다.
disk28	59-1	1870	11	リサが話す。	disk28/ﾋﾄﾑﾚ.png	main/linR.png	KO	리사가 말한다.
disk28	59-1	1900	12	スシャ－ナ「デビッド、こちらがト－マス・サイモンさん」	disk28/ﾋﾄﾑﾚ.png	disk43/ﾄｰﾏｽ.png	KO	수잔나: 데이비드, 이쪽은 토마스 사이먼 씨예요.
disk28	59-1	1901	13	スシャ－ナ「奥さんのリサさん」	disk28/ﾋﾄﾑﾚ.png	disk43/ﾘｻ.png	KO	수잔나: 이쪽은 리사 부인이에요.
disk28	59-1	1902	14	スシャ－ナ「こちらがパロウズさんと」	disk28/ﾋﾄﾑﾚ.png	disk43/ﾊﾟﾛｳ.png	KO	수잔나: 이쪽은 버로스 씨이고.
disk28	59-1	1903	15	スシャ－ナ「リ－ヴァスさん」	disk28/ﾋﾄﾑﾚ.png	disk43/ﾘｰﾊｽ.png	KO	수잔나: 이쪽은 리바스 씨.
disk28	59-1	1904	16	スシャ－ナ「そして、グレッグさん。皆さん暗黒の魔導師の称号を持つ方達よ」	disk28/ﾋﾄﾑﾚ.png	disk43/ｸﾚｯｸ.png	KO	수잔나: 그리고 이쪽은 그렉 씨예요. 모두 암흑의 마도사라는 칭호를 가진 분들이에요.
disk28	59-1	1910	17	デビッド「デビッドです。私のためにわざわざ来て頂いてすみません」	disk28/ﾋﾄﾑﾚ.png	main/davL.png	KO	데이비드: 데이비드입니다. 저를 위해 일부러 와주셔서 감사합니다.
disk28	59-1	1920	18	スシャ－ナ「暗黒の魔導師は、魔王を助ける定めに生きてきたの。だからデビッドも遠慮しないで、みんなと一緒に相談しましょうよ」	disk28/ﾋﾄﾑﾚ.png	main/linR.png	KO	수잔나: 암흑의 마도사는 마왕을 돕는 운명을 짊어지고 살아왔어요. 그러니까 데이비드도 사양하지 말고 모두와 함께 의논해 봐요.
disk28	59-1	1930	19	リサ「デビッドさん、この写真の方に身覚えがありませんか？・・・夢の中で見たとか・・・」	disk28/ﾋﾄﾑﾚ.png	disk43/ﾘｻ.png	KO	리사: 데이비드 씨, 혹시 이 사진 속 남자를 본 적 있나요? 혹시 꿈속에서라도...
disk28	59-1	1940	20	デビッドは、渡された写真を見たが初めて見る顔だった。	disk28/ﾋﾄﾑﾚ.png	disk43/ｲﾗｲ.png	KO	데이비드는 건네받은 사진을 봤지만, 처음 보는 얼굴이었다.
disk28	59-1	1950	21	リサ「この方は、デビッドさん達をツア－の時から探偵に調べさせていた依頼人なのです」	disk28/ﾋﾄﾑﾚ.png	disk43/ﾘｻ.png	KO	리사: 이 사람이 투어 때부터 탐정을 고용해 여러분의 감시를 의뢰한 사람입니다.
disk28	59-1	1960	22	パロウズ「ランズさんに聞いたのですが、北の王の呪文に苦しめられたそうですね。奴はいきなり現れたのですか？」	disk28/ﾋﾄﾑﾚ.png	disk43/ﾊﾟﾛｳ.png	KO	버로스: 랜즈 씨에게 들었습니다만, 북방의 왕의 주문 때문에 큰 고통을 겪으셨다면서요. 놈은 갑자기 나타났습니까?
disk28	59-1	1970	23	デビッド「いま思うと・・・北の王が来る前に農民がこの城をとり囲み、俺に出ていけと叫んでいたような・・・そして、北の王が部屋に・・・」	disk28/ﾋﾄﾑﾚ.png	main/davL.png	KO	데이비드: 지금 생각해 보니... 북방의 왕이 나타나기 전에 농민들이 성을 포위하고 저더러 떠나라고 소리쳤어요. 그러고 나서 북방의 왕이 방에 나타나서...
disk28	59-1	1980	24	パロウズ「北の王は、デビッドさんに悪夢を送り、夢の中に現れて呪文をかけたのでしょう。悪夢よけの指輪も北の王には効果がなかったのか・・・」	disk28/ﾋﾄﾑﾚ.png	disk43/ﾊﾟﾛｳ.png	KO	버로스: 북방의 왕은 데이비드 씨에게 악몽을 보내고, 그 속에 나타나 주문을 건 모양입니다. 악몽을 막는 반지도 북방의 왕에게는 효과가 없었나 보군요...
disk28	59-1	1990	25	グレッグ「北の王がデビッドさんに悪夢を送った時に、我々がその夢の中に入って戦えば・・・」	disk28/ﾋﾄﾑﾚ.png	disk43/ｸﾚｯｸ.png	KO	그렉: 북방의 왕이 데이비드 씨에게 악몽을 보낼 때 우리가 그 꿈속에 들어가 싸운다면 어떻게든 되지...
disk28	59-1	2000	26	リ－ヴァス「北の王に魔導の力で戦っても、勝てる保証はありません。失敗すればデビッドさんは、死ぬ事になるのですよ」	disk28/ﾋﾄﾑﾚ.png	disk43/ﾘｰﾊｽ.png	KO	리바스: 마도의 힘으로 북방의 왕과 맞붙는다 해도 승산이 있다는 보장은 없습니다. 실패하면 데이비드 씨가 목숨을 잃게 됩니다.
disk28	59-1	2010	27	リサ「北の王は悪夢を送り、その中で呪文を使ったのです。私達にそんな魔導の力を使える者はいません。デビッドさんが魔王になれば別ですが・・・」	disk28/ﾋﾄﾑﾚ.png	disk43/ﾘｻ.png	KO	리사: 북방의 왕은 악몽을 보내고 그 안에서 주문까지 사용했습니다. 우리 중에는 그런 마도의 힘을 사용할 수 있는 사람이 없습니다. 데이비드 씨가 마왕이 된다면 모르겠지만...
disk28	59-1	2020	28	リ－ヴァス「北の王を見つけて、武器で殺す以外に道はありません。それには、さきほど捕らえたあの二人の探偵の口から依頼人を聞きだし、北の王を探せばいいのです」	disk28/ﾋﾄﾑﾚ.png	disk43/ﾘｰﾊｽ.png	KO	리바스: 결국 북방의 왕을 직접 찾아내 무기로 제거하는 수밖에 없습니다. 아까 붙잡은 두 탐정에게서 의뢰인의 정체를 캐내면 북방의 왕을 추적할 수 있을 겁니다.
disk28	59-1	2030	29	スシャ－ナ「二人の探偵を捕らえたのですか？　それで依頼人の名前は・・・」	disk28/ﾋﾄﾑﾚ.png	main/linR.png	KO	수잔나: 그들을 붙잡았나요? 그러면 의뢰인의 이름은 알아냈나요?
disk28	59-1	2040	30	ト－マス「自白の薬を飲ませたのですが何も答えないのです。もしかして北の一族かも知れません。デビッドさんの魔王の力を借りて、呪文で聞くしかないようです」	disk28/ﾋﾄﾑﾚ.png	disk43/ﾄｰﾏｽ.png	KO	토마스: 자백제를 먹였는데도 입을 열지 않습니다. 어쩌면 그들도 북방 일족일지도 모르죠. 데이비드 씨의 마왕의 힘을 빌려 주문으로 입을 여는 수밖에 없을 듯합니다.
disk28	59-1	2050	31	デビッド「俺は魔導師じゃないから呪文など知りませんよ。悪夢や幻想をみるだけで・・・スシャ－ナ、何とか言ってくれよ」	disk28/ﾋﾄﾑﾚ.png	main/davL.png	KO	데이비드: 저는 마도사가 아니라 주문 같은 건 모릅니다. 악몽이나 환상을 볼 뿐... 수잔나, 뭐라고 말 좀 해줘.
disk28	59-1	2060	32	スシャ－ナ「大丈夫よ、デビッド。グレッグさん、二人を連れて来て」	disk28/ﾋﾄﾑﾚ.png	main/linR.png	KO	수잔나: 걱정하지 마요, 데이비드. 그렉 씨, 두 사람을 데려오세요.
disk28	59-1	2065	33	グレッグは部屋のすみにある戸棚に近づき、戸を開いた。	disk28/ﾋﾄﾑﾚ.png	main/linR.png	KO	그렉은 방 구석에 있는 벽장으로 다가가 문을 열었다.
disk28	59-1	2067	34	グレッグは、中から後ろ手にしばられたクラ－クとヴィンスを引き出し、連れて来た。	disk28/KV.png	main/linR.png	KO	그 안에서는 두 손이 등 뒤로 묶인 클라크와 빈스를 끌어내 데려왔다.
disk28	59-1	2070	35	スシャ－ナ「やはり貴方達ね。なぜ依頼人の名前を言わないのです。私達にとっては、生きるか死ぬかの瀬戸際なのですよ」	disk28/KV.png	main/linR.png	KO	수잔나: 역시 당신들이었군요. 대체 왜 의뢰인의 이름을 말하지 않는 거죠? 우리에게는 목숨이 걸린 문제예요.
disk28	59-1	2080	36	クラ－ク「俺達はあんた達を助けたことがあるんだ。これがあんたのお返しか？　俺は知っての通り探偵だ。簡単に依頼人の名前を言えるか！」	disk28/KV.png	main/ｸﾗｰｸ.png	KO	클라크: 우리가 당신들 목숨까지 구해 줬는데 이게 보답인가? 나도 엄연한 탐정일세. 의뢰인의 이름을 그렇게 쉽게 불 것 같은가?
disk28	59-1	2090	37	スシャ－ナ「私は貴方達を殺してでも知りたいのです。魔王の力をもってすれば簡単に聞きだす事ができますが、その時は貴方達が廃人になっているでしょう」	disk28/KV.png	main/linR.png	KO	수잔나: 저는 당신들을 죽여서라도 알아내고 싶어요. 마왕의 힘을 사용하면 간단히 알아낼 수 있지만, 그러면 당신들은 폐인이 되겠죠.
disk28	59-1	2100	38	クラ－ク「ほう・・魔王ね。噂には聞いているが、それは何者だね。紹介してもらおうじゃねぇか。北の王とか魔王とか・・俺達には何も関係がないんだ」	disk28/KV.png	main/ｸﾗｰｸ.png	KO	클라크: 호오... 마왕이라, 소문으로는 들었지만 그게 대체 누구지? 얼굴이나 보자고. 북방의 왕이니 마왕이니... 우리와는 아무 관계도 없는 일일세.
disk28	59-1	2110	39	ヴィンス「所長、もし魔王が現れたら・・・スシャ－ナは本気で言ってるようですよ。僕は知らないけれど、所長は依頼人の事を知ってるのですから、教えてあげたらどうですか？」	disk28/KV.png	main/ｳｲﾝｽ.png	KO	빈스: 소장님, 정말 마왕이 나타나면 어쩌려고요... 수잔나는 농담하는 게 아닌 것 같아요. 전 모르지만 소장님은 의뢰인에 대해 아는 게 있으니 그냥 말해 주는 게 어떻습니까?
disk28	59-1	2120	40	クラ－ク「君はだまっていたまえ。俺は依頼人を裏切らないのが誇りなんだ。死んでも言わないからあきらめるんだな。それに自白剤なら訓練してるから無駄だぜ」	disk28/KV.png	main/ｸﾗｰｸ.png	KO	클라크: 자넨 가만히 있게. 의뢰인을 배신하지 않는 건 탐정의 자존심이야. 죽어도 말 안 할 테니까 포기하지. 자백제라면 훈련도 받으니 소용없을 걸세.
disk28	59-1	2125	41	スシャ－ナ「デビッド、お願い。この薬を飲んで。この薬は催眠剤なの。貴方の血を静めて、私が呪文を送り魔王の力を引き出せば、探偵から全てを聞きだせるわ」	disk28/KV.png	main/linR.png	KO	수잔나: 데이비드, 부탁할게요. 이 약을 마셔줘요. 이건 최면제예요. 당신의 피를 가라앉힌 다음 제가 주문을 걸어 마왕의 힘을 끌어내면 저 탐정들에게서 모든 걸 알아낼 수 있어요.
disk28	59-1	2130	42	デビッド「スシャ－ナ、君はもしかして魔導の力が使えるのでは・・・俺が魔王の血を受け継いでいるのを知って近づいて来たのか？・・・」	disk28/KV.png	main/davL.png	KO	데이비드: 수잔나, 당신 혹시 마도의 힘을 쓸 수 있는 거 아니야? 설마 내가 마왕의 계승자라는 걸 알고 처음부터 접근한 거야?
disk28	59-1	2140	43	スシャ－ナ「貴方を愛しているからよ。生まれてきた時からずっと夢の中で愛し続けてきたの。貴方をだましていたのは、北の王から貴方を守るためよ」	disk28/KV.png	main/linR.png	KO	수잔나: 당신을 사랑하니까요. 저는 태어난 순간부터 꿈속에서 계속 당신을 사랑해 왔어요. 지금까지 숨긴 것도 모두 북방의 왕으로부터 당신을 지키기 위해서였어요.
disk28	59-1	2150	44	スシャ－ナ「デビッドに、私がいきなり魔王の話をしたら信じた？・・・私を気が変な女だと思って遠ざけた筈よ。だから私を信じて薬を飲んでちょうだい」	disk28/KV.png	main/linR.png	KO	수잔나: 데이비드에게 내가 갑자기 마왕 이야기를 했다면 믿었겠어? ...저를 미친 여자라고 생각하고 멀리했겠죠. 그러니까 저를 믿고 약을 마셔줘요.
disk28	59-1	2160	45	デビッドは特に驚かなかった。スシャ－ナがいなかったら北の王から殺されるか、精神病院に送られていると前から思っていたからだ。	disk28/KV.png	main/linR.png	KO	데이비드는 의외로 놀라지 않았다. 수잔나가 없었다면 자신은 북방의 왕에게 죽었거나, 정신병원에 감금됐을 거라고 오래전부터 생각해 왔기 때문이었다.
disk28	59-1	2170	46	しかしデビッドは、探偵に呪文を使えば依頼人の事がわかっても、探偵はあの苦しみに耐える事ができずに廃人になるか、死んでしまうに違いないと思った。	disk28/KV.png	main/linR.png	KO	하지만 데이비드는 탐정들에게 주문을 사용하면 의뢰인에 대해 알게 되더라도, 틀림없이 그들은 그 고통을 견디지 못해 폐인이 되거나 죽고 말 거라고 생각했다.
disk28	59-1	2180	47	スシャ－ナ「探偵は北の一族よ。彼の血をみればデビッドは、フロオス王の言うように魔王の力が身につくのよ。もう北の王におびえる事はないわ」	disk28/KV.png	main/linR.png	KO	수잔나: 이들은 북방 일족이에요. 북방의 피를 보게 되면 데이비드는 플로스 왕이 말한 것처럼 마왕의 힘을 얻게 될 거예요. 그러면 더 이상 북방의 왕을 두려워할 필요가 없어요.
disk28	59-1	2190	48	デビッドはスシャ－ナの言葉を信じ、薬を飲みたかったが探偵を殺すことへの理性が働き、迷った。	disk28/KV.png	main/linR.png	KO	데이비드는 수잔나의 말을 믿고 약을 마시고 싶었지만, 탐정들을 죽음으로 내몰 수 있다는 죄책감에 갈등했다.
disk28	59-1	2200	49	スシャ－ナから渡された薬を飲む。	disk28/KV.png	main/linR.png	KO	수잔나가 건넨 약을 마신다.
disk28	59-1	2200	50	人を殺す危険があるから薬は飲まない。	disk28/KV.png	main/linR.png	KO	사람을 해칠 수 없으니 거절한다.
disk28	59-1	3000	51	ＣＤ－ＲＯＭよりＤＡＴＡの読み込みを始めます。ＨＩＴ　ＡＮＹ　ＫＥＹ	disk28/KV.png	main/linR.png	KO	CD-ROM에서 데이터 읽습니다. 아무 키나 눌러주세요.
disk28	59-1	3010	52	　　　　　　　　ＣＤ－ＲＯＭよりＤＡＴＡを読み込み中	disk28/KV.png	main/linR.png	KO	데이터를 읽는 중...
disk28	59-1	3060	54	ＣＤ－ＲＯＭよりＤＡＴＡの読み込みを始めます。ＨＩＴ　ＡＮＹ　ＫＥＹ	disk28/KV.png	main/linR.png	KO	CD-ROM에서 데이터 읽습니다. 아무 키나 눌러주세요.
disk28	59-1	3070	55	　　　　　　　　ＣＤ－ＲＯＭよりＤＡＴＡを読み込み中	disk28/KV.png	main/linR.png	KO	데이터를 읽는 중...
disk28	59-1	10000	97	ＤＡＴＡをＳＡＶＥしますか？　Ｙ／Ｎ	disk28/KV.png	main/linR.png	KO	
disk28	59-1	10040	103	ドライブ１に、ＳＡＶＥ・ディスクを入れて下さい。	disk28/KV.png	main/linR.png	KO	
disk28	59-1	10070	105	ドライブ１のディスクが違います。	disk28/KV.png	main/linR.png	KO	드라이브 1의 디스크가 다릅니다.
disk28	59-1	10110	106	ＳＡＶＥしました。ドライブ１のディスクに、ＭＡＩＮディスクを入れて下さい。	disk28/KV.png	main/linR.png	KO	
disk28	59-1	10150	108	ドライブ１のディスクが違います。	disk28/KV.png	main/linR.png	KO	드라이브 1의 디스크가 다릅니다.
disk29	NO60	900	0	デビッドが話す。			KO	데이비드가 말한다.
disk29	NO60	900	1	スシャ－ナが話す。			KO	수잔나가 말한다.
disk29	NO60	900	2	クラ－クが話す。			KO	클라크가 말한다.
disk29	NO60	900	3	ヴィンスが話す。			KO	빈스가 말한다.
disk29	NO60	1000	4	デビッドは、命の恩人である二人に死の苦しみを与える事はできなかった。	disk29/ﾁｶｼﾂ.png		KO	데이비드는 목숨을 구해 준 은인들에게 죽음의 고통으로 내몰 수는 없었다.
disk29	NO60	1200	5	スシャ－ナ「デビッド、依頼人を知るチャンスは二度とないかも知れないのよ」	disk29/ﾁｶｼﾂ.png	main/linR.png	KO	수잔나: 데이비드, 의뢰인의 정체를 알아낼 기회는 다시는 없을지도 몰라요.
disk29	NO60	1210	6	デビッド「スシャ－ナ俺には無理だ。命を助けてくれた恩人を殺してまで生きのびる事などできない」	disk29/ﾁｶｼﾂ.png	main/davL.png	KO	데이비드: 수잔나, 난 못 하겠어. 내 생명의 은인을 죽이면서까지 살아남고 싶지 않아.
disk29	NO60	1220	7	スシャ－ナ「北の一族は、今にもデビッドを殺しに来るというのに、貴方が死んだら私はどうすればいいの？」	disk29/ﾁｶｼﾂ.png	main/linR.png	KO	수잔나: 북방 일족이 당장이라도 올지도 모르는데, 당신이 죽으면 전 어떻게 하라고요?
disk29	NO60	1230	8	デビッド「俺は決めたんだ。スシャ－ナ、彼等の縄をほどいてやってくれないか？」	disk29/ﾁｶｼﾂ.png	main/davL.png	KO	데이비드: 이미 결정했어. 수잔나, 두 사람을 풀어줘.
disk29	NO60	1240	9	スシャ－ナは、デビッドの決心が変わらないとあきらめ、グレッグに縄をとくように頼んだ。	disk29/KV.png	main/davL.png	KO	수잔나는 데이비드의 마음을 돌릴 수 없다는 것을 깨닫고 그렉에게 두 사람을 풀어주라고 말했다.
disk29	NO60	1245	10	縄をとかれたクラ－ク達にデビッドは言った。	disk29/ﾌﾀﾘ.png	main/davL.png	KO	결박에서 풀려난 탐정들에게 데이비드가 말했다.
disk29	NO60	1250	11	デビッド「貴方達も仕事で俺達を調べたのでしょうが、おかげで俺は依頼人達に命を狙われるようになったよ。二度と俺達に近寄らないと約束してくれ」	disk29/ﾌﾀﾘ.png	main/davL.png	KO	데이비드: 당신들도 일이니까 우리를 조사했겠지만, 그 덕분에 내 목숨이 위험해졌어. 다시는 우리에게 접근하지 않겠다고 약속해.
disk29	NO60	1260	12	スシャ－ナ「そうよ。貴方達の依頼人は殺人者なのよ。探偵が仕事ととはいえ、これ以上依頼人と関係を続けるなら、私達は貴方達を殺人者の一味として殺しますよ」	disk29/ﾌﾀﾘ.png	main/linR.png	KO	수잔나: 그래요. 당신들의 의뢰인은 살인자예요. 아무리 의뢰라고 해도 더 이상 의뢰인과 관계를 지속한다면, 당신들을 공범으로 간주하고 가만두지 않을 거예요.
disk29	NO60	1270	13	ヴィンス「僕はやめます。だって僕は、デビッドさんのファンなのです。依頼人がデビッドさんを狙う殺人者とは知らずに、大変な事をしてしまいました。許して下さい」	disk29/ﾌﾀﾘ.png	main/ｳｲﾝｽ.png	KO	빈스: 저는 손 떼겠습니다. 사실 전 데이비드 씨의 팬이거든요. 의뢰인이 데이비드 씨를 죽이려는 사람인 줄도 모르고 엄청난 실수를 저질러버렸네요. 정말 죄송합니다.
disk29	NO60	1280	14	クラ－ク「責任者のクラ－クです。デビッドさんには、命を助けて頂きながら依頼人の事を話せなくって、かんべんして下さい」	disk29/ﾌﾀﾘ.png	main/ｸﾗｰｸ.png	KO	클라크: 소장인 클라크입니다. 데이비드 씨가 목숨까지 구해주셨는데도 의뢰인의 정보를 드릴 수 없음을 용서해 주십시오.
disk29	NO60	1290	15	クラ－ク「この調査から手を引く事を誓うためサインをしますから、誓約書として受け取って下さい」	disk29/ﾌﾀﾘ.png	main/ｸﾗｰｸ.png	KO	클라크: 이 의뢰에서 손을 떼겠다는 것을 맹세로 서명할 테니, 서약서로 받아 주십시오.
disk29	NO60	1300	16	クラ－クは何を思ったのか、手帳をとりだしペ－ジをめくった。そこにペンでサインをした後、紙をひきさきデビッドに渡した。	disk29/ﾌﾀﾘ.png	main/ｸﾗｰｸ.png	KO	클라크는 무슨 생각이 났는지, 수첩을 꺼내 페이지를 넘겼다. 거기에 펜으로 서명한 뒤 종이를 찢어 데이비드에게 건넸다.
disk29	NO60	1310	17	クラ－ク「ヴィンス君、ここはぶっそうだから帰らせてもらおう。デビッドさん、元気でまた会場であいましょう」	disk29/ﾌﾀﾘ.png	main/ｸﾗｰｸ.png	KO	클라크: 빈스 군, 여긴 너무 위험하니 이제 돌아가지. 데이비드 씨, 몸조심하시고 다음에는 공연장에서 뵙도록 하죠.
disk29	NO60	1320	18	クラ－クとヴィンスは逃げるように部屋を出ていった。	disk29/ﾌﾀﾘ.png	main/davL.png	KO	클라크와 빈스는 도망치듯 방을 나갔다.
disk29	NO60	1330	19	デビッドは、クラ－クから貰った手帳の紙を見て声をあげた。	disk29/ﾋﾄﾑﾚ.png	main/davL.png	KO	데이비드는 클라크에게 받은 서명서를 보고 놀라 소리쳤다.
disk29	NO60	1560	20	グレッグが話す。	disk29/ﾋﾄﾑﾚ.png	main/davL.png	KO	그렉이 말한다.
disk29	NO60	1600	21	スシャ－ナ「デビッド、その紙に何か書いてあるの？」	disk29/ﾋﾄﾑﾚ.png	main/linR.png	KO	수잔나: 데이비드, 거기에 뭐가 적혀 있나요?
disk29	NO60	1610	22	デビッド「クラ－クさんは、依頼人の事は話さなかったが、依頼人の名前や住所を書いてある、手帳の紙にサインをしてくれたんだ」	disk29/ﾋﾄﾑﾚ.png	main/davL.png	KO	데이비드: 클라크 씨는 의뢰인에 대해 발설하지 않았지만, 의뢰인의 이름과 주소가 적혀 있는 페이지를 서명해서 건네줬어.
disk29	NO60	1620	23	スシャ－ナ「あの人達は北の一族でなく、ほんとにデビッドのファンだったのね。私、間違ったことをする所だったわ。でも、デビッドにあんな事があった後だったので・・・」	disk29/ﾋﾄﾑﾚ.png	main/linR.png	KO	수잔나: 그 사람들은 북방 일족이 아니라 정말 당신의 팬이었던 모양이네요. 제가 끔찍한 짓을 저지를 뻔했네요. 하지만 당신이 죽을 뻔한 직후라서 저도 어쩔 수 없었어요.
disk29	NO60	1630	24	デビッド「わかっているよ。それよりも依頼人の所へいこう。今度の相手は、間違いなく北の一族の者だ。その時はスシャ－ナの薬を飲むよ」	disk29/ﾋﾄﾑﾚ.png	main/davL.png	KO	데이비드: 알고 있어. 그보다 이제 의뢰인에게 가보자. 이번에는 틀림없이 북방 일족일 테니까, 그때는 네 약을 마실게.
disk29	NO60	1640	25	グレッグ「待って下さい。貴方達は顔を知られていますから、会えば逃げられてしまいます。ここは顔を知られていない私達が行き、捕まえてきます」	disk29/ﾋﾄﾑﾚ.png	disk43/ｸﾚｯｸ.png	KO	그렉: 잠깐만 기다리십시오. 두 분은 이미 얼굴이 알려져 있어서 직접 가면 상대가 달아날 겁니다. 얼굴이 알려지지 않은 우리가 가서 붙잡아 오겠습니다.
disk29	NO60	1650	26	グレッグ「ランズさん達は、私達がもどるまでデビッドさんを守っていて下さい。事は急をようしますので、私達はいますぐ出発します。スシャ－ナさん、北の王にくれぐれも気をつけて下さい」	disk29/ﾋﾄﾑﾚ.png	disk43/ｸﾚｯｸ.png	KO	그렉: 랜즈 씨 부부는 우리가 돌아올 때까지 데이비드 씨를 지켜 주십시오. 시간이 없으니, 지금 당장 출발하겠습니다. 수잔나 씨도 북방의 왕을 각별히 조심해 주십시오.
disk29	NO60	1660	27	グレッグ達の車は、猛スピ－ドで走り去った。荒野の闇を走るヘッドライトの灯りも遠ざかり、消えて行った。	disk29/ｺｳﾔ.png	disk43/ｸﾚｯｸ.png	KO	암흑의 마도사들의 차는 엄청난 속도로 달려갔다. 황야의 어둠 속을 질주하는 헤드라이트의 불빛도 멀리 사라져 갔다.
disk29	NO60	1670	28	その夜、デビッドは期待と不安にかられ、アルコ－ルを飲んで夜をあかそうとしたが、スシャ－ナが睡眠薬を作ってくれた。	disk29/ﾍﾞｯﾄ.png	disk43/ｸﾚｯｸ.png	KO	그날 밤, 데이비드는 기대와 불안이 뒤섞여 술로 밤을 지새우려 했지만, 수잔나가 수면제를 만들어 주었다.
disk29	NO60	10000	61	ＤＡＴＡをＳＡＶＥしますか？　Ｙ／Ｎ	disk29/ﾍﾞｯﾄ.png	disk43/ｸﾚｯｸ.png	KO	
disk29	NO60	10040	67	ドライブ１に、ＳＡＶＥ・ディスクを入れて下さい。	disk29/ﾍﾞｯﾄ.png	disk43/ｸﾚｯｸ.png	KO	
disk29	NO60	10070	69	ドライブ１のディスクが違います。	disk29/ﾍﾞｯﾄ.png	disk43/ｸﾚｯｸ.png	KO	드라이브 1의 디스크가 다릅니다.
disk29	NO60	10110	70	ＳＡＶＥしました。ドライブ１のディスクに、ＭＡＩＮディスクを入れて下さい。	disk29/ﾍﾞｯﾄ.png	disk43/ｸﾚｯｸ.png	KO	
disk29	NO60	10150	72	ドライブ１のディスクが違います。	disk29/ﾍﾞｯﾄ.png	disk43/ｸﾚｯｸ.png	KO	드라이브 1의 디스크가 다릅니다.
disk29	60-1	900	0	デビッドが話す。	disk29/ﾍﾞｯﾄ.png	disk43/ｸﾚｯｸ.png	KO	데이비드가 말한다.
disk29	60-1	900	1	スシャ－ナが話す。	disk29/ﾍﾞｯﾄ.png	disk43/ｸﾚｯｸ.png	KO	수잔나가 말한다.
disk29	60-1	900	2	クラ－クが話す。	disk29/ﾍﾞｯﾄ.png	disk43/ｸﾚｯｸ.png	KO	클라크가 말한다.
disk29	60-1	900	3	ヴィンスが話す。	disk29/ﾍﾞｯﾄ.png	disk43/ｸﾚｯｸ.png	KO	빈스가 말한다.
disk29	60-1	1675	4	睡眠薬のためか、翌朝は快適な気分で起きられた。	disk29/ﾍﾞｯﾄ.png	disk43/ｸﾚｯｸ.png	KO	수면제 덕분인지, 다음 날 아침은 상쾌한 기분으로 일어날 수 있었다.
disk29	60-1	1680	5	デビッドの隣で寝ていたスシャ－ナは、部屋にいなかった。デビッドは部屋を出て、階段を降りて行った。	disk29/ﾍﾞｯﾄ.png	disk43/ｸﾚｯｸ.png	KO	옆에서 함께 있던 수잔나는 방에 없었다. 데이비드는 방을 나와 계단을 내려갔다.
disk29	60-1	1690	6	どこからか、コ－ヒ－の香りが流れてくる。デビッドは香りに導かれて広い部屋に入った。	disk29/ｼﾛ1F.png	disk43/ｸﾚｯｸ.png	KO	어디선가 커피 향이 풍겨 왔다. 데이비드는 그 향에 이끌려 넓은 방으로 들어갔다.
disk29	60-1	1695	7	そこは食堂で、スシャ－ナが料理を作っていた。	disk29/ﾃｰﾌﾙ.png	disk43/ｸﾚｯｸ.png	KO	그곳은 식당이었고, 수잔나가 식사를 준비하고 있었다.
disk29	60-1	2000	8	スシャ－ナ「おはようデビッド。食事の支度ができたから起こしにいこうと思っていたとこなの」	disk29/ﾃｰﾌﾙ.png	main/linR.png	KO	수잔나: 잘 잤어요, 데이비드? 마침 식사 준비가 끝나서 깨우러 가려던 참이었어요.
disk29	60-1	2010	9	デビッド「薬のおかげで良く寝られたよ。ランズさん達はどうしてる？」	disk29/ﾃｰﾌﾙ.png	main/davL.png	KO	데이비드: 약 덕분에 잘 잤어. 랜즈 씨는 어디 계셔?
disk29	60-1	2020	10	スシャ－ナ「北の一族を見張るといって銃を持って屋上にいるの。弁当を持って、グレッグさん達がもどるまで頑張ると言っていたわ」	disk29/ﾃｰﾌﾙ.png	main/linR.png	KO	수잔나: 북방 일족을 감시하겠다면서 총을 들고 옥상에 갔어요. 도시락까지 챙겨서 그렉 씨가 돌아올 때까지 지키겠다면서요.
disk29	60-1	2030	11	デビッド「俺のために皆に迷惑をかけて・・・俺さえ血を受け継いでいなかったら、食事も楽しくできたのに・・・」	disk29/ﾃｰﾌﾙ.png	main/davL.png	KO	데이비드: 나 때문에 모두에게 폐를 끼치네... 내가 피를 이어받지 않았으면 식사도 즐겁게 할 수 있을 텐데...
disk29	60-1	2040	12	スシャ－ナ「運命に逆らえないのはデビッドだけでないのよ。魔導師のみんなも、定められた運命に従っているわ。私達は生まれてきた時から普通の人のように自由がなかったのよ」	disk29/ﾃｰﾌﾙ.png	main/linR.png	KO	수잔나: 운명을 거스를 수 없는 건 데이비드뿐만이 아니에요. 마도사들도 주어진 운명을 따라 살아왔어요. 저희도 태어난 순간부터 평범한 사람처럼 자유롭게 살 수는 없었어요.
disk29	60-1	2050	13	デビッド「やはり魔王になって、北の王を倒せないといけな・・・うっ！」	disk29/ﾃｰﾌﾙ.png	main/davL.png	KO	데이비드: 결국 내가 마왕이 되어서 북방의 왕을 쓰러뜨려야 하는 건가... 윽!
disk29	60-1	2060	14	デビッドは、手に持っていたコ－ヒ－・カップを落とした。胸に手をあて椅子から滑り落ちるように床に倒れた。	disk29/ｸﾙｼﾑ.png	main/davL.png	KO	데이비드는 손에 들고 있던 커피잔을 떨어뜨렸다. 그는 가슴을 움켜쥔 채 의자에서 미끄러지듯 바닥으로 쓰러졌다.
disk29	60-1	2070	15	デビッド「うっ！・・・胸が・・・針をさし込まれたのか？・・・うっ！・・・」	disk29/ｸﾙｼﾑ.png	main/davL.png	KO	데이비드: 윽! 가슴이...! 심장에 바늘을 찔러 넣는 것 같아! ...으윽...!
disk29	60-1	2080	16	スシャ－ナは、デビッドを起こそうと身体に手をふれた。	disk29/ｸﾙｼﾑ.png	main/davL.png	KO	수잔나는 데이비드를 일으키려 그의 몸을 붙잡았다.
disk29	60-1	2090	17	スシャ－ナ「デビッド！　どうしたの！　胸が痛むの！？」	disk29/ｸﾙｼﾑ.png	main/davL.png	KO	수잔나: 데이비드! 왜 그래요? 가슴이 아파요!?
disk29	60-1	2100	18	デビッド「痛い！　身体にふれるな！　心臓に針が・・・うっ・・・」	disk29/ｸﾙｼﾑ.png	main/davL.png	KO	데이비드: 아악! 만지지 마! 심장에... 바늘이... 윽...
disk29	60-1	2110	19	スシャ－ナ「心臓に針が・・・北の王の呪文！　呪いの呪文だわ！　デビッド、そのまま動かないでじっとしていているのよ！」	disk29/ｸﾙｼﾑ.png	main/davL.png	KO	수잔나: 심장에 바늘이라니... 북방의 왕이에요! 저주의 주문을 걸었어요! 데이비드, 그대로 움직이지 말고 가만히 있어요!
disk29	60-1	2120	20	スシャ－ナは、地下に通じる廊下を走って行った。	disk29/ｸﾙｼﾑ.png	main/davL.png	KO	수잔나는 지하로 이어지는 복도를 향해 뛰어갔다.
disk29	60-1	2130	21	戻ってきたスシャ－ナの両手に、土でできた人形が４体と分厚い本が抱えられている。	disk29/ｸﾙｼﾑ.png	main/davL.png	KO	잠시 뒤, 돌아온 수잔나의 양손에는 흙으로 만든 인형 4개와 두꺼운 책을 들고 있었다.
disk29	60-1	2140	22	スシャ－ナは床にコンパスをおいて、デビッドを中心に正確な東西南北の位置に、持ってきた人形を並べ、分厚い本を開き呪文をとなえはじめた。	disk29/ﾄﾞｷ.png	main/davL.png	KO	수잔나는 바닥에 놓은 나침반을 따라 데이비드를 중심으로 정확한 동서남북 위치에 가져온 인형을 배치하고, 두꺼운 책을 펼쳐 주문을 외우기 시작했다.
disk29	60-1	2150	23	スシャ－ナは、壁に向かって大声で呪文をとなえている。今がもし夜なら、その方向にベルメアすい星が輝いている筈だ。	disk29/ﾄﾞｷ.png	main/davL.png	KO	수잔나는 한쪽 벽을 향해 힘껏 주문을 외쳤다. 지금이 밤이었다면 그 방향에 벨메아 혜성이 빛나고 있었을 것이다.
disk29	60-1	2160	24	スシャ－ナの顔から汗がしたたり落ちはじめる。全ての力を呪文にそそぎ、北の王の呪文からデビッドを守るために、バリアを張っていた。	disk29/ﾄﾞｷ.png	main/davL.png	KO	수잔나의 얼굴에서 땀이 비 오듯 흘러내렸다. 그녀는 온 힘을 주문에 쏟아 북방의 왕의 저주를 막아 내기 위한 결계를 펼치고 있었다.
disk29	60-1	2170	25	デビッドの顔から血の気が引き、視力も薄れてしまったのか、南に置かれた土人形が赤く燃え輝いているのに何も反応をしめさなかった。	disk29/ﾄﾞｷ.png	main/davL.png	KO	데이비드는 얼굴이 새하얗게 질려 있었고, 시야마저 흐려지고 있었다. 남쪽에 놓인 흙 인형이 붉게 타오르며 빛나고 있는데도 아무 반응을 보이지 않았다.
disk29	60-1	2180	26	スシャ－ナの呪文が途切れた。全身の力を出しきったスシャ－ナは意識を失い、デビッドのそばに倒れた。	disk29/ﾃｰﾌﾙ.png	main/davL.png	KO	주문이 끝나자, 모든 힘을 소진한 수잔나는 의식을 잃고 데이비드 옆에 쓰러졌다.
disk29	60-1	2190	27	デビッドの胸の痛みは消えていった。北の王の呪文が途切れた事を知ったデビッドは、倒れたスシャ－ナに手を差しのべようとした。	disk29/ﾃｰﾌﾙ.png	main/davL.png	KO	데이비드의 가슴 통증은 사라져 갔다. 북방의 왕의 저주가 풀렸음을 깨달은 데이비드는 쓰러진 수잔나에게 손을 뻗었다.
disk29	60-1	2200	28	フロオス王「デビッドよ。何をしている！　北の一族を殺せ！　暗黒の星が去ろうとしているのに、何を迷っているのだ！」	disk29/ﾌﾛｵｽ.png	main/davL.png	KO	플로스 왕: 데이비드여, 뭘 하고 있느냐! 북방 일족을 죽여라! 암흑의 별이 떠나려 하는데 뭘 망설이느냐!
disk29	60-1	2210	29	フロオス王「私の血を受け継ぎながら、魔王の力が欲しくないのか？　北の王の力に屈して死にたいというのか！？」	disk29/ﾌﾛｵｽ.png	main/davL.png	KO	플로스 왕: 내 피를 이어받고도 마왕의 힘을 원하지 않는단 말이냐? 북방의 왕에게 굴복해 죽고 싶은 것이냐!?
disk29	60-1	2220	30	フロオス王「北の一族を殺せない奴に、望みをたくしたのが間違いだったのか・・・次の血を受け継ぐ者に望みをたくすしかない」	disk29/ﾌﾛｵｽ.png	main/davL.png	KO	플로스 왕: 북방 일족조차 죽이지 못하는 자에게 희망을 걸었던 것이 잘못이었나... 다음 계승자에게 희망을 맡길 수밖에 없겠구나.
disk29	60-1	2230	31	フロオス王「北の王がお前を殺せば、奴はまた一段と力が増してしまう。お前が北の一族を殺せないなら、私がお前を殺すしかない！」	disk29/ﾌﾛｵｽ.png	main/davL.png	KO	플로스 왕: 북방의 왕이 너를 죽이면 놈은 더욱 강해진다. 네 손으로 북방 일족을 죽이지 못하겠다면, 차라리 내가 너를 죽일 수밖에 없다!
disk29	60-1	2240	32	ようやく視力を取り戻したデビッドの眼に、フロオス王の顔が迫ってきた。	disk29/ﾌﾛｵｽ.png	main/davL.png	KO	겨우 시력을 되찾은 데이비드의 눈에 플로스 왕의 얼굴이 다가왔다.
disk29	60-1	2250	33	デビッド「うわぁ！！」	disk29/ﾌﾛｵｽ.png	main/davL.png	KO	데이비드: 으아악!!
disk29	60-1	2260	34	デビッドは身体がしびれて動けなくなった。スシャ－ナはデビッドの悲鳴で意識が戻ったのか、眼を開けデビッドを見つめている。	disk29/ﾃｰﾌﾙ.png	main/linR.png	KO	데이비드의 몸이 마비되어 꼼짝도 못했다. 그의 비명에 정신을 되찾은 수잔나가 눈을 뜨고 데이비드를 바라봤다.
disk29	60-1	2400	35	スシャ－ナ「デビッド！　大丈夫！？」	disk29/ﾃｰﾌﾙ.png	main/linR.png	KO	수잔나: 데이비드! 괜찮아요!?
disk29	60-1	2410	36	デビッド「ああ・・・スシャ－ナのおかげで助かったよ。まさかフロオス王が俺を殺そうとするなんて・・・」	disk29/ﾃｰﾌﾙ.png	main/davL.png	KO	데이비드: 그래... 수잔나 덕분에 살았어. 설마 플로스 왕마저 나를 죽이려고 할 줄이야...
disk29	60-1	2420	37	スシャ－ナ「フロオス王・・・違うわ。あの呪文は北の王がしかけてきたのよ。デビッドをだまそうとしたんだわ」	disk29/ﾃｰﾌﾙ.png	main/linR.png	KO	수잔나: 플로스 왕이... 아니에요. 그 저주는 북방의 왕이 걸어온 거예요. 데이비드를 속이려 했던 거예요.
disk29	60-1	2430	38	デビッド「呪いの呪文が切れた時、フロオス王が現れ北の一族を殺せない者に用はないと言って、次の血を受け継ぐ者に、望みをたくすと言ったんだ」	disk29/ﾃｰﾌﾙ.png	main/davL.png	KO	데이비드: 저주가 끊겼을 때, 플로스 왕이 나타나 북방 일족을 죽이지 못하는 놈에게는 볼일이 없다면서 다음 계승자에게 희망을 걸겠다고 했어.
disk29	60-1	2440	39	スシャ－ナ「それは、デビッドが北の一族を殺す事に決心がつかないからよ。時間がないから、フロオス王だって怒るわよ。たぶんデビッドに決心を迫ったのね」	disk29/ﾃｰﾌﾙ.png	main/linR.png	KO	수잔나: 그건 당신이 북방 일족을 죽이겠다는 결심을 못 했기 때문이에요. 시간이 없으니 플로스 왕도 초조해서 결단을 내리라고 압박한 거겠죠.
disk29	60-1	2450	40	デビッド「フロオス王もそんな事を言っていたな・・・俺しだいでは二人の王から命を狙われる事になるのか・・・スシャ－ナ、顔色が悪いよ。大丈夫かい・・・？」	disk29/ﾃｰﾌﾙ.png	main/davL.png	KO	데이비드: 플로스 왕도 그런 말을 했어... 결국 내 선택에 따라 두 왕에게 목숨이 노려지게 되는 건가... 수잔나, 얼굴이 창백해. 괜찮아?
disk29	60-1	2460	41	スシャ－ナはデビッドに疲れを見せまいと、必死に立ち上がって椅子に座った。	disk29/ﾃｰﾌﾙ.png	main/linR.png	KO	수잔나는 데이비드에게 지친 모습을 보이지 않으려 애써 몸을 일으켜 의자에 앉았다.
disk29	60-1	2470	42	スシャ－ナ「・・・私は大丈夫よ。新しいコ－ヒ－をいれましょう・・・」	disk29/ﾃｰﾌﾙ.png	main/linR.png	KO	수잔나: ...전 괜찮아요. 커피 새로 내려줄게요...
disk29	60-1	2480	43	デビッドも全身の力を振り絞るようにして、しびれた身体を起こし椅子に座った。	disk29/ﾃｰﾌﾙ.png	main/linR.png	KO	데이비드도 온몸의 힘을 짜내어 마비된 몸을 일으켜 의자에 앉았다.
disk29	60-1	2490	44	デビッドとスシャ－ナは話しをするわけでもなく、ただ疲労しきった身体の回復を待っているのか、椅子に座ったまま互いの顔を見つめている。	disk29/ﾃｰﾌﾙ.png	main/linR.png	KO	두 사람은 아무 말도 하지 않았다. 그저 의자에 앉아 지칠 대로 지친 몸이 회복되기를 기다리며 서로의 얼굴만 바라보고 있었다.
disk29	60-1	10000	77	ＤＡＴＡをＳＡＶＥしますか？　Ｙ／Ｎ	disk29/ﾃｰﾌﾙ.png	main/linR.png	KO	
disk29	60-1	10040	83	ドライブ１に、ＳＡＶＥ・ディスクを入れて下さい。	disk29/ﾃｰﾌﾙ.png	main/linR.png	KO	
disk29	60-1	10070	85	ドライブ１のディスクが違います。	disk29/ﾃｰﾌﾙ.png	main/linR.png	KO	드라이브 1의 디스크가 다릅니다.
disk29	60-1	10110	86	ＳＡＶＥしました。ドライブ１のディスクに、ＭＡＩＮディスクを入れて下さい。	disk29/ﾃｰﾌﾙ.png	main/linR.png	KO	
disk29	60-1	10150	88	ドライブ１のディスクが違います。	disk29/ﾃｰﾌﾙ.png	main/linR.png	KO	드라이브 1의 디스크가 다릅니다.
disk29	60-2	900	0	デビッドが話す。	disk29/ﾃｰﾌﾙ.png	main/linR.png	KO	데이비드가 말한다.
disk29	60-2	900	1	スシャ－ナが話す。	disk29/ﾃｰﾌﾙ.png	main/linR.png	KO	수잔나가 말한다.
disk29	60-2	900	2	グレッグが話す。	disk29/ﾃｰﾌﾙ.png	main/linR.png	KO	그렉이 말한다.
disk29	60-2	900	3	ジェイフが話す。	disk29/ﾃｰﾌﾙ.png	main/linR.png	KO	제프가 말한다.
disk29	60-2	900	4	魔王が話す。	disk29/ﾃｰﾌﾙ.png	main/linR.png	KO	마왕이 말한다.
disk29	60-2	1010	5	時がたち、部屋が薄暗くなりはじめて、ようやくスシャ－ナが気をとりなおしてデビッドに話しかけた。	disk29/ﾃｰﾌﾙ.png	main/linR.png	KO	시간이 지나 방이 어두워지기 시작하자, 겨우 수잔나는 정신을 가다듬고 데이비드에게 말을 걸었다.
disk29	60-2	1200	6	スシャ－ナ「私、何をしていたのかしら。灯りをつけないと・・・」	disk29/ﾃｰﾌﾙ.png	main/linR.png	KO	수잔나: 제가 정신을 어디다 둔 건지, 우선 불부터 켜야겠어요...
disk29	60-2	1210	7	スシャ－ナは、ランプをはずして火をつけた。	disk29/ﾃｰﾌﾙ.png	main/linR.png	KO	수잔나는 램프를 꺼내 불을 밝혔다.
disk29	60-2	1220	8	スシャ－ナ「デビッド、気分はどう・・・？」	disk29/ﾃｰﾌﾙ.png	main/linR.png	KO	수잔나: 데이비드, 이제 좀 괜찮아요?
disk29	60-2	1230	9	デビッド「・・・うん。だいぶ疲れがとれたよ。横になりたかったけど、またフロオス王が現れてくると思うと・・・だから無理やり起きていたんだ。スシャ－ナは、どうして寝なかったのかい？」	disk29/ﾃｰﾌﾙ.png	main/davL.png	KO	데이비드: ...응, 많이 나아졌어. 눕고 싶지만 또 플로스 왕이 나타날 것 같아서... 억지로 깨어 있었어. 수잔나는 왜 안 잤어?
disk29	60-2	1240	10	スシャ－ナ「もし私が寝てる間に、デビッドが北の王に殺されると思うと、とても寝る事などできなかったわ」	disk29/ﾃｰﾌﾙ.png	main/linR.png	KO	수잔나: 제가 잠든 사이에 북방의 왕이 또 당신을 죽이려 들지도 모른다고 생각하니 도저히 잠이 오지 않아요.
disk29	60-2	1250	11	デビッド「俺達、この状態がつづいたら二人とも身体がもちそうにないな。このまま起き続ける事はできないし、二人の王に悩ませ続けられたら・・・俺は死にたくなったよ・・・」	disk29/ﾃｰﾌﾙ.png	main/davL.png	KO	데이비드: 계속 이런 상태면 우리 둘 다 버티지 못할 거야. 이렇게 계속 안 잘 수는 없고, 잠들면 두 왕한테 시달리고... 차라리 죽고 싶다는 생각까지 들어...
disk29	60-2	1260	12	部屋の外から、あわただしくランズ夫妻の声が聞こえてきた。	disk29/ﾃｰﾌﾙ.png	main/davL.png	KO	방 밖에서 다급한 랜즈 부부의 목소리가 들려왔다.
disk29	60-2	1270	13	ドアが開けられ、ランズがうわずった声でデビッドに話した。	disk29/ﾃｰﾌﾙ.png	disk43/ﾗﾝｽﾞ.png	KO	문이 열리고 랜즈가 들뜬 목소리로 데이비드에게 말했다.
disk29	60-2	1280	14	ランズ「グレッグさん達が帰ってきました。きっと依頼人のジェイフを捕まえたのですよ」	disk29/ﾃｰﾌﾙ.png	disk43/ﾗﾝｽﾞ.png	KO	랜즈: 그렉 씨가 돌아왔습니다. 분명 의뢰인인 제프를 붙잡아 온 겁니다.
disk29	60-2	1290	15	デビッド達は入口に走った。	disk29/ﾃｰﾌﾙ.png	disk43/ﾗﾝｽﾞ.png	KO	두 사람은 입구로 달려갔다.
disk29	60-2	3000	16	ＣＤ－ＲＯＭよりＤＡＴＡの読み込みを始めます。ＨＩＴ　ＡＮＹ　ＫＥＹ	disk29/ﾃｰﾌﾙ.png	disk43/ﾗﾝｽﾞ.png	KO	CD-ROM에서 데이터 읽습니다. 아무 키나 눌러주세요.
disk29	60-2	3010	17	　　　　　　　　ＣＤ－ＲＯＭよりＤＡＴＡを読み込み中	disk29/ﾃｰﾌﾙ.png	disk43/ﾗﾝｽﾞ.png	KO	데이터를 읽는 중...
disk29	60-2	10000	43	ＤＡＴＡをＳＡＶＥしますか？　Ｙ／Ｎ	disk29/ﾃｰﾌﾙ.png	disk43/ﾗﾝｽﾞ.png	KO	
disk29	60-2	10040	49	ドライブ１に、ＳＡＶＥ・ディスクを入れて下さい。	disk29/ﾃｰﾌﾙ.png	disk43/ﾗﾝｽﾞ.png	KO	
disk29	60-2	10070	51	ドライブ１のディスクが違います。	disk29/ﾃｰﾌﾙ.png	disk43/ﾗﾝｽﾞ.png	KO	드라이브 1의 디스크가 다릅니다.
disk29	60-2	10110	52	ＳＡＶＥしました。ドライブ１のディスクに、ＭＡＩＮディスクを入れて下さい。	disk29/ﾃｰﾌﾙ.png	disk43/ﾗﾝｽﾞ.png	KO	
disk29	60-2	10150	54	ドライブ１のディスクが違います。	disk29/ﾃｰﾌﾙ.png	disk43/ﾗﾝｽﾞ.png	KO	드라이브 1의 디스크가 다릅니다.
disk30	NO61	900	0	デビッドが話す。			KO	데이비드가 말한다.
disk30	NO61	900	1	スシャ－ナが話す。			KO	수잔나가 말한다.
disk30	NO61	900	2	グレッグが話す。			KO	그렉이 말한다.
disk30	NO61	900	3	ジェイフが話す。			KO	제프가 말한다.
disk30	NO61	900	4	魔王が話す。			KO	마왕이 말한다.
disk30	NO61	1290	5	デビッド達は入口に迎えに出た。すると４台の車が庭に入り止まった。	disk30/ｸﾙﾏ.png		KO	데이비드가 입구로 마중을 나가자, 자동차 네 대가 마당으로 들어와 멈춰 섰다.
disk30	NO61	1300	6	グレッグが車から降りてトランクを開け、依頼人のジェイフを肩に抱えてやってきた。	disk30/ｸﾙﾏ.png		KO	그렉이 차에서 내려 트렁크를 열고, 의뢰인 제프를 어깨에 둘러메고 걸어왔다.
disk30	NO61	1310	7	グレッグ「首尾は上々です。地下の部屋に運びましょう」	disk30/ｸﾙﾏ.png		KO	그렉: 일은 순조롭게 끝났습니다. 우선 지하실로 내려가죠.
disk30	NO61	1320	8	エミリ－が慌てて廊下のロ－ソクに火をつけにいった。	disk30/ﾛｳｶ.png		KO	에밀리는 황급히 복도의 촛불에 불을 붙이러 갔다.
disk30	NO61	1330	9	地下の部屋に運ばれたジェイフは、気づけ薬をかがされ意識を戻した。	disk30/ﾁｶﾋﾄ.png	disk43/ｲﾗｲ.png	KO	지하실로 옮겨진 제프는 각성제 냄새를 맡고 의식을 되찾았다.
disk30	NO61	1600	10	グレッグ「占い師のジェイフさん、着きましたよ。貴方が北の魔導師だと言う事はわかっているのです。これから尋ねる質問に素直に答えてもらいましょうか」	disk30/ﾁｶﾋﾄ.png	disk43/ｸﾚｯｸ.png	KO	그렉: 점술가 제프 씨, 환영합니다. 당신이 북방의 마도사라는 건 이미 알고 있습니다. 이제 묻는 말에 순순히 대답해 주시오.
disk30	NO61	1610	11	ジェイフ「お前達は何者だ！　私をこんな所に連れてきて、北の魔導師？・・・なんの事だ？　私はただの占い師だ！」	disk30/ﾁｶﾋﾄ.png	disk43/ｲﾗｲ.png	KO	제프: 너희들은 누구야! 날 이런 곳으로 끌고 와서 북방의 마도사라니? ...무슨 소리야? 난 평범한 점술가라고!
disk30	NO61	1620	12	スシャ－ナ「ジェイフ、探偵をやとって私を調べていましたね。なぜ私を調べたかを話てください」	disk30/ﾁｶﾋﾄ.png	main/linR.png	KO	수잔나: 제프, 탐정을 고용해서 저를 조사하게 했죠. 대체 왜 그랬는지 말해주세요.
disk30	NO61	1630	13	ジェイフ「・・・私は探偵など、何もしらない。早く帰してくれ！」	disk30/ﾁｶﾋﾄ.png	disk43/ｲﾗｲ.png	KO	제프: ...난 탐정 같은 건 몰라! 빨리 여기서 내보내줘!
disk30	NO61	1640	14	スシャ－ナ「この写真は貴方と探偵が一緒に写っていますね。これも、これも。調べはついているのよ。正直に答えなさい」	disk30/ﾁｶﾋﾄ.png	main/linR.png	KO	수잔나: 여기 당신과 탐정이 같이 찍힌 사진이 있어요. 이것도, 이것도. 이미 다 알아봤으니 솔직히 대답해요.
disk30	NO61	1650	15	スシャ－ナは、依頼人と探偵が話している写真をジェイフに見せた。	disk30/ﾁｶﾋﾄ.png	main/linR.png	KO	수잔나는 제프와 탐정이 이야기를 나누는 사진을 그에게 보여 주었다.
disk30	NO61	1660	16	スシャ－ナ「貴方に、私を調べるように命令した人がいる筈です。それは誰ですか？」	disk30/ﾁｶﾋﾄ.png	main/linR.png	KO	수잔나: 당신에게 저를 조사하라고 시킨 사람이 있겠죠. 그게 누구죠?
disk30	NO61	1670	17	ジェイフ「そ、それは・・・私は金をもらって頼まれただけで、名前も素性も知らない！　本当だ！　金が欲しかっただけだ！」	disk30/ﾁｶﾋﾄ.png	disk43/ｲﾗｲ.png	KO	제프: 그, 그건... 난 돈 받고 부탁을 받았을 뿐이야! 이름도 정체도 몰라! 정말이야! 난 그냥 돈이 필요했을 뿐이라고!
disk30	NO61	1680	18	グレッグ「こいつは北の魔導師、北の王について何も話すはずがありません。時間をかけると北の王に知れて、何が起こるかわかりません。呪文で自白させましょう」	disk30/ﾁｶﾋﾄ.png	disk43/ｸﾚｯｸ.png	KO	그렉: 이자는 북방의 마도사입니다. 북방의 왕에 대해 발설할 리가 없습니다. 시간을 끌다 북방의 왕에게 알려지면 무슨 일이 벌어질지 모릅니다. 자백의 주문을 씁니다.
disk30	NO61	1690	19	ジェイフ「自白の呪文！？・・・やめてくれ！　お前達は人殺しだ！　もし話せば、北の王に地獄の苦しみを与えられ殺されてしまう！　自白の呪文だけはやめてくれ！」	disk30/ﾁｶﾋﾄ.png	disk43/ｲﾗｲ.png	KO	제프: 자백의 주문!? ...그만둬! 이 살인자들아! 발설하면 북방의 왕에게 지옥 같은 고통을 받고 죽을 거야! 그것만은 하지 마!
disk30	NO61	1700	20	スシャ－ナ「貴方には助かる道はないですね。でも北の王の事を全て話せば、私達が北の王から守ってあげてもいいのよ」	disk30/ﾁｶﾋﾄ.png	main/linR.png	KO	수잔나: 당신에게 선택지는 없어요. 하지만 북방의 왕에 대해 전부 털어놓는다면 우리가 당신을 지켜 줄 수도 있어요.
disk30	NO61	1710	21	ジェイフ「馬鹿な！　貴方達は北の王の恐ろしさを知らないのだ。私を逃がして北の王にデビッドを渡せば、みんなが助かるように私から北の王に頼んであげよう」	disk30/ﾁｶﾋﾄ.png	disk43/ｲﾗｲ.png	KO	제프: 헛소리하지 마! 네놈들은 북방의 왕이 얼마나 무서운지 몰라. 날 풀어 주고 북방의 왕에게 데이비드를 넘기면, 북방의 왕에게 부탁해서 너희는 살려 달라고 말해줄게.
disk30	NO61	1720	22	スシャ－ナ「話は終わったわ。デビッド、薬をのんで。この男を逃がせば必ず災いのもとになるわ」	disk30/ﾁｶﾋﾄ.png	main/linR.png	KO	수잔나: 협상은 끝났네요. 데이비드, 약을 마셔요. 이자를 풀어 주면 반드시 더 큰 화를 불러올 거예요.
disk30	NO61	1730	23	スシャ－ナはデビッドに薬を飲ませた。ジェイフは眼をひきつらせ、唇がふるえだしている。自白の呪文の恐ろしさを知っているようだ。	disk30/ﾋｷﾂﾙ.png	main/linR.png	KO	수잔나는 데이비드에게 약을 먹였다. 제프의 눈이 일그러지고, 입술이 떨리기 시작했다. 자백의 주문이 얼마나 끔찍한지 알고 있는 듯했다.
disk30	NO61	1740	24	他の者はジェイフを取り囲むようにして、デビッドとスシャ－ナを見ている。	disk30/ﾋｷﾂﾙ.png	main/linR.png	KO	다른 마도사들은 제프를 에워싼 채 데이비드와 수잔나를 지켜봤다.
disk30	NO61	1750	25	スシャ－ナは、口の中で呪文を静かにとなえ始めた。デビッドの眼がうつろになり、意識が遠のいていくのが誰の眼にもわかった。	disk30/ﾋｷﾂﾙ.png	main/linR.png	KO	수잔나가 낮은 목소리로 주문을 읊기 시작했다. 데이비드의 눈빛은 멍해지고, 의식이 멀어지는 게 눈에 들어왔다.
disk30	NO61	1760	26	デビッドの唇がわずかに動きはじめた。スシャ－ナの呪文を復唱するように、デビッドが呪文をとなえはじめた。	disk30/ﾋｷﾂﾙ.png	main/linR.png	KO	이윽고 데이비드의 입술도 움직이기 시작했다. 그는 마치 수잔나의 주문을 따라 하듯 같은 주문을 읊었다.
disk30	NO61	1770	27	ジェイフ「うわぁ！！・・・やめてくれ！・・・身体が・・・熱い！　頭が！！」	disk30/ﾁｶｵ.png	main/linR.png	KO	제프: 으아악!! ... 그만둬! ...몸이... 뜨거워! 머리가!!
disk30	NO61	1780	28	ジェイフは頭をかかえ、床に転げまわり苦しんでいる。	disk30/ﾁｶｵ.png	main/linR.png	KO	제프는 머리를 부여잡고 바닥을 구르며 괴로워했다.
disk30	NO61	1790	29	ジェイフ「うわぁ！・・・北の王よ助けてくれ！」	disk30/ﾁｶｵ.png	main/linR.png	KO	제프: 아악! ...북방의 왕이시여, 살려주십시오!
disk30	NO61	1800	30	ジェイフ「・・・セント・ラドフの教会が・・・メリ－ズ大司教よ、助けてくれ！・・・北の王のメリ－ズ様！」	disk30/ﾁｶｵ.png	main/linR.png	KO	제프: ...세인트 라도프 교회에... 메리즈 대주교시여, 살려 주십시오! ...북방의 왕 메리즈 님!
disk30	NO61	1810	31	その時、ジェイフの顔から血がふきあがった。顔からだけでなく全身から血がふきだしたのか、衣服が血でにじみ床にあふれだしている。	disk30/ﾁｶｵ.png	main/linR.png	KO	그 순간, 제프의 얼굴에서 피가 솟구쳤다. 얼굴뿐만 아니라 온몸에서 피가 터져 나온 듯 옷이 순식간에 붉게 물들었고, 피가 바닥까지 흘러넘쳤다.
disk30	NO61	2100	32	グレッグ「・・・死んだ・・・人が呪文で殺されてしまった・・・」	disk30/ﾁｶﾋﾄ.png	disk43/ｸﾚｯｸ.png	KO	그렉: ...죽었습니다... 주문만으로 사람이 죽어 버리다니...
disk30	NO61	2110	33	グレッグ達は、あまりの恐ろしさに後ずさりして悪夢を見ていたようにたっている。	disk30/ﾁｶﾋﾄ.png	disk43/ｸﾚｯｸ.png	KO	암흑의 마도사들은 참혹한 광경에 뒤로 물러나 악몽을 본 듯 굳어 있었다.
disk30	NO61	2120	34	スシャ－ナ「デビッド、呪文は終わったわ。ジェイフは北の王の事を話したのよ」	disk30/ﾁｶﾋﾄ.png	main/linR.png	KO	수잔나: 데이비드, 다 끝났어요. 제프가 북방의 왕에 대해 털어놨어요.
disk30	NO61	2130	35	デビッド「・・・・・・」	disk30/ﾁｶﾋﾄ.png	main/davL.png	KO	데이비드: ......
disk30	NO61	2140	36	スシャ－ナ「デビッド、どうしたのよ。意識は戻っている筈よ」	disk30/ﾁｶﾋﾄ.png	main/linR.png	KO	수잔나: 데이비드, 왜 그래요? 의식은 돌아왔을 텐데...
disk30	NO61	2150	37	魔王「スシャ－ナ、よくやった！　俺は魔王だ。俺の血がたぎりデビッドの血を飲みこみ始めている。太陽が上がるまでにデビッドは俺の物になるのだ」	disk30/ﾁｶﾋﾄ.png	disk30/ﾏｵｳS.png	KO	마왕: 잘했다, 수잔나! 나는 마왕이다. 내 피가 끓어올라 데이비드의 피를 집어삼키기 시작했다. 해가 뜨기 전에 이 몸은 내 것이 된다!
disk30	NO61	2160	38	スシャ－ナ「貴方はデビッドに魔王の力を与えると言った筈！　デビッドをどうしようとしてるの！？」	disk30/ﾁｶﾋﾄ.png	main/linR.png	KO	수잔나: 당신은 데이비드에게 마왕의 힘을 주겠다고 했잖아요! 데이비드를 어떻게 하려는 거죠!?
disk30	NO61	2170	39	魔王「安心しろ。デビッドの姿が変わるわけでわない。デビッドのすべての血が俺の血と変わるだけだ。デビッドの魂は消滅して俺の魂と入れ替わり魔王となるのだ」	disk30/ﾁｶﾋﾄ.png	disk30/ﾏｵｳS.png	KO	마왕: 안심해라. 데이비드의 모습이 변하는 것은 아니다. 데이비드의 모든 피가 내 피로 바뀔 뿐이다. 데이비드의 혼은 소멸하고 내 혼이 깨어나 마왕이 되는 것뿐이다.
disk30	NO61	2180	40	スシャ－ナ「魂が入れ替わる！？・・・［エレノ・ヴィジョン］のデビッドはどうなるの？」	disk30/ﾁｶﾋﾄ.png	main/linR.png	KO	수잔나: 영혼이 소멸한다고!? ...`엘레노 비전'의 데이비드는 어떻게 되는 거죠?
disk30	NO61	2190	41	魔王「魔王が歌を・・・馬鹿な事を言うな。俺は北の王を殺すために現れたのだ。それが終わればお前達を開放してやるから、好きなように暮らせ」	disk30/ﾁｶﾋﾄ.png	disk30/ﾏｵｳS.png	KO	마왕: 마왕이 노래라니... 어리석은 소리하지 마라. 나는 북방의 왕을 죽이기 위해 부활한 것이다. 그 일이 끝나면 너희는 풀어 줄 테니 그 뒤에는 마음대로 살아라.
disk30	NO61	2200	42	スシャ－ナ「魔王！　貴方は私達をだましたのね。デビッドに力を与えると言った筈なのに・・・デビッド！　デビッド！　意識を取りもどすのよ！」	disk30/ﾁｶﾋﾄ.png	main/linR.png	KO	수잔나: 마왕! 우리를 속였군요! 데이비드에게 힘을 주겠다고 했잖아요... 데이비드! 데이비드! 정신 차려요!
disk30	NO61	2210	43	魔王「うるさい、スシャ－ナ！　デビッドの意識を眠らせたのは、お前だ。北の王を殺せばデビッドの身体は、くれてやるから騒ぐな！」	disk30/ﾁｶﾋﾄ.png	disk30/ﾏｵｳS.png	KO	마왕: 닥쳐라, 수잔나! 데이비드의 의식을 잠재운 건 너다. 북방의 왕을 죽이고 나면 이 몸은 데이비드에게 돌려줄 테니, 방해하지 마라!
disk30	NO61	2215	44	スシャ－ナは、デビッドに向かって意識を戻す呪文をとなえ始めた。	disk30/ﾁｶﾋﾄ.png	disk30/ﾏｵｳS.png	KO	수잔나는 데이비드의 의식을 되찾기 위해 주문을 외우기 시작했다.
disk30	NO61	2220	45	魔王「諦めろスシャ－ナ！　お前の務めは終わったのだ。他の者も死にたくなければ、ここから立ち去れ！　北の王との戦いに巻き込まれれば生きる事はできない！」	disk30/ﾁｶﾋﾄ.png	disk30/ﾏｵｳS.png	KO	마왕: 포기해라, 수잔나! 네 역할은 이미 끝났다. 다른 자들도 목숨이 아깝다면 당장 이곳을 떠나라! 북방의 왕과의 싸움에 끼어들었다가는 누구도 살아남지 못한다!
disk30	NO61	2230	46	デビッドの変わりように恐れたグレッグ達は、スシャ－ナを残して慌てて部屋から出ていった。スシャ－ナは魔王の言葉を無視して、呪文をとなえ続けている。	disk30/ﾋﾄｻﾙ.png	disk30/ﾏｵｳS.png	KO	달라진 데이비드의 모습에 겁을 먹은 암흑의 마도사들은 수잔나만 두고 황급히 방을 빠져나갔다. 수잔나는 마왕의 경고를 무시한 채 주문을 계속 외웠다.
disk30	NO61	2240	47	魔王「スシャ－ナ、呪文をやめろ！　お前は俺を裏切るのか・・・うっ・・・ちくしょう！　デビッドめが意識を・・・！」	disk30/ﾋﾄｻﾙ.png	disk30/ﾏｵｳS.png	KO	마왕: 수잔나! 주문을 멈춰라! 감히 나를 배신하겠다는 거냐... 윽... 젠장! 데이비드 녀석의 의식이...!
disk30	NO61	2250	48	デビッド「スシャ－ナ、助けてくれ！・・・俺はどこにいるんだ。スシャ－ナの声は聞こえるが暗くて何も見えないんだ！」	disk30/ﾋﾄｻﾙ.png	main/davL.png	KO	데이비드: 수잔나, 도와줘! 여기가 어디야? 네 목소리는 들리는데 어두워서 아무것도 안 보여!
disk30	NO61	2260	49	スシャ－ナ「デビッド！　ここよ！　貴方の眼の前にいるわ！　私を見つめるのよ！」	disk30/ﾋﾄｻﾙ.png	main/linR.png	KO	수잔나: 데이비드! 여기예요! ...당신 앞에 있어요! 절 보세요!
disk30	NO61	2270	50	デビッド「スシャ－ナ！　身体がしびれて動けない！　俺はどうなってるんだ！」	disk30/ﾋﾄｻﾙ.png	main/davL.png	KO	데이비드: 수잔나! 꼼짝도 못 하겠어! 나 어떻게 된 거야!?
disk30	NO61	2275	51	デビッドの両腕が上がり、スシャ－ナの首を締めつけようと、迫ってきた。	disk30/ﾋﾄｻﾙ.png	main/davL.png	KO	데이비드의 두 팔이 제멋대로 올라가 수잔나의 목을 조르려 했다.
disk30	NO61	2280	52	魔王「死ね！　スシャ－ナ！！」	disk30/ｸﾋﾞ.png	main/davL.png	KO	마왕: 죽어라, 수잔나!!
disk30	NO61	2290	53	スシャ－ナ「デビッド、助けて！　貴方が私を殺そうとしているのよ！　腕をさげて！」	disk30/ｸﾋﾞ.png	main/davL.png	KO	수잔나: 데이비드, 살려줘요! 당신이 절 죽이려고 해요. 팔을 내려줘요.
disk30	NO61	2300	54	デビッドは、スシャ－ナの声が聞こえた。何が起こっているのかわからないが、腕を降ろす事でスシャ－ナが助かるのだと思い、意識を腕に集中させた。	disk30/ｸﾋﾞ.png	main/davL.png	KO	수잔나의 목소리가 들렸다. 무슨 일이 일어나고 있는지는 모르지만 팔을 내리면 그녀를 살릴 수 있다고 생각해 의식을 두 팔에 집중시켰다.
disk30	NO61	2310	55	魔王「デビッド、身体の力を抜くのだ！　いまお前の身体に魔王の力が流れだしている。力が欲しくはないのか？　北の王に殺されてもいいのか！？」	disk30/ｸﾋﾞ.png	main/davL.png	KO	마왕: 데이비드, 저항하지 마라! 지금 네 몸으로 마왕의 힘이 흘러들고 있다. 힘을 원하지 않느냐? 북방의 왕에게 죽어도 좋다는 말이냐!?
disk30	NO61	2320	56	デビッドはフロオス王の声を聞いた。身体の変調は魔王の力が入ろうとしているからだと思った。	disk30/ｸﾋﾞ.png	main/davL.png	KO	플로스 왕의 목소리가 들렸다. 몸의 변화는 마왕의 힘이 자신에게 들어오고 있기 때문이라고 생각했다.
disk30	NO61	2330	57	デビッドは、身体の力を抜こうとした。その時、スシャ－ナの悲鳴が上がり、助けを求めていたスシャ－ナの言葉を思い出した。	disk30/ｸﾋﾞ.png	main/davL.png	KO	데이비드는 몸의 힘을 빼려고 했다. 그 순간, 수잔나의 비명이 울리고 도움을 청하던 그녀의 목소리가 떠올랐다.
disk30	NO61	2340	58	薄れかけた意識の中で、何をすればいいのかデビッドは迷った。	disk30/ｸﾋﾞ.png	main/davL.png	KO	희미해져 가는 의식 속에서 무엇을 선택할지 데이비드는 고민했다.
disk30	NO61	2350	59	スシャ－ナの言葉に従う。	disk30/ｸﾋﾞ.png	main/davL.png	KO	수잔나의 말을 따른다.
disk30	NO61	2350	60	魔王の言葉に従う。	disk30/ｸﾋﾞ.png	main/davL.png	KO	마왕의 말을 따른다.
disk30	NO61	3000	62	ＣＤ－ＲＯＭよりＤＡＴＡの読み込みを始めます。ＨＩＴ　ＡＮＹ　ＫＥＹ	disk30/ｸﾋﾞ.png	main/davL.png	KO	CD-ROM에서 데이터 읽습니다. 아무 키나 눌러주세요.
disk30	NO61	3010	63	　　　　　　　　ＣＤ－ＲＯＭよりＤＡＴＡを読み込み中	disk30/ｸﾋﾞ.png	main/davL.png	KO	데이터를 읽는 중...
disk30	NO61	10000	101	ＤＡＴＡをＳＡＶＥしますか？　Ｙ／Ｎ	disk30/ｸﾋﾞ.png	main/davL.png	KO	
disk30	NO61	10040	107	ドライブ１に、ＳＡＶＥ・ディスクを入れて下さい。	disk30/ｸﾋﾞ.png	main/davL.png	KO	
disk30	NO61	10070	109	ドライブ１のディスクが違います。	disk30/ｸﾋﾞ.png	main/davL.png	KO	드라이브 1의 디스크가 다릅니다.
disk30	NO61	10110	110	ＳＡＶＥしました。ドライブ１のディスクに、ＭＡＩＮディスクを入れて下さい。	disk30/ｸﾋﾞ.png	main/davL.png	KO	
disk30	NO61	10150	112	ドライブ１のディスクが違います。	disk30/ｸﾋﾞ.png	main/davL.png	KO	드라이브 1의 디스크가 다릅니다.
disk30	NO62	900	0	デビッドの意識が話す。	disk30/ｸﾋﾞ.png	main/davL.png	KO	데이비드의 의식이 말한다.
disk30	NO62	900	1	魔王の意識が話す。	disk30/ｸﾋﾞ.png	main/davL.png	KO	마왕의 의식이 말한다.
disk30	NO62	900	2	スシャ－ナが話す。	disk30/ｸﾋﾞ.png	main/davL.png	KO	수잔나가 말한다.
disk30	NO62	900	3	デビッドは、北の王に勝つ力を持ちたいと意識が動いた瞬間、スシャ－ナの呪文がデビッドに効かなくなった。デビッドの意識に反して腕がスシャ－ナの首を締めつけ始めた。	disk30/ｸﾋﾞ.png	main/davL.png	KO	데이비드가 북방의 왕을 이길 힘이 필요하다고 생각하자 수잔나의 주문이 더 이상 통하지 않았다. 그의 의지와 상관없이 두 팔이 움직여 그녀의 목을 조르기 시작했다.
disk30	NO62	1000	4	デビッドは、北の王に勝つ力を持ちたいと意識が動いた瞬間、スシャ－ナの呪文がデビッドに効かなくなった。デビッドの意識に反して腕がスシャ－ナの首を締めつけ始めた。	disk30/ｸﾋﾞ.png	main/davL.png	KO	데이비드가 북방의 왕을 이길 힘이 필요하다고 생각하자 수잔나의 주문이 더 이상 통하지 않았다. 그의 의지와 상관없이 두 팔이 움직여 그녀의 목을 조르기 시작했다.
disk30	NO62	1010	5	デビッドの両手は、スシャ－ナの首をえぐるように締めつける。デビッドの意識は、必死になって両手を首からはずそうとしている。	disk30/ｸﾋﾞ.png	main/davL.png	KO	데이비드의 손가락이 수잔나의 목에 파고들었다. 데이비드의 의식은 필사적으로 두 손을 목에서 떼어 내려고 했다.
disk30	NO62	1020	6	デビッド「・・・腕が動かない！　なぜだ！？」	disk30/ｸﾋﾞ.png	main/davL.png	KO	데이비드: ...손이 말을 듣지 않아! 어째서!?
disk30	NO62	1030	7	デビッドの意識は全ての力を腕に集中させた。手の指がわずかだが、スシャ－ナの喉から離れた。	disk30/ｸﾋﾞ.png	main/davL.png	KO	데이비드의 의식은 모든 힘을 팔에 집중시켰다. 손가락이 조금 수잔나의 목에서 떨어졌다.
disk30	NO62	1200	8	スシャ－ナ「デビッド！　魔王は貴方の意識を奪おうとしているのよ！」	disk30/ｸﾋﾞ.png	main/davL.png	KO	수잔나: 데이비드! 마왕은 당신의 의식을 빼앗으려 하고 있어요!
disk30	NO62	1210	9	デビッド「魔王は俺に力をくれるのではないのか！？」	disk30/ｸﾋﾞ.png	main/davL.png	KO	데이비드: 마왕은 나에게 힘을 주는 게 아니었어!?
disk30	NO62	1220	10	スシャ－ナ「私達、だまされたのよ。魔王は貴方の身体を奪っ・・・うっ！・・・ぐっ！！」	disk30/ｸﾋﾞ.png	main/davL.png	KO	수잔나: 우리 모두 속은 거예요! 마왕은 당신 몸을 빼앗으려고... 윽! 크윽!!
disk30	NO62	1230	11	デビッドの意識はスシャ－ナの言葉で、すきができていた。魔王の血が再びデビッドの血を犯しはじめ、スシャ－ナの首をしめつけている。	disk30/ｸﾋﾞ.png	main/davL.png	KO	데이비드의 의식은 수잔나의 말 때문에 빈틈이 생겼다. 마왕의 피가 다시 데이비드의 피를 잠식하기 시작했고, 수잔나의 목을 졸랐다.
disk30	NO62	1240	12	魔王「スシャ－ナは暗黒の魔導師。暗黒のおきてを破った者は殺されるのが定めだ！！」	disk30/ｸﾋﾞ.png	main/davL.png	KO	마왕: 수잔나, 넌 암흑의 마도사다. 암흑의 계율을 어긴 자의 말로는 잘 알고 있을 텐데!!
disk30	NO62	1250	13	デビッド「やめろ！　俺の身体が欲しければくれてやる！　スシャ－ナを殺せば、俺も舌をかみきるぞ！！」	disk30/ｸﾋﾞ.png	main/davL.png	KO	데이비드: 그만둬! 내 몸이 필요하면 가져가! 수잔나를 죽이면 나도 혀를 깨물고 죽어 버리겠어!!
disk30	NO62	1260	14	魔王「デビッド、お前の身体で自由にできる所があるのか？・・・お前の血はすでに俺の血で侵されてしまっている。視力だけはお前に貸してやるから見てみろ！」	disk30/ｸﾋﾞ.png	main/davL.png	KO	마왕: 데이비드, 지금 몸에서 마음대로 움직일 수 있는 곳이 있느냐? 네 피는 내 피로 잠식되었다. 눈만은 빌려줄 테니 똑똑히 보거라!
disk30	NO62	1270	15	デビッドの両手の指が、スシャ－ナの喉をえぐる。スシャ－ナの首の骨がにぶい音で潰された。	disk30/ｸﾋﾞ.png	main/davL.png	KO	데이비드의 양손 손가락이 수잔나의 목을 파고들었다. 그녀의 목뼈가 둔탁한 소리를 내며 부러졌다.
disk30	NO62	1280	16	魔王「見たかデビッド！　誰が見てもスシャ－ナを殺したのはお前だ。しかしお前の意識はあとわずかだ。悲しむ事も恐れる事もなくなるだろう」	disk30/RINｼ.png	main/davL.png	KO	마왕: 봤느냐, 데이비드! 누가 보더라도 수잔나를 죽인 것은 너다. 하지만 네 의식도 이제 곧 사라질 테니, 슬픔도 공포도 느끼지 못 할 것이다.
disk30	NO62	1290	17	魔王「夜明けとともに、お前の身体は魔王の力であふれる。その時、北の王の血は暗黒の星のもとで断たれことになるのだ！」	disk30/RINｼ.png	main/davL.png	KO	마왕: 날이 밝음과 동시에 네 몸은 마왕의 힘으로 넘쳐날 것이다. 그때, 북방의 왕의 피는 암흑의 별 아래에서 끊어질 것이다!
disk30	NO62	1300	18	デビッドの意識は薄れ、スシャ－ナの姿がかすんで見えなくなった。デビッドがしゃべる魔王の言葉も遠くにしか聞こえなくなってきた。	disk30/RINｼ.png	main/davL.png	KO	데이비드의 의식은 희미해졌고, 수잔나의 모습도 흐릿해져 보이지 않았다. 자신의 입에서 흘러나오는 마왕의 목소리마저 먼 곳에서 들려오는 듯했다.
disk30	NO62	1310	19	魔王「うおっ！・・・胸に針が！・・・うっ！・・・北の王の呪いの呪文か！」	disk30/ｸﾙｼﾑ.png	main/davL.png	KO	마왕: 크윽! ...가슴에 바늘이! ...윽! ...북방의 왕의 저주인가!
disk30	NO62	1320	20	デビッドは床に倒れた。	disk30/ｸﾙｼﾑ.png	main/davL.png	KO	데이비드는 바닥에 쓰러졌다.
disk30	NO62	1330	21	魔王「あと少し、時があれば・・・北の王め！　うおっ！・・・心臓が！！」	disk30/ｸﾙｼﾑ.png	main/davL.png	KO	마왕: 조금만 더 시간이 있었더라면... 북방의 개새끼가! 크윽! ...심장이!!
disk30	NO62	1340	22	魔王の意識は苦しみにもがいているが、デビッドの意識は身体の苦しみを知らないほど消え薄れていた。	disk30/ｸﾙｼﾑ.png	main/davL.png	KO	마왕은 고통에 몸부림쳤지만, 데이비드의 의식은 육체의 고통조차 느끼지 못할 만큼 희미해져 있었다.
disk30	NO62	1350	23	魔王「・・・うむ？・・・北の呪文が途切れたのか・・・苦しみが消えていく・・・俺は勝った。北の王の体力が消耗して呪文が途切れたのだ！　俺が勝ったのだ！」	disk30/ｸﾙｼﾑ.png	main/davL.png	KO	마왕: ...음? ...북방의 주문이 끊긴 건가... 고통이 사라져 간다... 끝난 건가... 놈이 힘을 너무 많이 소비해서 주문을 유지 못했구나! 결국 내가 이긴 것이다!
disk30	NO62	1500	24	魔王は両手をあげて暗黒の星に叫んだ時、デビッドの身体がまた床に倒れ苦しみもがきはじめた。	disk30/ｸﾙｼﾑ.png	main/davL.png	KO	마왕은 양손을 들고 암흑의 별을 향해 외칠려고 할 때, 데이비드의 몸이 다시 바닥에 쓰러져 고통스럽게 몸부림치기 시작했다.
disk30	NO62	1510	25	魔王「身体が動かせない。苦しみが薄れているのに、なぜ身体がもがきまわるのだ？・・・むっ！　血が俺の血がデビッドの血に侵されている！　なぜだ！」	disk30/ｸﾙｼﾑ.png	main/davL.png	KO	마왕: 몸이 말을 듣지 않는다. 고통이 약해지고 있는데, 왜 몸이 제멋대로 몸부림치는 것이냐? ...윽! 피가, 내 피가 데이비드의 피에 잠식당하고 있다! 어째서냐!
disk30	NO62	1520	26	デビッド「うわぁ！！・・・血が・・血がだぎる！　心臓がやぶれそうだ！」	disk30/ｸﾙｼﾑ.png	main/davL.png	KO	데이비드: 으아악!! ...피가 ...피가 끓어올라! 심장이 터질 것 같아!
disk30	NO62	1530	27	魔王「北の王の呪文は俺の血には効かないが、デビッドの血をたぎらせ、よみがえらせている。このままではデビッドの意識が戻り、呪文で殺されて俺の血は断たれてしまう！」	disk30/ｸﾙｼﾑ.png	main/davL.png	KO	마왕: 북방의 왕의 주문은 내 피에는 효과가 없지만, 데이비드의 피를 끓어오르게 만들어 그를 되살리고 있다. 이대로라면 데이비드의 의식이 돌아와 주문에 당해 내 피가 끊기고 만다!
disk30	NO62	1540	28	魔王「あの暗黒の星が輝きはじめるのを、どれほど待ちこがれてきたのか・・・スシャ－ナを殺しさえしなかったら、呪文を防ぐ魔法陣が張れたのに・・・無念だ！」	disk30/ｸﾙｼﾑ.png	main/davL.png	KO	마왕: 저 암흑의 별이 다시 빛날 날을 얼마나 오랫동안 기다려 왔는데... 수잔나만 죽이지 않았어도 주문을 막을 결계를 펼칠 수 있었을 것을... 원통하구나!
disk30	NO62	1550	29	もがき苦しんでいたデビッドが急に静かになった。心臓を破られて死んだのか・・・いや、デビッドは腕に力をいれ起き上がろうとしている。	disk30/Dﾖｺ.png	main/davL.png	KO	고통에 몸부림치던 데이비드가 갑자기 조용해졌다. 심장이 터져 죽은 것인가... 아니, 데이비드는 팔에 힘을 주어 일어나려 하고 있었다.
disk30	NO62	1560	30	魔王「北の王の呪文が消えた・・・奴はあせって呪文を使い過ぎて死んだのか・・・しかし、死んでは困る。復讐ができなくなる」	disk30/Dﾖｺ.png	main/davL.png	KO	마왕: 북방의 왕의 주문이 사라졌다... 놈이 초조한 나머지 힘을 너무 소비해 죽기라도 한 건가? ...하지만 그래서는 곤란하다. 그러면 이 원한을 어디에다 풀란 말인가...
disk30	NO62	1565	31	魔王「デビッドの血にまだ温もりが・・・助かった！」	disk30/Dﾖｺ.png	main/davL.png	KO	마왕: 데이비드의 피가 아직 따뜻하다... 살아있었구나!
disk30	NO62	1570	32	デビッド「・・・北の王の呪文が消えた。俺は助かった・・・魔王！　聞こえるか！　スシャ－ナを殺した復讐をお前に見せてやる！！」	disk30/Dﾏｴ.png	main/davL.png	KO	데이비드: ...북방의 왕의 주문은 사라졌고, 난 살아 남았어... 마왕! 듣고 있나! 수잔나를 죽인 대가를 반드시 치르게 해 주겠다!!
disk30	NO62	1580	33	デビッドの意識はデビッドを動かし、地下の階段を上がった。さらに上にあがる階段へと進んで行った。	disk30/ｶｲ.png	main/davL.png	KO	데이비드의 의식은 자신의 몸을 움직여 지하 계단을 올라간 뒤, 다시 위층으로 이어지는 계단을 향해 걸어갔다.
disk30	NO62	1585	34	廊下を進むデビッドを、今の魔王の力では止める事が出来なかった。	disk30/ﾛｶ2.png	main/davL.png	KO	힘이 약해진 마왕은 복도를 나아가는 데이비드의 의식을 막을 수 없었다.
disk30	NO62	1590	35	デビッド「貴様は北の王の呪文に負けた。見ろ！　俺の血は復活され、もとの身体にもどっている。俺の身体を動かせるものなら動かしてみろ！！」	disk30/ﾛｶ2.png	main/davL.png	KO	데이비드: 네놈은 북방의 왕의 주문에 진 거다. 봐라! 내 피가 되살아나 몸도 원래대로 돌아오고 있다. 할 수 있다면 다시 자치해 봐라!!
disk30	NO62	1600	36	魔王「馬鹿め！　暗黒の星があるかぎり俺の血は永遠だ！　お前の血はすでに俺の血に再び侵されはじめているのが気がつかぬのか？　おろか者めが！」	disk30/ﾛｶ2.png	main/davL.png	KO	마왕: 어리석구나! 암흑의 별이 존재하는 한 내 피는 영원하다! 네 피가 벌써 다시 내 피에 잠식되기 시작했다는 것도 모르느냐? 이 어리석은 놈!
disk30	NO62	1610	37	デビッドは、息をきらせながら城の上を見上げる。	disk30/ｼﾛ.png	main/davL.png	KO	데이비드는 숨을 헐떡이며 성의 꼭대기를 올려다봤다.
disk30	NO62	1615	38	デビッドは、ふらつく足で最後の階段をのぼった。	disk30/ｶｲﾀﾝ.png	main/davL.png	KO	데이비드는 비틀거리는 다리로 마지막 계단을 올라갔다.
disk30	NO62	1620	39	デビッド「魔王！　貴様の血は、復活するのが遅かった。俺はスシャ－ナの後を追うために屋上に来たんだ！　たとえ暗黒の星がいくら輝やこうと、俺が死ねば貴様は魔王に復活できない！」	disk30/ｵﾁﾙ.png	main/davL.png	KO	데이비드: 마왕! 네 피가 다시 나를 집어삼키기엔 너무 늦었어. 난 수잔나의 뒤를 따라가려고 이 옥상까지 올라온 거다! 암흑의 별이 아무리 빛나더라도 내가 죽으면 넌 절대 부활하지 못해!
disk30	NO62	1630	40	魔王「や、やめろ！　デビッド！　気が狂ったか！！」	disk30/ｵﾁﾙ.png	main/davL.png	KO	마왕: 그, 그만둬라, 데이비드! 미쳤느냐!!
disk30	NO62	1640	41	デビッドはしびれた手足を動かし、はうようにして城壁にたどりつき、よじのぼった。デビッドは意識が遠のいていくのを必死にこらえ、ベルメアすい星に向かって叫んだ。	disk30/ｵﾁﾙ.png	main/davL.png	KO	데이비드는 마비된 손발을 억지로 움직이며 기어서 성벽까지 올라갔다. 끊어질 것 같은 의식을 붙잡고 벨메아 혜성을 향해 외쳤다.
disk30	NO62	1650	42	デビッド「魔王であるフロオス王よ！　貴様の復讐のためにどれだけの人間が苦しみ死んでいったか・・・貴様の怨念の血は、この俺で最後だ！！」	disk30/ｵﾁﾙ.png	main/davL.png	KO	데이비드: 마왕 플로스! 네 복수 때문에 지금까지 얼마나 많은 사람들이 고통받고 죽어 갔는지 아느냐... 네 원한으로 이어진 이 피는 내가 마지막이다!!
disk30	NO62	1660	43	デビッドは最後の力を振り絞って、城壁を乗り越えた。	disk30/ｵﾁﾙ.png	main/davL.png	KO	데이비드는 마지막 힘을 쥐어짜 성벽 너머로 몸을 던졌다.
disk30	NO62	1670	44	魔王「うわぁ！！・・・」	disk30/ｵﾁﾙ.png	main/davL.png	KO	마왕: 으아악!!
disk30	NO62	1680	45	魔王であるフロオス王の意識は、死の恐怖をもろにかぶって叫びを上げた。	disk30/ｵﾁﾙ.png	main/davL.png	KO	마왕 플로스의 의식은 밀려드는 죽음의 공포를 고스란히 느끼며 절규했다.
disk30	NO62	1690	47	翌日、デビッド達がいた城の南にあるストラトフォ－ドのセント・ラドフ教会では、メリ－ズ大司教の死をいたんで大勢の人達が集まっていた。	disk30/ｷｮｶｲ.png	main/davL.png	KO	다음 날, 데이비드가 머물던 성 남쪽의 스트랫퍼드에 있는 세인트 라도프 교회에는 메리즈 대주교의 죽음을 애도하는 수많은 사람들이 모여 있었다.
disk30	NO62	3000	48	ＣＤ－ＲＯＭよりＤＡＴＡの読み込みを始めます。ＨＩＴ　ＡＮＹ　ＫＥＹ	disk30/ｷｮｶｲ.png	main/davL.png	KO	CD-ROM에서 데이터 읽습니다. 아무 키나 눌러주세요.
disk30	NO62	3010	49	　　　　　　　　ＣＤ－ＲＯＭよりＤＡＴＡを読み込み中	disk30/ｷｮｶｲ.png	main/davL.png	KO	데이터를 읽는 중...
disk30	NO62	9565	92	ＤＡＴＡをＳＡＶＥしますか？　Ｙ／Ｎ	disk30/ｷｮｶｲ.png	main/davL.png	KO	
disk30	NO62	10000	93	ＤＡＴＡをＳＡＶＥしますか？　Ｙ／Ｎ	disk30/ｷｮｶｲ.png	main/davL.png	KO	
disk30	NO62	10040	99	ドライブ１に、ＳＡＶＥ・ディスクを入れて下さい。	disk30/ｷｮｶｲ.png	main/davL.png	KO	
disk30	NO62	10070	101	ドライブ１のディスクが違います。	disk30/ｷｮｶｲ.png	main/davL.png	KO	드라이브 1의 디스크가 다릅니다.
disk30	NO62	10110	102	ＳＡＶＥしました。ドライブ１のディスクに、ＭＡＩＮディスクを入れて下さい。	disk30/ｷｮｶｲ.png	main/davL.png	KO	
disk30	NO62	10150	104	ドライブ１のディスクが違います。	disk30/ｷｮｶｲ.png	main/davL.png	KO	드라이브 1의 디스크가 다릅니다.
disk31	NO63	900	0	デビッドの意識が話す。			KO	데이비드의 의식이 말한다.
disk31	NO63	900	1	スシャ－ナが話す。			KO	수잔나가 말한다.
disk31	NO63	900	2	魔王の意識が話す。			KO	마왕의 의식이 말한다.
disk31	NO63	1000	3	デビッドの手がスシャ－ナの首から離れると、スシャ－ナは床にくずれ落ちた。	disk31/ﾀｵﾚﾙ.png		KO	데이비드의 손이 목에서 떨어지자, 수잔나는 힘없이 바닥에 주저앉았다.
disk31	NO63	1200	4	魔王「スシャ－ナ、お前は暗黒の魔導のおきてを破ろうとしている。それを知って邪魔をするのか？」	disk31/ﾀｵﾚﾙ.png	disk30/ﾏｵｳS.png	KO	마왕: 수잔나, 네가 지금 암흑 마도의 계율을 어기고 있다는 걸 알고도 나를 방해하는 것이냐?
disk31	NO63	1210	5	スシャ－ナは咳込みながら、魔王になったデビッドを怒りの眼で見つめている。	disk31/ﾀｵﾚﾙ.png	disk30/ﾏｵｳS.png	KO	수잔나는 기침을 하면서 마왕이 된 데이비드를 분노에 찬 눈으로 노려봤다.
disk31	NO63	1220	6	スシャ－ナ「私はデビッドを助けるために、暗黒の魔導師を選んだのです。デビッドの意識が魔王になるのなら、魔導のおきてなど・・・デビッドの意識を呼び戻します！」	disk31/ﾀｵﾚﾙ.png	main/linR.png	KO	수잔나: 난 데이비드를 지키기 위해 암흑의 마도사가 된 거야. 그 대가가 데이비드가 사라지는 거라면 마도의 계율 따위는... 반드시 데이비드를 되찾겠어!
disk31	NO63	1230	7	デビッド「魔王！　貴様こそ俺に力を与えると言いながら、俺の身体を乗っとり、スシャ－ナを殺そうとした。なぜだ！」	disk31/ﾀｵﾚﾙ.png	main/davL.png	KO	데이비드: 마왕! 넌 나에게 힘을 주겠다고 해 놓고 내 몸을 강탈해 수잔나를 죽이려고 했어. 어째서냐!
disk31	NO63	1240	8	魔王「魔王の力は、お前の血と俺の血が入れかわった瞬間から力が発揮できる。お前の意識が消えるのも、その過程の一つにすぎない」	disk31/ﾀｵﾚﾙ.png	disk30/ﾏｵｳS.png	KO	마왕: 마왕의 힘은 네 피가 내 피로 완전히 바뀌는 순간에 온전히 발휘된다. 네 영혼이 사라지는 것도 그 과정 중 하나에 불과하다.
disk31	NO63	1250	9	魔王「すでに俺の血は北の一族の血を見てお前の血を侵しはじめている。これも、さだめられた運命だと思って諦めるしかないのだ」	disk31/ﾀｵﾚﾙ.png	disk30/ﾏｵｳS.png	KO	마왕: 이미 북방 일족의 피를 본 순간부터 네 피는 내 피에 잠식되고 있다. 이것도 정해진 운명이니, 순순히 받아들여라.
disk31	NO63	1260	10	デビッド「やめろ！　俺の意識が・・・スシャ－ナ、どこにいるんだ！　眼がかすんで見えない！」	disk31/ﾀｵﾚﾙ.png	main/davL.png	KO	데이비드: 그만둬! 의식이... 수잔나, 어디 있어!? 눈앞이 흐려져서 아무것도 안 보여!
disk31	NO63	1270	11	魔王「諦めろと言ったはずだ。お前の血は侵され意識が消えかかっているのだ。お前の視力も身体も自由にできるのは俺の意識だけだ！」	disk31/ﾀｵﾚﾙ.png	disk30/ﾏｵｳS.png	KO	마왕: 포기하라고 했을 텐데. 네 피는 이미 잠식됐고 영혼도 곧 사라진다. 이제 네 눈도, 네 몸도 내 것이다!
disk31	NO63	1280	12	スシャ－ナは起き上がり、デビッドの意識を呼びもどすため呪文をとなえようとしている。	disk31/ﾘﾝﾁｶ.png	main/linR.png	KO	수잔나는 일어나 데이비드의 의식을 되돌리기 위해 주문을 외우기 시작했다.
disk31	NO63	1290	13	スシャ－ナ「デビッド！　諦めないで意識をしっかりもつのよ。私が必ず呼びもどすわ！」	disk31/ﾘﾝﾁｶ.png	main/linR.png	KO	수잔나: 데이비드! 포기하지 말고 정신 놓지 마요. 제가 반드시 되돌려 놓을게요!
disk31	NO63	1300	14	魔王「スシャ－ナ、お前がいくら努力をしてもその場かぎりだ。デビッドの血がもどるわけはない。むだなエネルギ－使うだけだ！」	disk31/ﾘﾝﾁｶ.png	disk30/ﾏｵｳS.png	KO	마왕: 수잔나, 네가 아무리 노력해도 소용없다. 데이비드의 피가 돌아오지 않는다. 헛되이 네 힘만 낭비할 뿐이다!
disk31	NO63	1310	15	スシャ－ナは、魔王の言葉も耳に入らず一心に呪文をとなえ続けている。デビッドの表情に変化が現れた。	disk31/ﾘﾝﾁｶ.png	disk30/ﾏｵｳS.png	KO	수잔나는 마왕의 말에는 아랑곳하지 않고 오직 주문에만 집중했다. 그러자 데이비드의 표정에 조금씩 변화가 나타났다.
disk31	NO63	1315	16	デビッド「・・・スシャ－ナの顔が見えてきたよ・・・ありがとうスシャ－ナ・・・もう呪文をやめてくれ。俺達がいくら頑張っても、魔王に勝てる道はないんだ・・・」	disk31/ﾘﾝﾁｶ.png	main/davL.png	KO	데이비드: ...수잔나, 네 얼굴이 보여... 고마워, 수잔나... 이제 그만해. 아무리 애써도 우리가 마왕을 이길 방법은 없어...
disk31	NO63	1320	17	スシャ－ナは返事もせずに呪文をとなえ続けている。デビッドもスシャ－ナもその限界が眼の前にある事を知っている。	disk31/ﾘﾝﾁｶ.png	main/davL.png	KO	수잔나는 아무 대답도 하지 않은 채 주문을 계속 외웠다. 데이비드도 수잔나도 이제 한계에 다다랐다는 것을 알고 있었다.
disk31	NO63	1330	18	スシャ－ナの眼から涙が流れ落ち、呪文の言葉もふるえている。魔王はあえて邪魔をせずに、わずかな時を許しているようだ。	disk31/ﾘﾝﾁｶ.png	main/davL.png	KO	수잔나의 눈에서 눈물이 흘렀고, 주문을 외우는 목소리도 떨리고 있었다. 마왕은 그들을 굳이 방해하지 않고 짧은 시간을 허락하고 있는 듯했다.
disk31	NO63	1340	19	デビッド「スシャ－ナ、やめろ！　それ以上続ければ死んでしまう。やめるんだ！！」	disk31/ﾘﾝﾁｶ.png	main/davL.png	KO	데이비드: 수잔나, 그만둬! 계속하면 네가 죽어! 제발 멈춰!!
disk31	NO63	1350	20	スシャ－ナはデビッドの声に、呪文をやめてしまった。	disk31/ﾘﾝﾁｶ.png	main/davL.png	KO	수잔나는 데이비드의 외침을 듣고 주문을 멈췄다.
disk31	NO63	1360	21	スシャ－ナ「デビッド！　私は死んでもいいの。デビッドとこうして話ができるのも、これが最後だから・・・」	disk31/ﾘﾝﾁｶ.png	main/linR.png	KO	수잔나: 데이비드! 전 죽어도 괜찮아요. 당신과 이렇게 이야기할 수 있는 것도 이것이 마지막이니까요...
disk31	NO63	1370	22	デビッド「俺だって、このままでいたいよ。でも、スシャ－ナの死を見るのは俺には耐えられない。二人が幸わせな気持ちでいられる時に別れよう・・・」	disk31/ﾘﾝﾁｶ.png	main/davL.png	KO	데이비드: 나도 계속 당신과 있고 싶어. 하지만 네가 죽는 모습을 보고 싶지 않아. 서로 행복한 마음을 간직할 수 있을 때 헤어지자...
disk31	NO63	1372	23	スシャ－ナがデビッドに近づこうとした。	disk31/ﾘﾝﾁｶ.png	main/davL.png	KO	수잔나는 데이비드에게 가까이 다가가려고 했다.
disk31	NO63	10000	59	ＤＡＴＡをＳＡＶＥしますか？　Ｙ／Ｎ	disk31/ﾘﾝﾁｶ.png	main/davL.png	KO	
disk31	NO63	10040	65	ドライブ１に、ＳＡＶＥ・ディスクを入れて下さい。	disk31/ﾘﾝﾁｶ.png	main/davL.png	KO	
disk31	NO63	10070	67	ドライブ１のディスクが違います。	disk31/ﾘﾝﾁｶ.png	main/davL.png	KO	드라이브 1의 디스크가 다릅니다.
disk31	NO63	10110	68	ＳＡＶＥしました。ドライブ１のディスクに、ＭＡＩＮディスクを入れて下さい。	disk31/ﾘﾝﾁｶ.png	main/davL.png	KO	
disk31	NO63	10150	70	ドライブ１のディスクが違います。	disk31/ﾘﾝﾁｶ.png	main/davL.png	KO	드라이브 1의 디스크가 다릅니다.
disk31	63-1	900	0	デビッドの意識が話す。	disk31/ﾘﾝﾁｶ.png	main/davL.png	KO	데이비드의 의식이 말한다.
disk31	63-1	900	1	スシャ－ナが話す。	disk31/ﾘﾝﾁｶ.png	main/davL.png	KO	수잔나가 말한다.
disk31	63-1	900	2	魔王の意識が話す。	disk31/ﾘﾝﾁｶ.png	main/davL.png	KO	마왕의 의식이 말한다.
disk31	63-1	1372	3	その時、デビッドが胸を押さえて苦しみの声をあげた。	disk31/ｸﾙｼﾑ.png	main/davL.png	KO	그 순간, 데이비드가 가슴을 움켜쥐며 고통스러운 비명을 질렀다.
disk31	63-1	1500	4	デビッド「うわぁ！！　胸に針が！！」	disk31/ｸﾙｼﾑ.png	main/davL.png	KO	데이비드: 으아악!! 가슴에 바늘이!!
disk31	63-1	1510	5	デビッドは、もがき苦しみ始めた。	disk31/ｸﾙｼﾑ.png	main/davL.png	KO	데이비드는 몸부림치며 괴로워하기 시작했다.
disk31	63-1	1520	6	スシャ－ナ「デビッド、どうしたの！？　胸が痛むの？・・・北の王の呪いの呪文なのね！」	disk31/ｸﾙｼﾑ.png	main/davL.png	KO	수잔나: 데이비드, 왜 그래요!? 가슴이 아픈 거예요? ...북방의 왕이 저주의 주문을 걸었군요!
disk31	63-1	1530	7	魔王「なに！　北の王の呪いの呪文だと！？・・・しまった！　身体がデビッドの意識に支配されていたのだ。このままではデビッドは北の王に殺されてしまう！」	disk31/ｸﾙｼﾑ.png	main/davL.png	KO	마왕: 뭐라고!? 북방의 왕의 저주!? ...젠장! 데이비드의 의식이 몸의 주도권을 되찾고 있는 건가. 이대로라면 놈의 주문에 데이비드가 죽는다!
disk31	63-1	1540	8	魔王「うおっ！・・・俺の血が・・・デビッドの血がたぎりだして俺の血を侵しはじめている！　北の王の力に俺の血が負けているのか？」	disk31/ｸﾙｼﾑ.png	main/davL.png	KO	마왕: 크윽! ...내 피가...! 데이비드의 피가 다시 끓어올라 내 피를 잠식하고 있다! 설마 내 피가 북방의 왕의 힘에 밀리고 있는 건가!?
disk31	63-1	1550	9	魔王「スシャ－ナ！　魔法陣を張ってデビッドを助けるのだ！　このままではデビッドの血がたぎり身体から吹きだしてしまうぞ！」	disk31/ｸﾙｼﾑ.png	main/davL.png	KO	마왕: 수잔나! 당장 결계를 펼쳐 데이비드를 구해라! 이대로 두면 피가 끓어올라 온몸이 터질 것이다!
disk31	63-1	1560	10	デビッドの苦しむのを見て、スシャ－ナは食堂に魔法陣の道具を取りに行った。	disk31/ｸﾙｼﾑ.png	main/davL.png	KO	데이비드가 괴로워하는 것을 보고 수잔나는 식당으로 결계 도구를 가지러 갔다.
disk31	63-1	1570	11	スシャ－ナは戻って来たが、魔法陣を張るべきかどうか迷っている。デビッドを北の王から守れば、魔王にデビッドの意識を奪われる。どうしたらいいのかスシャ－ナは迷った。	disk31/ｸﾙｼﾑ.png	main/davL.png	KO	다시 돌아온 수잔나는 선뜻 결계를 펼치지 못했다. 데이비드를 북방의 왕에게서 지키면 마왕에게 데이비드의 영혼이 소멸하기 때문이다. 어느 쪽을 택해야 할지 갈팡질팡했다.
disk31	63-1	1580	12	魔王「スシャ－ナ！　何をしている！　デビッドに苦しみを与え、殺されるのを見ているつもりなのか！？」	disk31/ｸﾙｼﾑ.png	main/davL.png	KO	마왕: 수잔나! 뭘 망설이는 것이냐! 데이비드가 고통 속에서 죽어 가는 걸 지켜볼 셈이냐!?
disk31	63-1	1590	13	スシャ－ナ「デビッドを北の王から守れば、デビッドの血は侵され意識が消えるのよ。デビッドの意識を消す手伝いを私にしろと言うの？　私にはできないわ！！」	disk31/ｸﾙｼﾑ.png	main/davL.png	KO	수잔나: 북방의 왕의 저주를 막으면 당신의 피가 데이비드를 잠식해서 영혼이 사라져! 나보고 데이비드가 사라지는 걸 도우라고!? 난 못 해!!
disk31	63-1	1600	14	魔王「デビッドが地獄の苦しみを味わいながら、死ぬのを見たいと言うのか？　意識が消える時は全ての感覚をなくす事だ。デビッドを愛していれば魔法陣を張るしかないのだ！！」	disk31/ｸﾙｼﾑ.png	main/davL.png	KO	마왕: 데이비드가 지옥의 고통 속에서 죽는 걸 보고 싶다는 것이냐!? 영혼이 사라지면 고통도 느끼지 않는다. 정말 데이비드를 사랑한다면 결계를 펼쳐라!!
disk31	63-1	1610	15	スシャ－ナは涙を浮かべ魔法陣を作り、呪文をとなえた。	disk31/ｷﾀｵｳ.png	main/davL.png	KO	수잔나는 눈물을 머금은 채 결계를 만들고 주문을 외웠다.
disk31	63-1	1620	16	魔王「泣くのはやめろ！　デビッドの苦しみを開放したければ、全身の力をそそいで呪文をとなえるのだ！」	disk31/ｷﾀｵｳ.png	main/davL.png	KO	마왕: 울고 있을 때가 아니다! 데이비드를 구하고 싶다면, 모든 힘을 주문에 쏟아부어라!
disk31	63-1	1630	17	デビッドが苦しみもだえる姿を見たスシャ－ナは、全身の力を呪文にそそいでとなえた。デビッドの苦痛の顔がやわらいできた。	disk31/ｷﾀｵｳ.png	main/davL.png	KO	고통스럽게 몸부림치는 데이비드를 본 수잔나는 온몸의 힘을 주문에 쏟아 외웠다. 데이비드의 고통스러운 표정이 누그러지기 시작했다.
disk31	63-1	1640	18	デビッド「・・・痛みがやわらいできた。スシャ－ナ、魔法陣を張ってくれたのか・・・ありがとう。これが最後の別れだな・・・」	disk31/ﾄﾞｷ.png	main/davL.png	KO	데이비드: ...고통이 가라앉고 있어. 수잔나, 결계를 펼쳐 줬구나... 고마워. 이게 마지막 작별이겠네...
disk31	63-1	1650	19	デビッド「魔王よ！　俺の身体が欲しければ急ぐのだ！　このままではスシャ－ナが死んでしまう！」	disk31/ﾄﾞｷ.png	main/davL.png	KO	데이비드: 마왕이여! 내 몸을 원한다면 빨리 가져가라! 이대로 두면 수잔나가 죽어버려!
disk31	63-1	1660	20	デビッドの血が静まり、再び魔王の血がデビッドの血を侵しはじめた。デビッドの意識が消えはじめたのか、デビッドの顔にやすらぎが見えてきた。	disk31/ﾄﾞｷ.png	main/davL.png	KO	데이비드의 피가 가라앉고 다시 마왕의 피가 데이비드의 피를 잠식하기 시작했다. 데이비드의 영혼이 사라지기 시작했는지 데이비드의 얼굴에 평온함이 보이기 시작했다.
disk31	63-1	1670	21	スシャ－ナ「デビッド！　消えないで！　私を残してどこへ行くの！？」	disk31/ﾘﾝﾁｶ.png	main/linR.png	KO	수잔나: 데이비드! 가지 마요! 절 혼자 남겨 두고 어디 가는 거예요!?
disk31	63-1	1680	22	魔王「・・・もうデビッドの意識は消えた。いままでの記憶も消え去ったのだ。スシャ－ナ、もう魔法陣は必要はない。デビッドを魔王に変える事ができたのだ」	disk31/ﾘﾝﾁｶ.png	disk30/ﾏｵｳS.png	KO	마왕: ...이제 데이비드의 영혼은 사라졌다. 모든 기억도 다 사라졌다. 수잔나, 이제 결계는 필요 없다. 나는 완전히 부활했다.
disk31	63-1	1690	23	魔王「スシャ－ナ、お前が魔導のおきてをやぶった罪は許してやろう。その代わり俺の奴隷となり、死ぬまで俺につくすのだ」	disk31/ﾘﾝﾁｶ.png	disk30/ﾏｵｳS.png	KO	마왕: 수잔나, 마도의 계율을 어긴 죄는 특별히 용서해 주마. 대신 내 노예가 되어 죽을 때까지 나를 섬겨라.
disk31	63-1	1700	24	デビッドを見るスシャ－ナの眼は、すでにデビッドでなく他人を見ている眼になっていた。	disk31/ﾘﾝﾁｶ.png	disk30/ﾏｵｳS.png	KO	데이비드를 바라보는 수잔나의 눈은 사랑하는 연인이 아닌 타인을 바라보는 눈빛이 되어 있었다.
disk31	63-1	1710	25	魔王「スシャ－ナ！　そこに死んでいる北の一族の血を皿にうつせ！　北の王の呪文を逆流させ、奴に自分の呪文で苦しませてやる！」	disk31/ﾘﾝﾁｶ.png	disk30/ﾏｵｳS.png	KO	마왕: 수잔나!! 저기 죽어 있는 북방 일족의 피를 접시에 담아라! 북방의 왕의 주문을 되돌려서, 자기 주문에 스스로 고통받게 해주겠다!
disk31	63-1	1720	26	スシャ－ナは言われた通り、血を皿に移し魔王に渡した。	disk31/ﾁｻﾗ.png	disk30/ﾏｵｳS.png	KO	수잔나는 시키는 대로 피를 접시에 담아 마왕에게 건넸다.
disk31	63-1	1730	27	魔王「これから暗黒の呪文返しを見せてやる。これくらいの呪文を知らないで、暗黒の魔導師と名乗っていたとは情けないぞ、スシャ－ナ」	disk31/ﾁｻﾗ.png	disk30/ﾏｵｳS.png	KO	마왕: 잘 보거라, 이것이 암흑의 주문 되돌리기다. 이런 주문조차 모르면서 암흑의 마도사를 자처하다니 한심하구나, 수잔나.
disk31	63-1	1740	28	魔王のデビッドが呪文をとなえ、血の入った皿を南の方向に投げつけた。	disk31/ｶﾍﾞ.png	disk30/ﾏｵｳS.png	KO	마왕은 주문을 외우며 피가 담긴 접시를 남쪽 벽을 향해 내던졌다.
disk31	63-1	1745	29	皿は石の壁にあたり血が飛びちった。	disk31/ﾁ1.png	disk30/ﾏｵｳS.png	KO	접시는 돌벽에 부서지고 피가 사방으로 튀었다.
disk31	63-1	1750	30	血で汚された石壁から、血が流れはじめた。	disk31/ﾁ2.png	disk30/ﾏｵｳS.png	KO	피로 더럽혀진 돌벽에서 피가 흐르기 시작했다.
disk31	63-1	1755	31	北の王の血か・・・大量の血が石壁から流れた。	disk31/ﾁ3.png	disk30/ﾏｵｳS.png	KO	북방의 왕의 피가... 엄청난 양의 피가 돌벽에서 쏟아져 나왔다.
disk31	63-1	1760	32	魔王「北の王の血が断たれた・・・たかが呪文返しぐらいの術くらいで・・・時がたてば血も薄まったのか、魔導の力も落ちたものだ。お前達、暗黒の魔導師も北の魔導師達もみんな同じだ」	disk31/ﾁ4.png	disk30/ﾏｵｳS.png	KO	마왕: 북방의 왕의 피이 끊어졌다... 고작 주문 하나를 되돌린 것만으로... 세월이 지나면서 피가 옅어져 마도의 힘도 쇠퇴한 모양이구나. 암흑의 마도사든 북방의 마도사든 하나같이 형편없군.
disk31	63-1	1770	33	魔王「スシャ－ナ、世界中の魔導師を集めろ！　俺は暗黒の王国をこの世に築き、従わぬ国は禁断の儀式で全て滅ぼし、世界の王となる！」	disk31/ﾘﾝﾁｶ.png	disk30/ﾏｵｳS.png	KO	마왕: 수잔나, 전 세계의 마도사들을 모아라! 나는 암흑의 왕국을 이 세상에 세우고 따르지 않는 나라는 금단의 의식으로 모두 멸망시켜 세계의 왕이 될 것이다!
disk31	63-1	1780	34	魔王「お前の愛したデビッドが世界の王になるのだ。喜べ、スシャ－ナ！」	disk31/ﾘﾝﾁｶ.png	disk30/ﾏｵｳS.png	KO	마왕: 네가 사랑했던 데이비드가 세계의 왕이 되는 것이다. 기뻐해라, 수잔나!
disk31	63-1	1790	35	スシャ－ナは魔王の言葉を聞いていなかった。魔王に変わったデビッドに近づき、かくし持っていた短剣を魔王の心臓めがけて飛かかるように突き刺した。	disk31/ﾅｲﾌ.png	disk30/ﾏｵｳS.png	KO	수잔나는 마왕의 말을 듣고 있지 않았다. 마왕으로 변한 데이비드에게 다가가 숨겨 두었던 단검을 마왕의 심장을 향해 달려들어 찔러 넣었다.
disk31	63-1	1800	36	スシャ－ナ「北の王の血が断たれたというのに、デビッドの身体をこれ以上汚す事は、私が許せない！　私を裏切り者と言うのなら罰せよ。私は裏切りの罰など恐れてはいない！」	disk31/ﾅｲﾌ.png	disk30/ﾏｵｳS.png	KO	수잔나: 북방의 왕의 피가 끊겼는데도 계속 데이비드의 몸을 더럽히는 것은 내가 용서 못 해! 나를 배신자라고 불러도 상관없어! 난 어떤 벌이든 두렵지 않아!
disk31	63-1	1810	37	胸に短剣を刺された魔王は、よろけながら手を上げ、スシャ－ナに指をさした。	disk31/ﾕﾋﾞ.png	disk30/ﾏｵｳS.png	KO	가슴을 찔린 마왕은 비틀거리면서도 한 손을 들어 수잔나를 가리켰다.
disk31	63-1	1820	38	スシャ－ナの悲鳴があがった。身体から血がにじむように流れだした。床に倒れたスシャ－ナは血の中で苦しんでいる。	disk31/ﾘﾝﾁ1.png	disk30/ﾏｵｳS.png	KO	수잔나가 비명을 질렀다. 온몸에서 피가 스며 나오듯 흘러내리기 시작했고, 그녀는 바닥에 쓰러져 자신의 피 속에서 고통스럽게 몸부림쳤다.
disk31	63-1	1830	39	血がゆっくりと床に広がっていく、スシャ－ナはぶざまな姿を魔王に見せまいと、必死になって苦痛をこらえ、死を待っていた。	disk31/ﾘﾝﾁ2.png	disk30/ﾏｵｳS.png	KO	피가 천천히 바닥을 뒤덮어 갔다. 수잔나는 마지막까지 비참한 모습을 마왕에게 보이지 않으려 이를 악물고 고통을 견디며 죽음을 기다렸다.
disk31	63-1	1840	40	スシャ－ナの血の中にデビッドの身体が倒れた。苦しみに耐えているスシャ－ナは、倒れたデビッドに近づこうと必死になって血の海の中で手をのばしている。	disk31/ﾘﾝﾁ3.png	disk30/ﾏｵｳS.png	KO	데이비드의 몸도 수잔나의 피 위로 쓰러졌다. 죽어 가는 수잔나는 그에게 닿으려는 듯 피로 뒤덮인 바닥에서 필사적으로 손을 뻗었다.
disk31	63-1	1850	41	スシャ－ナの全身の血が流れて意識が消えようとしていた時、デビッドの手がスシャ－ナの手をつかんだ。	disk31/ﾘﾝﾁ3.png	disk30/ﾏｵｳS.png	KO	수잔나의 온몸의 피가 흘러나와 의식이 사라지려 할 때, 데이비드의 손이 그녀의 손을 잡았다.
disk31	63-1	1860	42	わずかに残されたスシャ－ナの意識が、デビッドの意識を感じたのか、苦痛の中に笑みさえ浮かべている。デビッドの意識がスシャ－ナの苦痛の死を忘れさせたのか・・・。	disk31/ﾘﾝﾁ3.png	disk30/ﾏｵｳS.png	KO	희미하게 의식이 남은 수잔나는 데이비드의 영혼을 느낀 것인지 고통 속에서도 미소까지 띠고 있었다. 데이비드의 영혼이 죽음의 고통마저 잊게 해 준 것일까...
disk31	63-1	1870	43	翌日、デビッド達がいた城の南にあるストラトフォ－ドのセント・ラドフ教会では、メリ－ズ大司教の死をいたんで大勢の人達が集まっていた。	disk31/ｷｮｶｲ.png	disk30/ﾏｵｳS.png	KO	다음 날, 데이비드가 머물던 성 남쪽의 스트랫퍼드에 있는 세인트 라도프 교회에는 메리즈 대주교의 죽음을 애도하는 수많은 사람들이 모여 있었다.
disk31	63-1	3000	44	ＣＤ－ＲＯＭよりＤＡＴＡの読み込みを始めます。ＨＩＴ　ＡＮＹ　ＫＥＹ	disk31/ｷｮｶｲ.png	disk30/ﾏｵｳS.png	KO	CD-ROM에서 데이터 읽습니다. 아무 키나 눌러주세요.
disk31	63-1	3010	45	　　　　　　　　ＣＤ－ＲＯＭよりＤＡＴＡを読み込み中	disk31/ｷｮｶｲ.png	disk30/ﾏｵｳS.png	KO	데이터를 읽는 중...
disk31	63-1	10000	93	ＤＡＴＡをＳＡＶＥしますか？　Ｙ／Ｎ	disk31/ｷｮｶｲ.png	disk30/ﾏｵｳS.png	KO	
disk31	63-1	10040	99	ドライブ１に、ＳＡＶＥ・ディスクを入れて下さい。	disk31/ｷｮｶｲ.png	disk30/ﾏｵｳS.png	KO	
disk31	63-1	10070	101	ドライブ１のディスクが違います。	disk31/ｷｮｶｲ.png	disk30/ﾏｵｳS.png	KO	드라이브 1의 디스크가 다릅니다.
disk31	63-1	10110	102	ＳＡＶＥしました。ドライブ１のディスクに、ＭＡＩＮディスクを入れて下さい。	disk31/ｷｮｶｲ.png	disk30/ﾏｵｳS.png	KO	
disk31	63-1	10150	104	ドライブ１のディスクが違います。	disk31/ｷｮｶｲ.png	disk30/ﾏｵｳS.png	KO	드라이브 1의 디스크가 다릅니다.
disk32	NO64	900	0	デビッドが話す。			KO	데이비드가 말한다.
disk32	NO64	900	1	スシャ－ナが話す。			KO	수잔나가 말한다.
disk32	NO64	900	2	クラ－クが話す。			KO	클라크가 말한다.
disk32	NO64	900	3	ヴィンスが話す。			KO	빈스가 말한다.
disk32	NO64	1000	4	デビッドが薬を飲むのを、クラ－クとヴィンスは息をつめて見ている。	disk32/KV.png		KO	데이비드가 약을 마시는 모습을 클라크와 빈스는 숨죽인 채 지켜봤다.
disk32	NO64	1200	5	ヴィンス「所長、魔導師の呪文って・・・僕はどうなるのですか？」	disk32/KV.png	main/ｳｲﾝｽ.png	KO	빈스: 소장님, 마도사의 주문이라니... 저희 정말 괜찮은 겁니까?
disk32	NO64	1210	6	クラ－ク「ただの催眠術だ。呪文が聞こえだしたら他の事を考えていれば大丈夫さ。怖がると催眠術がかかりやすいからな。しかし君は何も知らないのだから安心したまえ」	disk32/KV.png	main/ｸﾗｰｸ.png	KO	클라크: 고작 최면술이네. 주문이 들리기 시작하면 딴생각을 하면 돼. 겁먹을수록 최면에 걸리기 쉬우니까. 게다가 자넨 의뢰인에 대해 아는 것도 없으니 걱정 말게.
disk32	NO64	1220	7	薬が効いてきたのか、デビッドの意識が遠のき、眼がうつろになっていく。スシャ－ナがクラ－ク達を眺めながら言った。	disk32/KV.png	main/linR.png	KO	약효가 돌기 시작했는지, 데이비드의 의식이 흐려졌고 눈이 초점을 잃어 갔다. 수잔나는 탐정들을 바라보며 말했다.
disk32	NO64	1230	8	スシャ－ナ「魔王の力を呼びだす全ての用意ができました。呪文をとなえれば貴方達は死ぬ事になります。まだ、依頼人の事を話す気になりませんか？」	disk32/KV.png	main/linR.png	KO	수잔나: 마왕의 힘을 깨울 준비는 모두 끝났어요. 이제 주문이 시작되면 당신들은 죽을 수도 있어요. 그래도 의뢰인의 정체를 밝힐 생각은 없나요?
disk32	NO64	1240	9	クラ－ク「子供じみたこけおどしで俺がしゃべると思っているのか？　呪文で人が殺せるものなら、やってもらおうじゃないか」	disk32/KV.png	main/ｸﾗｰｸ.png	KO	클라크: 그런 유치한 협박에 내가 입을 열 것 같나? 정말 주문으로 사람을 죽일 수 있다면 한 번 해보게.
disk32	NO64	1250	10	スシャ－ナはデビッドに向いて、呪文をとなえはじめた。ヴィンスは両手で耳をおおっている。	disk32/ﾁｶﾘﾝ.png	main/ｸﾗｰｸ.png	KO	수잔나가 데이비드를 향해 주문을 읊기 시작했다. 빈스는 두 손으로 귀를 틀어막았다.
disk32	NO64	1260	11	デビッドの眼が開き、クラ－クとヴィンスをにらみつけた。スシャ－ナの呪文は途切れる事もなく続いている。	disk32/ﾁｶﾘﾝ.png	main/ｸﾗｰｸ.png	KO	데이비드의 눈이 떠지고 클라크와 빈스를 노려보았다. 수잔나의 주문은 끊임없이 울려 퍼졌다.
disk32	NO64	1270	12	ヴィンス「うわっ！・・・身体が燃える！　手が・・足が・・身体がしびれてうごかない！」	disk32/Vｸﾙｼ.png	main/ｸﾗｰｸ.png	KO	빈스: 으아악! ...몸이 타는 것 같아요! 손도... 발도... 마비돼서 움직이지 않아요!
disk32	NO64	1280	13	クラ－ク「な・・なんだ？・・・これは催眠術と違う・・・ヴィンス！　逃げろ！　うあっ！・・・身体が燃えそうだ！」	disk32/Kｸﾙｼ.png	main/ｸﾗｰｸ.png	KO	클라크: 뭐, 뭐야? ...이건 최면술이 아니야... 빈스, 도망치게! 크아악! 몸이 불타는 것 같아!
disk32	NO64	1290	14	スシャ－ナ「クラ－ク！　依頼人の名前は！　住所を言いなさい。これは魔王の命令です！」	disk32/Kｸﾙｼ.png	main/linR.png	KO	수잔나: 클라크! 의뢰인의 이름과 주소를 말하세요! 마왕의 명령입니다!
disk32	NO64	1300	15	クラ－ク「だ、誰がしゃべるか！　ジョン・ジェイフの名前を言えば探偵としての義理がたたぬ！」	disk32/Kｸﾙｼ.png	main/linR.png	KO	클라크: 누, 누가 불 것 같아! 존 제프라는 이름을 말해 버리면 탐정의 자존심을 저버리는 거라고!
disk32	NO64	1310	16	スシャ－ナ「ジェイフの仕事は！」	disk32/Kｸﾙｼ.png	main/linR.png	KO	수잔나: 제프는 무슨 일을 하죠!?
disk32	NO64	1320	17	クラ－ク「うおっ！・・・身体が燃える！　助けてくれ！　占い師ジェイフの仕事なんか俺が知るか！　ボンド・ストリ－トのグッチの店の裏なんかに、占いの家があるわけがない！」	disk32/Kｸﾙｼ.png	main/linR.png	KO	클라크: 으악! ...몸이 타고 있어! 살려줘! 점술가 제프가 점술가인지 뭔지 내가 어떻게 알겠나! 본드 스트리트의 구찌 매장 뒤편에 점집 같은 게 있을 리가 없잖아!
disk32	NO64	1330	18	ヴィンス「な、何をこたえればいいんだよ。助けてくれ・・・血だ！　血が手から・・・顔もだ！　血が吹きだして止まらないよ・・・僕の知ってる事なら何でも話すよ！」	disk32/Vﾁ.png	main/linR.png	KO	빈스: 뭐, 뭘 말하면 되는 거죠. 살려줘요... 피가! 피가 손에서... 얼굴도! 멈추지 않고 나와요... 내가 아는 거라면 뭐든 말할게요!
disk32	NO64	1340	19	クラ－ク「血が身体中から吹き出している！　助けてくれ！　依頼人の事を話すから助けてくれ！」	disk32/Kﾁ1.png	main/linR.png	KO	클라크: 피가 온몸에서 쏟아지고 있어! 제발 살려주게! 의뢰인에 대해 전부 말할 테니까 살려줘!
disk32	NO64	1350	20	クラ－クとヴィンスの服は血で赤く濡れ、靴からあふれでた血は床に流れてはじめた。	disk32/Kﾁ2.png	main/linR.png	KO	클라크와 빈스의 옷은 피로 붉게 젖었고 신발 속까지 차오른 피가 넘쳐 바닥을 적시기 시작했다.
disk32	NO64	1360	21	二人は頭から流れる血で、顔は赤鬼のようになっている。二人が顔を見合わせ、その姿を見た時、狂ったように床に倒れもがきはじめた。	disk32/KVﾁ.png	main/linR.png	KO	머리에서 흘러내린 피 때문에 두 사람의 얼굴은 붉은 귀신처럼 변해 있었다. 서로의 끔찍한 모습을 확인한 순간, 바닥을 뒹굴며 미친 듯이 몸부림쳤다.
disk32	NO64	1370	22	二人の流した血の海でクラ－クもヴィンスも泳ぐようにもだえ苦しんでいる。全ての血をだしきったのか、静かになり死を迎えた。	disk32/KVﾁ.png	main/linR.png	KO	자신이 흘린 피바다 속에서 클라크도 빈스도 헤엄치듯 몸부림치며 괴로워했다. 결국 모든 피를 다 쏟아낸 듯 조용해지고 죽음을 맞았다.
disk32	NO64	1380	23	スシャ－ナと意識をなくしているデビッドをのぞいて、魔導師達は全員おびえたように部屋のすみにさがっていた。	disk32/ﾁｶﾘﾝ.png	main/linR.png	KO	수잔나와 의식을 잃은 데이비드를 제외하고 마도사들은 모두 겁먹은 듯 방 구석으로 물러나 있었다.
disk32	NO64	1600	24	スシャ－ナ「・・・二人は死んだわ。みんな何をおびえているの？・・・これくらいの事で驚いていたら、暗黒の魔導師はつとまらないわよ」	disk32/ﾁｶﾘﾝ.png	main/linR.png	KO	수잔나: ...둘 다 죽었네요. 그런데 다들 뭘 그렇게 겁내는 거죠? 겨우 이 정도로 놀라면 암흑의 마도사라고 할 수 없어요.
disk32	NO64	1610	25	スシャ－ナは、おびえているランズ夫婦達を見て叱るように言う。そしてデビッドに向って、意識を戻す呪文をとなえはじめると、デビッドの眼が静かに開いた。	disk32/ﾁｶﾘﾝ.png	main/linR.png	KO	수잔나는 겁에 질린 랜즈 부부와 마도사들을 나무라듯 바라봤다. 이어 데이비드의 의식을 되돌리는 주문을 외우자, 그의 초점이 천천히 돌아왔다.
disk32	NO64	1620	26	スシャ－ナ「デビッド、床を見るのよ。貴方の力が二人の血を全身から抜いたの。二人がもし北の一族なら、貴方に魔王の力がよみがえる筈よ」	disk32/ﾁｶﾘﾝ.png	main/linR.png	KO	수잔나: 데이비드, 바닥을 봐요. 당신의 힘이 두 사람의 피를 온몸에서 빼낸 거예요. 그들이 북방 일족이라면 당신에게 마왕의 힘이 깨어날 거예요.
disk32	NO64	1630	27	デビッドはスシャ－ナに言われるまま床を見た。	disk32/ﾁｶﾘﾝ.png	main/linR.png	KO	데이비드는 수잔나의 말에 따라 바닥을 내려다봤다.
disk32	NO64	1640	28	デビッド「うわっ！・・・人が・・人が血の中で死んでいる！　だ、誰がこんな残酷な殺し方をしたんだ！」	disk32/KVﾁ.png	main/linR.png	KO	데이비드: 으아악! ...사람이... 사람이 피 속에서 죽어 있어! 누가 이런 끔찍한 짓을 한 거야!?
disk32	NO64	1650	29	全員がデビッドを見つめているのに気づくと、デビッドは狂ったように叫びだした。	disk32/KVﾁ.png	main/linR.png	KO	모두가 자신만 바라보고 있다는 것을 깨닫자, 데이비드는 미친 듯이 소리쳤다.
disk32	NO64	1660	30	デビッド「俺が殺したというのか！？・・・馬鹿な・・・俺は殺していない！　こんな残酷な殺し方が俺にできるか！」	disk32/KVﾁ.png	main/linR.png	KO	데이비드: 내가 죽였다고!? ...아니야... 난 아무도 죽이지 않았어! 내가 이렇게 잔혹하게 사람을 죽일 리가 없어!
disk32	NO64	1670	31	スシャ－ナ「これが貴方の血の中にかくされた、ほんのわずかな力なのよ。もし魔王の全ての力が使えるようになれば、この世を変えることもできるかも知れないわ」	disk32/KVﾁ.png	main/linR.png	KO	수잔나: 이건 당신의 피 속에 잠들어 있는 힘의 극히 일부분이에요. 마왕의 힘을 완전히 깨우면 세상 자체를 바꿀 수도 있어요.
disk32	NO64	1680	32	デビッド「俺はいやだ！　こんな恐ろしい力など欲しくはない！」	disk32/KVﾁ.png	main/linR.png	KO	데이비드: 싫어! 난 이런 끔찍한 힘 같은 건 필요 없어!
disk32	NO64	1690	33	スシャ－ナ「デビッド、もう手遅れよ。北の一族の血を見た以上、受け継がれた血が復活して魔王の力が現れるわ。そうなれば北の王だって倒せるわ」	disk32/ﾁｶﾘﾝ.png	main/linR.png	KO	수잔나: 데이비드, 이미 늦었어요. 북방 일족의 피를 본 이상 피가 깨어나 마왕의 힘이 나타날 거예요. 그러면 북방의 왕도 쓰러뜨릴 수 있어요.
disk32	NO64	1700	34	デビッド「俺は人を殺すくらいなら、北の王に殺された方がましだ！　もうこれ以上、人を殺させないでくれ！」	disk32/ﾁｶD.png	main/linR.png	KO	데이비드: 사람을 죽일 바엔 차라리 북방의 왕한테 죽겠어! 제발 더 이상 사람을 죽이고 싶지 않아!
disk32	NO64	1710	35	デビッド「スシャ－ナ、お前は俺の力の事を知っていて、薬を飲ませたのだな！　お前は俺を愛しているなどと言っておきながら、本当に欲しかったのは、魔王の力だったのか！？」	disk32/ﾁｶD.png	main/linR.png	KO	데이비드: 수잔나, 넌 내 힘에 대해 알고 있으면서 약을 먹였구나! 날 사랑한다고 말해 놓고 정말 원했던 건 마왕의 힘이었던 거야!?
disk32	NO64	1720	36	デビッド「・・・俺は人を殺した。俺はだまされて人を殺してしまったのだ！　どうすればいいんだ！　どうすれば・・・うわぁ！！」	disk32/ｸﾙｼﾑ.png	main/linR.png	KO	데이비드: ...난 사람을 죽였어. 속아서 사람을 죽여 버렸어! 어떻게 해야 하지! 이제 어떻게 해야... 으아악!!
disk32	NO64	1730	37	デビッドは頭をかかえ叫び続け、床に倒れて動かなくなってしまった。	disk32/ｸﾙｼﾑ.png	main/linR.png	KO	데이비드는 머리를 감싼 채 절규하다가 바닥에 쓰러져 움직이지 않게 되었다.
disk32	NO64	1740	38	デビッドは血の海の中で死んだ二人を見て、神経のたかぶりが限界にたっして気を失った。	disk32/ﾁｶﾋﾄ.png	main/linR.png	KO	피바다 속에서 죽은 두 사람을 본 데이비드는 견디지 못하고 충격에 정신을 잃고 말았다.
disk32	NO64	1760	39	グレッグが話す。	disk32/ﾁｶﾋﾄ.png	main/linR.png	KO	그렉이 말한다.
disk32	NO64	2060	40	ランズが話す。	disk32/ﾁｶﾋﾄ.png	main/linR.png	KO	랜즈가 말한다.
disk32	NO64	2100	41	スシャ－ナ「デビッドは、私達のように魔導師の心得がなかったので刺激が強すぎたのね。誰かデビッドを私の部屋に連れて行って下さい」	disk32/ﾁｶﾋﾄ.png	main/linR.png	KO	수잔나: 데이비드는 우리처럼 마도에 익숙하지 않아서 충격이 너무 컸나 봐요. 누가 데이비드를 제 방으로 옮겨 주세요.
disk32	NO64	2120	42	スシャ－ナ「デビッドは北の王の呪文で疲れ過ぎていたから、一晩寝たら元気になるわ。その時は魔王の力も現れているでしょう」	disk32/ﾁｶﾋﾄ.png	main/linR.png	KO	수잔나: 북방의 왕의 저주 때문에 너무 지쳐 있을 테니, 하룻밤 푹 자면 괜찮아질 거예요. 그때쯤이면 마왕의 힘도 깨어나겠죠.
disk32	NO64	2130	43	グレッグ「依頼人のジェイフをどうしますか・・・？」	disk32/ﾁｶﾋﾄ.png	disk43/ｸﾚｯｸ.png	KO	그렉: 그럼, 의뢰인 제프는 어떻게 할까요?
disk32	NO64	2140	44	スシャ－ナ「ジェイフからは、北の王の事を聞きだせねばなりません。私とランズさん夫婦はジェイフに知られているかも知れませんから、貴方達が行ってジェイフを捕まえてきて下さい」	disk32/ﾁｶﾋﾄ.png	main/linR.png	KO	수잔나: 제프에게서 북방의 왕에 대해서 반드시 알아내야 해요. 저와 랜즈 씨는 얼굴이 알려졌을 가능성이 있으니, 여러분이 가서 제프를 붙잡아 와주세요.
disk32	NO64	2150	45	グレッグ「ジェイフは探偵からの連絡が切れたのを知ると、逃げるかも知れません。私達は今すぐ出発しますから、デビッドさんの事はよろしくお願いします」	disk32/ﾁｶﾋﾄ.png	disk43/ｸﾚｯｸ.png	KO	그렉: 탐정들과 연락이 끊긴 걸 제프가 알아채면 달아날 수도 있습니다. 저희는 지금 당장 출발하겠습니다. 데이비드 씨를 잘 부탁드립니다.
disk32	NO64	2160	46	ランズ「大丈夫です。私が銃を持って城の上で見張りします。グレッグさん達が戻るまでは、誰もこの城には近づけませんから、安心して行って下さい」	disk32/ﾁｶﾋﾄ.png	disk43/ﾗﾝｽﾞ.png	KO	랜즈: 걱정 마십시오. 제가 총을 들고 성 위에서 경계를 서겠습니다. 여러분이 돌아올 때까지는 누구도 성에 접근하지 못하게 할 테니 안심하고 다녀오십시오.
disk32	NO64	2170	47	グレッグ達は車で出発した。	disk32/ｸﾙﾏ.png	disk43/ﾗﾝｽﾞ.png	KO	암흑의 마도사들의 차가 성을 떠났다.
disk32	NO64	10000	91	ＤＡＴＡをＳＡＶＥしますか？　Ｙ／Ｎ	disk32/ｸﾙﾏ.png	disk43/ﾗﾝｽﾞ.png	KO	
disk32	NO64	10040	97	ドライブ１に、ＳＡＶＥ・ディスクを入れて下さい。	disk32/ｸﾙﾏ.png	disk43/ﾗﾝｽﾞ.png	KO	
disk32	NO64	10070	99	ドライブ１のディスクが違います。	disk32/ｸﾙﾏ.png	disk43/ﾗﾝｽﾞ.png	KO	드라이브 1의 디스크가 다릅니다.
disk32	NO64	10110	100	ＳＡＶＥしました。ドライブ１のディスクに、ＭＡＩＮディスクを入れて下さい。	disk32/ｸﾙﾏ.png	disk43/ﾗﾝｽﾞ.png	KO	
disk32	NO64	10150	102	ドライブ１のディスクが違います。	disk32/ｸﾙﾏ.png	disk43/ﾗﾝｽﾞ.png	KO	드라이브 1의 디스크가 다릅니다.
disk32	NO65	900	0	スシャ－ナは、ランズと一緒にデビッドを部屋に連れて行ってベッドに寝かせた。	disk32/ﾍﾞｯﾄ.png	disk43/ﾗﾝｽﾞ.png	KO	수잔나는 랜즈와 함께 데이비드를 방으로 옮겨 침대에 눕혔다.
disk32	NO65	1000	1	デビッドは死んだように眠っている。	disk32/ﾍﾞｯﾄ.png	disk43/ﾗﾝｽﾞ.png	KO	데이비드는 죽은 듯이 잠들어 있었다.
disk32	NO65	1005	2	ランズ夫婦は見張りの準備を整えるために、家に帰った。	disk32/ﾍﾞｯﾄ.png	disk43/ﾗﾝｽﾞ.png	KO	랜즈 부부는 경계 준비를 갖추기 위해 집으로 돌아갔다.
disk32	NO65	1006	3	スシャ－ナもデビッドを北の王から守るため、呪文の道具を取りに部屋を出た。	disk32/ﾍﾞｯﾄ.png	disk43/ﾗﾝｽﾞ.png	KO	수잔나 역시 북방의 왕에게서 데이비드를 지키기 위한 주문 도구를 가지러 방을 나왔다.
disk32	NO65	1010	4	しばらくして、デビッドの意識が戻った。部屋には誰もいなかった。	disk32/ﾍﾞｯﾄ.png	disk43/ﾗﾝｽﾞ.png	KO	잠시 후, 데이비드는 정신을 되찾았다. 방에는 아무도 없었다.
disk32	NO65	1020	5	デビッドは、ロ－ソクの明かりに照らされた部屋の中を見まわしている。	disk32/ﾍﾞｯﾄ.png	disk43/ﾗﾝｽﾞ.png	KO	데이비드는 촛불에 비친 방 안을 둘러봤다.
disk32	NO65	1030	6	・・・ここはスシャ－ナの部屋・・・俺はベッドで寝ていたのか・・・しかし、あの血の中で死んでいた二人の男は・・・夢・・・また悪夢を見ていたのか・・・。	disk32/ﾍﾞｯﾄ.png	disk43/ﾗﾝｽﾞ.png	KO	여기는 수잔나의 방... 난 침대에서 자고 있었나... 하지만 피 속에서 죽어 있던 두 남자는... 꿈인가... 또 악몽을 꾼 건가...
disk32	NO65	1040	7	・・・スシャ－ナは暗黒の魔導師・・・そうだ。俺が受け継いでいる魔王の血を復活させようと二人の探偵を殺したんだ・・・。	disk32/ﾍﾞｯﾄ.png	disk43/ﾗﾝｽﾞ.png	KO	...수잔나는 암흑의 마도사였어... 그래서 내 안에 마왕의 피를 부활시키려고 두 탐정을 죽였어...
disk32	NO65	1045	8	・・・殺された二人の探偵と、その依頼人が北の一族・・・悪夢とはいえ何かが起ころうとしているに違いない・・・。	disk32/ﾍﾞｯﾄ.png	disk43/ﾗﾝｽﾞ.png	KO	...죽은 탐정들과 그 의뢰인이 북방 일족이라니... 악몽이라고 해도 무슨 일이 벌어지고 있는 건 틀림없어...
disk32	NO65	1050	9	・・・スシャ－ナに話さなければ・・・もし、スシャ－ナが暗黒の魔導師だとすれば・・・。	disk32/ﾍﾞｯﾄ.png	disk43/ﾗﾝｽﾞ.png	KO	...수잔나한테 말해야 해... 하지만 그녀가 진짜 암흑의 마도사라면...
disk32	NO65	1060	10	デビッドは、なぜかスシャ－ナと会う事に不安を感じた。それが悪夢のせいだと思いながらもスシャ－ナに対して、今までと違う感情が働いていた。	disk32/ﾍﾞｯﾄ.png	disk43/ﾗﾝｽﾞ.png	KO	데이비드는 왠지 수잔나를 다시 만나는 것이 두려웠다. 악몽 때문이라고 생각하면서도 그녀에 대한 자신의 감정이 예전과 달라졌다는 것을 느꼈다.
disk32	NO65	1070	11	デビッドは、ランプに火をつけた。それを持って部屋の外に出た。	disk32/ﾛ2F.png	disk43/ﾗﾝｽﾞ.png	KO	데이비드는 램프에 불을 밝힌 뒤, 그것을 들고 방을 나섰다.
disk32	NO65	1075	12	この城に来たばかりなので中の様子がわからなかったが、食堂に行こうと下に降りた。	disk32/1F.png	disk43/ﾗﾝｽﾞ.png	KO	아직 성 안의 구조를 잘 알지 못했지만, 데이비드는 식당을 찾아 아래층으로 내려갔다.
disk32	NO65	1080	13	食堂のロ－ソクに火がつけられていたが、スシャ－ナはいなかった。	disk32/ﾃﾌﾞﾙ.png	disk43/ﾗﾝｽﾞ.png	KO	식당에는 촛불이 켜져 있었지만, 수잔나는 보이지 않았다.
disk32	NO65	1085	14	デビッドは廊下に戻ると、なぜか悪夢を思い出してしまった。	disk32/ﾛｳｶ1.png	disk43/ﾗﾝｽﾞ.png	KO	다시 복도로 나오자, 데이비드는 문득 그 악몽을 떠올렸다.
disk32	NO65	1090	15	・・・夢の中では、この廊下をつきあたると、右にまだ廊下が続いていた筈だ・・・。	disk32/ﾛｳｶ1.png	disk43/ﾗﾝｽﾞ.png	KO	...꿈에서는 이 복도 끝까지 가면 오른쪽으로 또 다른 복도가 이어져 있었지...
disk32	NO65	1100	16	デビッドは悪夢を確かめるように、奥へと歩いて行くと右に明かりが見えて来た。	disk32/ﾛｳｶ1.png	disk43/ﾗﾝｽﾞ.png	KO	데이비드는 악몽을 확인하듯 안쪽으로 걸어가자, 오른쪽에서 빛이 보이기 시작했다.
disk32	NO65	1120	17	廊下を右に曲がった瞬間、デビッドは悪夢の中にいるような錯覚を覚えた。	disk32/ﾛ1F.png	disk43/ﾗﾝｽﾞ.png	KO	복도를 오른쪽으로 돈 순간 데이비드는 아직 악몽 속에 있는 듯한 착각에 빠졌다.
disk32	NO65	1130	18	壁のロ－ソクが奥まで点々とつけられ、廊下の奥には悪夢と同じ扉が見えている。	disk32/ﾛ1F.png	disk43/ﾗﾝｽﾞ.png	KO	벽을 따라 촛불이 드문드문 이어져 있었고, 복도 끝에는 악몽과 똑같은 문이 있었다.
disk32	NO65	1140	19	・・・悪夢では奥の扉を開けると地下への階段に続いている筈だ。俺はまだ悪夢を見続けているのか・・・。	disk32/ﾛ1F.png	disk43/ﾗﾝｽﾞ.png	KO	...악몽에서는 문을 열면 지하로 내려가는 계단이 나왔어. 나는 아직 악몽 속에 있는 건가...
disk32	NO65	1150	20	デビッドは廊下を走るようにして、扉の前に立った。	disk32/ﾄﾞｱ1.png	disk43/ﾗﾝｽﾞ.png	KO	데이비드는 뛰다시피 복도를 지나 문 앞에 멈춰 섰다.
disk32	NO65	1155	21	扉を思いきって開けた。	disk32/ﾄﾞｱ1.png	disk43/ﾗﾝｽﾞ.png	KO	문을 거칠게 열어졎혔다.
disk32	NO65	1160	22	デビッドが想像した通り、地下への階段がロ－ソクの炎で照らされている。	disk32/ﾄﾞｱ1.png	disk43/ﾗﾝｽﾞ.png	KO	예상한 대로 촛불이 지하로 내려가는 계단을 희미하게 밝히고 있었다.
disk32	NO65	1170	23	デビッドは、地下の部屋に降りた。	disk32/ﾁｶｼﾂ.png	disk43/ﾗﾝｽﾞ.png	KO	데이비드는 계단을 따라 지하실로 내려갔다.
disk32	NO65	1175	24	部屋の奥にある扉まで行くと、たち止まり考えこんでしまった。	disk32/ﾄﾞｱ2.png	disk43/ﾗﾝｽﾞ.png	KO	지하실 문 앞에서 데이비드는 걸음을 멈추고 고민에 빠졌다.
disk32	NO65	1180	25	・・・もし扉を開けて、部屋の中が悪夢と同じだったら、二人の男が血の海に倒れ、スシャ－ナや、魔導師達がいるかも知れない・・・。	disk32/ﾄﾞｱ2.png	disk43/ﾗﾝｽﾞ.png	KO	...만약 방 안이 악몽과 똑같다면 두 남자가 피 속에 쓰러져 있고, 수잔나와 마도사들이 있을지도 몰라...
disk32	NO65	1190	26	デビッドは扉を開けるのが怖くて、部屋に戻ろうとしたが、中を見たい気持ちも強く、決心がつかないでいた。	disk32/ﾄﾞｱ2.png	disk43/ﾗﾝｽﾞ.png	KO	데이비드는 문을 여는 것이 두려워져 방으로 돌아가려 했지만, 안을 확인하고 싶은 호기심도 강했기에 갈팡질팡했다.
disk32	NO65	1200	27	デビッドは扉を開ける決心をした。	disk32/ﾄﾞｱ2.png	disk43/ﾗﾝｽﾞ.png	KO	문을 열어 확인한다.
disk32	NO65	1200	28	デビッドは部屋に戻りスシャ－ナを待つ事にした。	disk32/ﾄﾞｱ2.png	disk43/ﾗﾝｽﾞ.png	KO	방으로 돌아가 수잔나를 기다린다.
disk32	NO65	1230	29	扉を開けた。	disk32/ﾄﾞｱ2.png	disk43/ﾗﾝｽﾞ.png	KO	문을 열었다.
disk32	NO65	1250	30	ＣＤ－ＲＯＭよりＤＡＴＡの読み込みを始めます。ＨＩＴ　ＡＮＹ　ＫＥＹ	disk32/ﾄﾞｱ2.png	disk43/ﾗﾝｽﾞ.png	KO	CD-ROM에서 데이터 읽습니다. 아무 키나 눌러주세요.
disk32	NO65	1260	31	　　　　　　　　ＣＤ－ＲＯＭよりＤＡＴＡを読み込み中	disk32/ﾄﾞｱ2.png	disk43/ﾗﾝｽﾞ.png	KO	데이터를 읽는 중...
disk32	NO65	3000	33	ＣＤ－ＲＯＭよりＤＡＴＡの読み込みを始めます。ＨＩＴ　ＡＮＹ　ＫＥＹ	disk32/ﾄﾞｱ2.png	disk43/ﾗﾝｽﾞ.png	KO	CD-ROM에서 데이터 읽습니다. 아무 키나 눌러주세요.
disk32	NO65	3010	34	　　　　　　　　ＣＤ－ＲＯＭよりＤＡＴＡを読み込み中	disk32/ﾄﾞｱ2.png	disk43/ﾗﾝｽﾞ.png	KO	데이터를 읽는 중...
disk32	NO65	10000	61	ＤＡＴＡをＳＡＶＥしますか？　Ｙ／Ｎ	disk32/ﾄﾞｱ2.png	disk43/ﾗﾝｽﾞ.png	KO	
disk32	NO65	10040	67	ドライブ１に、ＳＡＶＥ・ディスクを入れて下さい。	disk32/ﾄﾞｱ2.png	disk43/ﾗﾝｽﾞ.png	KO	
disk32	NO65	10070	69	ドライブ１のディスクが違います。	disk32/ﾄﾞｱ2.png	disk43/ﾗﾝｽﾞ.png	KO	드라이브 1의 디스크가 다릅니다.
disk32	NO65	10110	70	ＳＡＶＥしました。ドライブ１のディスクに、ＭＡＩＮディスクを入れて下さい。	disk32/ﾄﾞｱ2.png	disk43/ﾗﾝｽﾞ.png	KO	
disk32	NO65	10150	72	ドライブ１のディスクが違います。	disk32/ﾄﾞｱ2.png	disk43/ﾗﾝｽﾞ.png	KO	드라이브 1의 디스크가 다릅니다.
disk33	NO66	900	0	デビッドが話す。			KO	데이비드가 말한다.
disk33	NO66	900	1	スシャ－ナが話す。			KO	수잔나가 말한다.
disk33	NO66	900	2	男が話す。			KO	남자가 말한다.
disk33	NO66	1010	3	デビッド「うわぁ！！」	disk33/KVｼ.png	main/davL.png	KO	데이비드: 으아악!!
disk33	NO66	1020	4	部屋の中は悪夢と同じで、血は床を流れてデビッドの足元までぬらしていた。中央に二人の男性が血の中で倒れて死んでいた。	disk33/KVｼ.png	main/davL.png	KO	방 안은 악몽에서 본 그대로였다. 바닥을 뒤덮은 피가 데이비드의 발밑까지 흘러왔고, 중앙에는 두 남자가 피 속에 쓰러져 죽어 있었다.
disk33	NO66	1030	5	しかしデビッドが見た部屋の中は悪夢と違い、スシャ－ナや魔導師達はいなく、若い男性が死体のそばにたっていた。	disk33/Dｳｼﾛ.png	main/davL.png	KO	하지만 악몽과 달리 수잔나와 마도사들은 없었고, 젊은 남자가 시체 옆에 서 있었다.
disk33	NO66	1200	6	男「デビッド、お前が殺した二人の男は北の一族と違う。魔王が見たかったのは北の一族の血だ！」	disk33/Dｳｼﾛ.png	main/davL.png	KO	남자: 데이비드, 네가 죽인 저 두 놈들은 북방 일족이 아니다. 마왕이 원한 건 북방 일족의 피다!
disk33	NO66	1210	7	・・・奴は何者だ・・・北の一族の血の事を知っている・・・まさか奴が魔王だと言うのか・・・？	disk33/Dｳｼﾛ.png	main/davL.png	KO	...누구지... 북방 일족의 피에 대해 알고 있어... 설마 저자가 마왕...?
disk33	NO66	1220	8	デビッド「お前は暗黒の魔導師か？・・・それとも魔王か・・・？」	disk33/Dｳｼﾛ.png	main/davL.png	KO	데이비드: 넌 암흑의 마도사냐? ...아니면 마왕이냐?
disk33	NO66	1230	9	男「俺が魔王？・・・魔王は、お前の血の中で北の一族の血を待っているではないか。お前は何をおびえている。たかが人間の血を見たぐらいで泣きわめくとは・・・」	disk33/Dｳｼﾛ.png	main/davL.png	KO	남자: 내가 마왕이라고? ...마왕은 네 피 속에서 북방 일족의 피를 기다리고 있다. 뭘 두려워하는 거지? 고작 인간의 피를 본 정도로 울부짖다니...
disk33	NO66	1240	10	・・・あれは夢の中の出来事。俺以外に知っている奴はいない筈なのに、それを・・・そうだ。俺は今も夢を見続けているのに違いない・・・。	disk33/Dｳｼﾛ.png	main/davL.png	KO	...이건 꿈속에서 일어난 일이야. 나 말고는 아는 사람이 없을 텐데 저 녀석은 어떻게... 그래, 난 아직도 꿈속에 있는 게 틀림없어...
disk33	NO66	1250	11	デビッド「これは夢だ！　夢の中で俺を苦しめる事のできる奴は・・・北の王と魔王しかいない！・・・魔王でないと言うのなら貴様が北の王だな！？」	disk33/Dｳｼﾛ.png	main/davL.png	KO	데이비드: 이건 꿈이야! 꿈속에서 날 괴롭히는 건... 북방의 왕과 마왕뿐이야! 네가 마왕이 아니라면... 북방의 왕이냐!?
disk33	NO66	1260	12	男「俺は北の王でもない。お前は二人の男を殺したのだから悪夢と思いたいのだろうが、これは現実だ。死体をさわり血をなめてみればわかる！」	disk33/Dｳｼﾛ.png	main/davL.png	KO	남자: 나는 북방의 왕도 아니다. 네가 두 남자를 죽였으니 악몽이라고 생각하고 싶은 모양이지만 이것은 현실이다. 못 믿겠으면 시체를 만지고 피라도 핥아 봐라.
disk33	NO66	1270	13	デビッド「貴様は誰だ！　顔を見せろ！」	disk33/Dｳｼﾛ.png	main/davL.png	KO	데이비드: 대체 누구야! 얼굴을 보여라!
disk33	NO66	1280	14	男「俺がわからないのか？・・・俺は魔王の力をえて北の王を殺し、スシャ－ナと幸わせに暮らしたいと願っているデビッドだよ」	disk33/Dｳｼﾛ.png	main/davL.png	KO	남자: 아직도 모르겠나? 난 마왕의 힘을 얻어 북방의 왕을 죽이고, 수잔나와 행복하게 살고 싶은 데이비드다.
disk33	NO66	1290	15	デビッド「デビッドだって！？　人を馬鹿にするな！　スシャ－ナは俺を愛している。俺もスシャ－ナを愛しているのに、なぜお前がスシャ－ナと幸わせになれるんだ！」	disk33/Dｳｼﾛ.png	main/davL.png	KO	데이비드: 네가 데이비드라고!? 웃기지 마! 수잔나는 날 사랑하고 나도 그녀를 사랑해! 그런데 왜 네가 그녀와 행복해진다는 거야!?
disk33	NO66	1300	16	男「今のお前は、本当にスシャ－ナを愛していると言えるのか？　魔導師であるスシャ－ナを見て愛がさめている。俺はお前だ。スシャ－ナを愛し続ける事のできるデビッドだ」	disk33/Dｳｼﾛ.png	main/davL.png	KO	남자: 지금의 네가 정말 수잔나를 사랑한다고 말할 수 있나? 그녀의 정체를 알고 사랑이 식고 있을 텐데. 나는 너다. 수잔나를 계속 사랑할 수 있는 데이비드란 말이다.
disk33	NO66	1310	17	男はデビッドの方にふり向いた。デビッドは男の顔を見て言葉をだそうとしたが声にはならなかった。男の顔は鏡でいつも見ている自分の顔だったからだ。	disk33/Dﾏｴ.png	main/davL.png	KO	남자가 천천히 돌아서자, 데이비드는 말을 잇지 못했다. 그 얼굴은 매일 거울에서 보던 자신의 얼굴과 똑같았다.
disk33	NO66	1320	18	男「俺がデビッドだ・・・お前みたいな小心なデビッドには消えてもらわないと［エレノ・ヴィジョン］は解散になってしまう」	disk33/Dﾏｴ.png	main/davL.png	KO	남자: 내가 데이비드다... 너 같은 겁쟁이 데이비드는 사라져 줘야 `엘레노 비전'이 존속될 수 있다.
disk33	NO66	1330	19	デビッド「お前がデビッドなら俺は誰だと言うんだ！？」	disk33/Dﾏｴ.png	main/davL.png	KO	데이비드: 네가 데이비드라면 난 대체 뭐야!?
disk33	NO66	1340	20	男「お前もデビッドさ・・・そして俺もデビッドだ。ただ違うのは俺がスシャ－ナを愛し続けるデビッドで、お前は愛をつらぬけないデビッドなのだ」	disk33/Dﾏｴ.png	main/davL.png	KO	남자: 너도 데이비드다... 그리고 나도 데이비드다. 그저 나는 수잔나를 끝까지 사랑하는 데이비드고, 넌 그 사랑을 끝까지 지키지 못하는 데이비드라는 것이다.
disk33	NO66	1350	21	もう一人のデビッドが手にナイフを光らせて近づいてきた。	disk33/Dﾏｴ.png	main/davL.png	KO	또 다른 데이비드가 손에 든 칼을 번뜩이며 다가왔다.
disk33	NO66	1360	22	デビッドはもう一人の自分を見て恐怖のどん底にいた。逃げようとしても身体はびくともしなかった。	disk33/Dﾏｴ.png	main/davL.png	KO	데이비드는 그 모습을 보고 극도의 공포에 빠졌다. 도망치려 해도 몸이 꼼짝도 안했다.
disk33	NO66	1370	23	もう一人のデビッドがナイフをふりかざした。	disk33/ﾅｲﾌ2.png	main/davL.png	KO	또 한 명의 데이비드가 칼을 치켜들었다.
disk33	NO66	1380	24	デビッド「うわぁ！！」	disk33/ﾅｲﾌ2.png	main/davL.png	KO	데이비드: 으아악!!
disk33	NO66	1390	25	恐怖で金縛りなったデビッドは、眼を閉じて大声を上げた。	disk33/ﾅｲﾌ2.png	main/davL.png	KO	공포에 몸이 굳어 버린 데이비드는 눈을 질끈 감고 비명을 질렀다.
disk33	NO66	1400	26	その時、デビッドは遠くでスシャ－ナの声を聞いた。	main/MEU4.png	main/davL.png	KO	그때, 멀리서 수잔나의 목소리가 들려왔다.
disk33	NO66	1410	27	デビッド「スシャ－ナ！　助けてくれ！」	main/MEU4.png	main/davL.png	KO	데이비드: 수잔나! 도와줘!
disk33	NO66	1700	28	スシャ－ナ「デビッド！　気がついたの！」	disk33/RIN.png	main/linR.png	KO	수잔나: 데이비드! 정신 차려요!
disk33	NO66	1710	29	デビッドは身体がゆすられているのを感じて眼を開けると、スシャ－ナの顔が目の前にあった。	disk33/RIN.png	main/linR.png	KO	누군가 자신의 몸을 흔드는 느낌에 눈을 뜨자, 수잔나의 얼굴이 눈앞에 있었다.
disk33	NO66	1720	30	デビッドは思った・・・俺はベッドで寝ている。今のは夢だったのか・・・。	disk33/RIN.png	main/linR.png	KO	"데이비드는 생각에 잠겼다...
나는 침대에 누워 있어. 방금 건 꿈이었던 건가..."
disk33	NO66	1730	31	スシャ－ナ「デビッド、もう何も怖がらなくってもいいのよ。私達が生きのびるには、ああするしかなかったのだから・・・」	disk33/ﾍﾞｯﾄ.png	main/linR.png	KO	수잔나: 데이비드, 이제 아무것도 두려워하지 마요. 우리 둘이 살아남으려면 그렇게 하는 수밖에 없었어요...
disk33	NO66	1740	32	デビッドは、スシャ－ナの言っている意味が何をさしているのかわからなかった。	disk33/ﾍﾞｯﾄ.png	main/linR.png	KO	데이비드는 수잔나가 무슨 말을 하는지 바로 이해하지 못했다.
disk33	NO66	1750	33	デビッド「ああするしかないって・・・何の事だ？」	disk33/ﾍﾞｯﾄ.png	main/davL.png	KO	데이비드: 그렇게 할 수밖에 없었다니... 무슨 뜻이야?
disk33	NO66	1760	34	スシャ－ナ「二人の探偵を殺した事でしょう。デビッドが魔王の力を得るには、ああするしかなかったのよ」	disk33/ﾍﾞｯﾄ.png	main/linR.png	KO	수잔나: 두 탐정을 죽인 것 말이에요. 데이비드가 마왕의 힘을 얻으려면 그 방법밖에 없었어요.
disk33	NO66	1770	35	デビッド「二人が死んでいたのは、やはり現実だったのか・・・でもスシャ－ナ、あの二人は北の一族と違う・・・」	disk33/ﾍﾞｯﾄ.png	main/davL.png	KO	데이비드: 역시 두 사람이 죽은 건 정말 현실이었나... 하지만 수잔나, 그들은 북방 일족이 아니야...
disk33	NO66	1780	36	スシャ－ナ「えっ！　北の一族ではなかったの！？・・・でも安心して、グレッグさん達が依頼人のジェイフを捕えて、地下に閉じ込めてるわ。彼は間違いなく北の一族よ。さあ地下に行きましょう」	disk33/ﾍﾞｯﾄ.png	main/linR.png	KO	수잔나: 네!? 북방 일족이 아니었다고요!? ...그래도 걱정하지 마요. 그렉 씨가 의뢰인 제프를 붙잡아 지하에 가둬 놨어요. 그는 틀림없이 북방 일족이에요. 어서 지하로 가요.
disk33	NO66	1790	37	デビッド「行く？・・・まさかその依頼人を俺に殺せと言うのか・・・俺はこれ以上人を殺せない！　スシャ－ナ、俺と一緒に逃げよう！　日本に行けば北の王の呪文もとどかない筈だ！」	disk33/ﾍﾞｯﾄ.png	main/davL.png	KO	데이비드: 지하실로 가자니? ...설마 그 의뢰인을 나한테 죽이라는 거야? ...난 더 이상 사람을 죽일 수 없어! 수잔나, 그냥 같이 도망가자! 일본으로 가면 북방의 왕의 주문도 닿지 않을 거야!
disk33	NO66	1800	38	スシャ－ナ「いやよ。北の王から死ぬまで追われるなんて・・・今なら、北の王を倒せるのよ。この機会を失ったら私達の子供まで運命に追われる事になってしまうわ！」	disk33/ﾍﾞｯﾄ.png	main/linR.png	KO	수잔나: 싫어요! 평생 북방의 왕에게 쫓기며 사는 건... 지금이라면 놈을 쓰러뜨릴 수 있어요. 이 기회를 놓치면 우리 아이들까지 같은 운명을 짊어지게 돼요!
disk33	NO66	1810	39	デビッド「俺は夢で見たんだ。魔王は俺を殺してもう一人のデビッドに生まれ変わろうとしている。スシャ－ナは、それを知って魔王の血を復活しようと言うのか！」	disk33/ﾍﾞｯﾄ.png	main/davL.png	KO	데이비드: 나는 꿈에서 봤어. 마왕은 나를 죽이고 또 한 명의 데이비드로 다시 태어나려고 했어. 수잔나, 그걸 알고도 마왕의 피를 깨우겠다는 거야!?
disk33	NO66	1820	40	スシャ－ナ「夢？・・・母からそんな話は聞いてないわ。魔王の血が復活すればデビッドに力がつくのよ。さあ地下に行きましょう」	disk33/ﾍﾞｯﾄ.png	main/linR.png	KO	수잔나: 꿈이요? ...어머니에게 그런 이야기는 들은 본 적이 없어요. 마왕의 피가 깨어나면 당신에게 힘이 생길 거예요. 어서 지하실로 가요.
disk33	NO66	1830	41	デビッド「俺は行かない！　これ以上人を殺すなんて・・・それに北の一族の血をみれば、俺は俺でなくなり魔王になってしまうんだろう！？」	disk33/ﾍﾞｯﾄ.png	main/davL.png	KO	데이비드: 난 안 가! 더는 사람을 죽이고 싶지 않아! 게다가 북방 일족의 피를 보면 내가 사라지고 또 다른 내가 되어버리게 돼!
disk33	NO66	1840	42	スシャ－ナ「デビッド、私と地下に行くのよ。みんなが貴方を待っているのよ！」	disk33/ﾍﾞｯﾄ.png	main/linR.png	KO	수잔나: 데이비드, 저와 같이 지하실로 가요. 모두가 당신을 기다리고 있어요!
disk33	NO66	1850	43	スシャ－ナは、嫌がるデビッドの腕をひいて部屋から連れだした。廊下にでると、いつ夜があけたのか明るくなっていた。	disk33/ﾛｳｶ.png	main/davL.png	KO	수잔나는 거부하는 데이비드의 팔을 붙잡고 방에서 데리고 나왔다. 어느새 밤이 지나 주위가 환하게 밝아져 있었다.
disk33	NO66	1860	44	デビッド「スシャ－ナ！　お前は俺に人を殺させようとしているのだぞ！　お前は俺なんか愛していない！　魔王の力が欲しいだけなんだ！　俺は地下には行かない！！」	disk33/ﾛｳｶ.png	main/davL.png	KO	데이비드: 수잔나! 넌 나한테 또 사람을 죽이게 만들려고 해! 넌 날 사랑하지 않아! 마왕의 힘이 필요할 뿐이지! 난 지하실에 가지 않아!!
disk33	NO66	1870	45	デビッドは、スシャ－ナの手を振りほどいて、地下への階段と逆の方向へ逃げた。後ろからスシャ－ナの声が聞こえたが、追って来る様子はなかった。	disk33/ﾛｳｶB.png	main/davL.png	KO	데이비드는 수잔나의 손을 뿌리치고 지하 계단과 반대쪽으로 달아났다. 뒤에서 수잔나의 목소리가 들렸지만, 쫓아오는 기색은 없었다.
disk33	NO66	9910	72	デビッド「ウワァッ！！・・・・、ハァ、ハァ・・」	main/MEU4.png	main/davL.png	KO	데이비드: 으아악!! ...하아, 하아...
disk33	NO66	10000	79	ＤＡＴＡをＳＡＶＥしますか？　Ｙ／Ｎ	main/MEU4.png	main/davL.png	KO	
disk33	NO66	10040	85	ドライブ１に、ＳＡＶＥ・ディスクを入れて下さい。	main/MEU4.png	main/davL.png	KO	
disk33	NO66	10070	87	ドライブ１のディスクが違います。	main/MEU4.png	main/davL.png	KO	드라이브 1의 디스크가 다릅니다.
disk33	NO66	10110	88	ＳＡＶＥしました。ドライブ１のディスクに、ＭＡＩＮディスクを入れて下さい。	main/MEU4.png	main/davL.png	KO	
disk33	NO66	10150	90	ドライブ１のディスクが違います。	main/MEU4.png	main/davL.png	KO	드라이브 1의 디스크가 다릅니다.
disk33	NO67	900	0	デビッドが話す。	main/MEU4.png	main/davL.png	KO	데이비드가 말한다.
disk33	NO67	900	1	スシャ－ナが話す。	main/MEU4.png	main/davL.png	KO	수잔나가 말한다.
disk33	NO67	900	2	魔王が話す。	main/MEU4.png	main/davL.png	KO	마왕이 말한다.
disk33	NO67	900	3	北の王が話す。	main/MEU4.png	main/davL.png	KO	북방의 왕이 말한다.
disk33	NO67	1000	4	デビッドは、誰かに追われているように廊下を走り続けた。	disk33/Lﾛｳｶ.png	main/davL.png	KO	데이비드는 누군가에게 쫓기는 듯 계속 복도를 내달렸다.
disk33	NO67	1010	5	デビッドは、前方に見える壁にたどり着こうと走り続けたが、一歩も壁に近づけず、同じ場所で足ぶみしているのではないのかと錯覚した。	disk33/Lﾛｳｶ.png	main/davL.png	KO	아무리 달려도 앞에 보이는 벽은 조금도 가까워지지 않았다. 데이비드는 자신이 같은 자리에서 계속 제자리걸음만 하고 있다는 착각에 빠졌다.
disk33	NO67	1020	6	デビッドは疲れてきたので、走るのをやめて後ろを振り返った。しかし、誰もいなかった。	disk33/ｳｼﾛ.png	main/davL.png	KO	지친 데이비드는 결국 걸음을 멈추고 뒤를 돌아봤다. 하지만 아무도 없었다.
disk33	NO67	1025	7	前にもどるとデビッドは、ぼうぜんと立ちすくんでしまった。	disk33/ｲﾘｸﾁ.png	main/davL.png	KO	다시 앞을 돌아본 데이비드는 눈앞의 광경에 망연자실했다.
disk33	NO67	1030	8	あれほど走り続けても、たどり着く事のできなかった壁が目の前にあった。その壁に扉があった。	disk33/ｲﾘｸﾁ.png	main/davL.png	KO	그렇게 계속 달려도 도달할 수 없었던 벽이 눈앞에 있었고, 벽에는 문이 있었다.
disk33	NO67	1040	9	デビッドはためらう事なく扉を押した。扉は、きしむような音をたてて開いた。	disk33/ｲﾘｸﾁ.png	main/davL.png	KO	데이비드는 주저 없이 문을 밀었다. 문은 삐걱거리는 소리를 내며 열렸다.
disk33	NO67	1050	10	部屋の中を見たデビッドは、声すら出せなかった。	disk33/ﾍﾞｯﾄ.png	main/davL.png	KO	방 안을 본 데이비드는 놀라 소리조차 낼 수 없었다.
disk33	NO67	1060	11	その部屋はデビッドが寝ていた部屋とまるで同じで、デビッドの荷物と同じ物が同じ場所に置かれている。	disk33/ﾍﾞｯﾄ.png	main/davL.png	KO	그곳은 자신이 누워 있던 방과 완전히 똑같았고, 자신의 짐까지 똑같은 위치에 놓여 있었다.
disk33	NO67	1070	12	デビッドは夢遊病者のように、部屋の中に入っていた。	disk33/ﾍﾞｯﾄ.png	main/davL.png	KO	데이비드는 홀린 사람처럼 무심코 방 안으로 들어섰다.
disk33	NO67	1080	13	・・・部屋を出て逃げた時、スシャ－ナは追いかけてこなかった。俺は魔導の力で催眠術をかけられているのかも知れない・・・。	disk33/ﾍﾞｯﾄ.png	main/davL.png	KO	...내가 도망쳤는데도 수잔나는 뒤쫓아오지 않았어. 혹시 마도의 힘으로 최면에 걸린 걸까...
disk33	NO67	1090	14	・・・あれほど走り続けたのに、もとの場所に戻っているなんて・・・。	disk33/ﾍﾞｯﾄ.png	main/davL.png	KO	...그렇게 달렸는데 원래 있던 곳으로 돌아오다니...
disk33	NO67	1100	15	デビッドは、人の気配を感じて入口を見た。部屋の外は暗くなり部屋の中もロ－ソクの明かりだけになっていた。	disk33/ﾐﾙﾍﾔ.png	main/davL.png	KO	인기척을 느낀 데이비드는 문 쪽을 바라봤다. 바깥은 어두워졌고, 방 안에는 촛불만 희미하게 타올랐다.
disk33	NO67	1110	16	突如、稲妻が廊下を照した。天がくずれるような大音響が鳴り響いた。稲妻は入口に人影を浮きあがらせた。	disk33/ﾐﾙﾍﾔ.png	main/davL.png	KO	갑자기 번개가 복도를 밝혔다. 하늘이 무너지는 듯한 굉음이 울려 퍼졌다. 섬광은 입구에 사람의 그림자를 떠오르게 만들었다.
disk33	NO67	1120	17	「デビッド、迎えにきたぞ。さあ一緒に地下に行き依頼人の血を見に行くのだ」	disk33/ﾐﾙﾍﾔ.png	main/davL.png	KO	"""데이비드, 데리러 왔다. 어서 함께 지하실로 가서 의뢰인을 처리하자."""
disk33	NO67	1130	18	次々と起こる落雷の光でデビッドは、入口の影の顔を見た。地下にいたもう一人のデビッドだ。	disk33/ﾐﾙﾍﾔ.png	main/davL.png	KO	연이어 번개가 번쩍이자, 그림자의 얼굴이 보였다. 지하실에서 만났던 또 다른 데이비드였다.
disk33	NO67	1140	19	デビッド「お前は・・・お前が本当のデビッドなら、俺にかまわず一人でスシャ－ナの待つ地下に行けばいいんだ！　俺をさそう必要がなぜある！」	disk33/ﾐﾙﾍﾔ.png	main/davL.png	KO	데이비드: 네가 진짜 데이비드라면 나 같은 건 내버려 두고 혼자 수잔나가 기다리는 지하실로 가면 되잖아! 왜 굳이 날 데려가려는 거야!?
disk33	NO67	1150	20	もう一人のデビッド「それもそうだが、デビッドが二人いては俺が困るのだ。北の一族の血を見て一つになってもらわないとな・・・行きたくないのなら、ここで消えてもらうしかない！」	disk33/ﾐﾙﾍﾔ.png	main/davL.png	KO	또 다른 데이비드: 그 말도 맞지만 데이비드가 둘이면 곤란하다. 북방 일족의 피를 보고 하나가 되어야 한다... 지하실로 가기 싫다면 여기서 네가 사라지는 수밖에!!
disk33	NO67	1160	21	もう一人のデビッドは、ナイフをかざしてデビッドに迫ってきた。	disk33/ﾅｲﾌ3.png	main/davL.png	KO	또 다른 데이비드가 칼을 치켜들고 다가왔다.
disk33	NO67	1170	22	デビッドはナイフをさけようと身をかわしたが、ナイフはデビッドの心臓めがけて迫ってきた。	disk33/ﾅｲﾌ3.png	main/davL.png	KO	데이비드는 피하려 몸을 틀었지만, 칼은 곧장 그의 심장을 노리고 날아들었다.
disk33	NO67	1180	23	デビッド「うわぁ！！」	disk33/ﾅｲﾌ3.png	main/davL.png	KO	데이비드: 으아악!!
disk33	NO67	1190	24	デビッドの叫び声が部屋の中に響きわたる。	disk33/ﾅｲﾌ3.png	main/davL.png	KO	데이비드의 비명이 방 안을 울려 퍼졌다.
disk33	NO67	1200	25	その叫び声でデビッドは眼をさましてしまった。	disk33/ﾍﾞｯﾄ.png	main/davL.png	KO	자신의 비명에 데이비드는 잠에서 깨어났다.
disk33	NO67	1210	26	・・・俺はまた悪夢を見ていたのか・・・何が現実で何が夢なのか・・・。	disk33/ﾍﾞｯﾄ.png	main/davL.png	KO	...또 악몽인가... 대체 어디까지가 현실이고 어디부터가 꿈인 거지...
disk33	NO67	1220	27	デビッドは考えれば考えるほど頭がおかしくなり、冷静になろうとベッドの上で眼を閉じ心を静めようとしていた。	disk33/ﾍﾞｯﾄ.png	main/davL.png	KO	생각하면 할수록 머릿속이 혼란스러워진 데이비드는 마음을 진정시키려고 침대 위에서 눈을 감고 호흡을 가다듬었다.
disk33	NO67	1230	28	北の王「デビッド！　貴様は俺の一族の者を殺そうとしている。呪いの呪文は失敗したが、俺がここに現れたからには、この剣で貴様の心臓をつら抜いてやる！」	disk33/ｷﾀﾍﾞ.png	main/davL.png	KO	북방의 왕: 데이비드! 감히 내 일족을 죽이려 하다니! 저주의 주문은 실패했지만 이제 내가 직접 왔으니, 이 검으로 네 심장을 꿰뚫어 주마!
disk33	NO67	1240	29	いつ現れたのか部屋の中に北の王が立っている。デビッドに剣を突きつけながら近づいて来る。	disk33/ｷﾀﾍﾞ.png	main/davL.png	KO	언제 나타났는지 방 안에는 북방의 왕이 서 있었다. 데이비드에게 검을 겨누며 가까이 다가오고 있었다.
disk33	NO67	1250	30	デビッドはベッドから降りて床にたち、北の王のすきをみつけて逃げようとかまえた。	disk33/Dﾍﾞ.png	main/davL.png	KO	데이비드는 침대에서 내려와 북방의 왕의 빈틈을 노려 달아날 준비를 했다.
disk33	NO67	1260	31	その時、デビッドの頭の中でフロオス王の声が聞こえた。	disk33/Dﾍﾞ.png	main/davL.png	KO	그 순간, 데이비드의 머릿속에 플로스 왕의 목소리가 울렸다.
disk33	NO67	1270	32	フロオス王「デビッド！　お前は運命に逆らおうとしている。北の王を倒すには北の一族の血を見るしかないのだ！　魔王の力を持たねば北の王に殺されるのだ！」	disk33/Dﾍﾞ.png	main/davL.png	KO	플로스 왕: 데이비드! 운명에 거스르려 하지 마라! 북방의 왕을 쓰러뜨리려면 반드시 북방 일족의 피를 봐야 한다! 마왕의 힘을 얻지 못하면 결국 놈에게 죽을 것이다!
disk33	NO67	1280	33	フロオス王「お前が見ている北の王は、ただの影だ。剣にさえ注意していれば殺される事はない。すぐに地下に行け！　スシャ－ナが、お前を待っている。急ぐのだ！！」	disk33/Dﾍﾞ.png	main/davL.png	KO	플로스 왕: 저 북방의 왕은 허상에 불과하다. 검만 조심하면 널 죽이지 못한다. 지금 당장 지하로 가라! 수잔나가 기다리고 있다. 서둘러라!!
disk33	NO67	1290	34	北の王の剣が、デビッドの胸にふれそうになった時、デビッドは剣をさけて北の王に体当たりをした。	disk33/ｷﾀﾍﾞ.png	main/davL.png	KO	검 끝이 가슴에 닿으려는 순간, 데이비드는 몸을 틀어 검을 피한 뒤 북방의 왕에게 그대로 몸을 던졌다.
disk33	NO67	1300	35	デビッドは強い衝撃を想像していたのに、北の王は幻覚だったのか、身体は空をきり勢いあまって廊下に飛び出てしまった。	disk33/ﾛｳｶ.png	main/davL.png	KO	예상했던 충격은 없었고, 북방의 왕의 몸을 그대로 통과해 그 기세를 이기지 못해 복도로 튀어 나갔다.
disk33	NO67	1310	36	デビッドは、無我夢中で階段を降りて行った。	disk33/ﾛｳｶ.png	main/davL.png	KO	데이비드는 정신없이 계단을 내려갔다.
disk33	NO67	1320	37	北の王の剣を背中に感じながら、廊下を走り続ける。	disk33/ﾛｳｶ1.png	main/davL.png	KO	등 뒤에서 북방의 왕의 살기를 느끼며 복도를 내달렸다.
disk33	NO67	1330	38	右へ曲がった廊下に出て、つきあたりの扉を見た時、デビッドの足が止まった。	disk33/ﾛ1F.png	main/davL.png	KO	오른쪽으로 꺾인 복도 끝에서 문이 보이자, 데이비드의 발이 멈췄다.
disk33	NO67	1340	39	・・・あの扉は地下に降りる扉だ。魔王の言葉でおもわず来てしまったのか・・・俺には、あの扉を開ける事はできない・・・。	disk33/ﾁﾄﾞｱ.png	main/davL.png	KO	...이 문은 지하로 내려가는 문이야. 플로스 왕의 말에 이끌려 나도 모르게 여기까지 온 건가... 하지만 난 이 문을 열 수 없어...
disk33	NO67	1350	40	デビッドが戻ろうと振り返えった瞬間、眼の前にナイフが光った。	disk33/ﾅｲﾌ3.png	main/davL.png	KO	데이비드가 돌아가려고 뒤돌아본 순간 눈앞에 칼날이 번쩍였다.
disk33	NO67	1360	41	もう一人のデビッド「ここまで来て、なぜ引き返すのだ。地下に行くのだ。デビッド！　行かなければお前を殺してやる！！」	disk33/ﾅｲﾌ3.png	main/davL.png	KO	또 다른 데이비드: 여기까지 와 놓고 왜 돌아가려는 거냐? 지하로 가라, 데이비드! 싫다면 여기서 널 죽여주마!!
disk33	NO67	1370	42	デビッドはナイフを振り払い、もう一人のデビッドを押しのけて走った。頭の中は逃げる事しか考えられず、何がどうなっているのか考えるひまもなかった。	disk33/ﾛｳｶ1.png	main/davL.png	KO	데이비드는 칼날을 쳐내고 또 다른 자신을 밀쳐 내며 달아났다. 머릿속에는 도망치는 것밖에 생각할 수 없었고, 무슨 일이 벌어지고 있는지 따져 볼 여유조차 없었다.
disk33	NO67	1380	43	食堂の近くに来た時、階段から北の王が剣を振りかざして降りて来た。	disk33/ｷﾀ1F.png	main/davL.png	KO	식당 근처에 왔을 때, 계단에서 북방의 왕이 검을 치켜들고 내려왔다.
disk33	NO67	1385	44	デビッドは庭に出る扉まで、無我夢中で走り続けた。	disk33/ﾃﾞｲﾘ.png	main/davL.png	KO	데이비드는 정원으로 나가는 문까지 정신없이 계속 달렸다.
disk33	NO67	1390	45	扉を開けると前も見ずに、外に飛び出した。	disk33/ﾃﾞｲﾘ.png	main/davL.png	KO	문을 열어젖힌 데이비드는 앞도 보지 않고 밖으로 뛰쳐나갔다.
disk33	NO67	3000	46	ＣＤ－ＲＯＭよりＤＡＴＡの読み込みを始めます。ＨＩＴ　ＡＮＹ　ＫＥＹ	disk33/ﾃﾞｲﾘ.png	main/davL.png	KO	CD-ROM에서 데이터 읽습니다. 아무 키나 눌러주세요.
disk33	NO67	3010	47	　　　　　　　　ＣＤ－ＲＯＭよりＤＡＴＡを読み込み中	disk33/ﾃﾞｲﾘ.png	main/davL.png	KO	데이터를 읽는 중...
disk33	NO67	9910	95	デビッド「ウワァッ！！・・・・、ハァ、ハァ・・」	main/MEU4.png	main/davL.png	KO	데이비드: 으아악!! ...하아, 하아...
disk33	NO67	10000	102	ＤＡＴＡをＳＡＶＥしますか？　Ｙ／Ｎ	main/MEU4.png	main/davL.png	KO	
disk33	NO67	10040	108	ドライブ１に、ＳＡＶＥ・ディスクを入れて下さい。	main/MEU4.png	main/davL.png	KO	
disk33	NO67	10070	110	ドライブ１のディスクが違います。	main/MEU4.png	main/davL.png	KO	드라이브 1의 디스크가 다릅니다.
disk33	NO67	10110	111	ＳＡＶＥしました。ドライブ１のディスクに、ＭＡＩＮディスクを入れて下さい。	main/MEU4.png	main/davL.png	KO	
disk33	NO67	10150	113	ドライブ１のディスクが違います。	main/MEU4.png	main/davL.png	KO	드라이브 1의 디스크가 다릅니다.
disk34	67-1	900	0	デビッドが話す。			KO	데이비드가 말한다.
disk34	67-1	900	1	スシャ－ナが話す。			KO	수잔나가 말한다.
disk34	67-1	900	2	魔王が話す。			KO	마왕이 말한다.
disk34	67-1	900	3	北の王が話す。			KO	북방의 왕이 말한다.
disk34	67-1	1395	4	城の外は暗く、空に星が出ている。デビッドは辺りを見回して、そのショックに心臓が止まるかと思った。	disk34/ﾛ1.png		KO	성 밖은 어둡고 하늘에는 별이 떠 있었다. 주위를 둘러본 데이비드는 심장이 멎는 듯한 충격을 받았다.
disk34	67-1	1400	5	・・・城の庭が悪夢の街に変わっている。これは夢だ。もし夢でなければ魔導の力による幻覚に違いない・・・。	disk34/ﾛ1.png		KO	...성의 정원이 악몽의 거리로 변했어. 이건 꿈이야. 만약 꿈이 아니라면 마도의 힘에 의한 환각이 틀림없어...
disk34	67-1	1410	6	デビッドは、人気のない街に向かって狂ったように叫んだ。	disk34/ﾛ2.png		KO	데이비드는 아무도 없는 거리를 향해 미친 사람처럼 소리쳤다.
disk34	67-1	1415	7	それに答えるように、もの凄い殺気がなだれのように襲って来た。	disk34/ﾛ2.png		KO	그것에 대답하듯 엄청난 살기가 눈사태처럼 덮쳐 왔다.
disk34	67-1	1420	8	デビッドの全身は冷水を浴びたように鳥肌がたち、おしよせる殺気から逃げるために街の中を走り続けた。	disk34/ﾛ2.png		KO	데이비드는 찬물을 뒤집어쓴 듯 온몸에 소름이 돋았다. 쏟아지는 살기에서 벗어나기 위해 미친 듯이 거리를 내달렸다.
disk34	67-1	1430	9	デビッドは、悪夢の街を何度も歩かされているので道は知っていた。	disk34/ﾛ2.png		KO	데이비드는 악몽 속에서 이 거리를 몇 번이나 헤맸기 때문에 길을 기억하고 있었다.
disk34	67-1	1440	10	・・・この道を行くと左に曲がる道にでる。そして下りの道になる筈だ・・・。	disk34/ﾛ2.png		KO	...이 길로 가면 왼쪽으로 꺾이는 길이 나와. 그다음은 내리막길이야...
disk34	67-1	1450	11	・・・そして下りの道を右に曲がり、次を左に下ると城が見える通りに出る・・・。	disk34/ﾛ3.png		KO	...내리막에서 오른쪽으로 꺾고, 다음 길에서 다시 왼쪽으로 내려가면 성이 보이는 길로 나갈 수 있어...
disk34	67-1	1460	12	・・・悪夢の街を通り過ぎれば、城に出られるのかも知れない・・・城・・・あの城は、スシャ－ナの城と似ていた・・・。	disk34/ﾛ4.png		KO	...이 악몽의 거리를 빠져나가면 성으로 갈 수 있을 거야... 성... 그러고 보니 그 성은 수잔나의 성과 닮았었지...
disk34	67-1	1470	13	デビッドは殺気もわすれ、記憶を呼び戻すように街の中を走り抜けた。	disk34/ﾛ5.png		KO	데이비드는 짓누르던 살기조차 잊은 채, 기억을 더듬으며 거리를 가로질렀다.
disk34	67-1	1480	14	デビッドの行くてに荒野が広がり城が見えてきた。	disk34/Sｼﾛ.png		KO	이윽고 눈앞에 황야가 펼쳐졌고, 그 너머로 성이 모습을 드러냈다.
disk34	67-1	1485	15	・・・悪夢の中の城はスシャ－ナの城だったのか？　俺はこの城に来る事を運命づけられていたのだ・・・。	disk34/Sｼﾛ.png		KO	...악몽 속의 성은 수잔나의 성이었던 건가? 나는 처음부터 이 성에 올 운명이었나...
disk34	67-1	1490	16	デビッドは荒野の中に入った瞬間、軽い眼まいを感じた。	disk34/Sｼﾛ.png		KO	황야로 들어선 순간, 데이비드에게 가벼운 현기증이 밀려왔다.
disk34	67-1	9910	52	デビッド「ウワァッ！！・・・・、ハァ、ハァ・・」	main/MEU4.png		KO	데이비드: 으아악!! ...하아, 하아...
disk34	67-1	10000	59	ＤＡＴＡをＳＡＶＥしますか？　Ｙ／Ｎ	main/MEU4.png		KO	
disk34	67-1	10040	65	ドライブ１に、ＳＡＶＥ・ディスクを入れて下さい。	main/MEU4.png		KO	
disk34	67-1	10070	67	ドライブ１のディスクが違います。	main/MEU4.png		KO	드라이브 1의 디스크가 다릅니다.
disk34	67-1	10110	68	ＳＡＶＥしました。ドライブ１のディスクに、ＭＡＩＮディスクを入れて下さい。	main/MEU4.png		KO	
disk34	67-1	10150	70	ドライブ１のディスクが違います。	main/MEU4.png		KO	드라이브 1의 디스크가 다릅니다.
disk34	NO68	900	0	デビッドが話す。	main/MEU4.png		KO	데이비드가 말한다.
disk34	NO68	900	1	スシャ－ナが話す。	main/MEU4.png		KO	수잔나가 말한다.
disk34	NO68	900	2	魔王が話す。	main/MEU4.png		KO	마왕이 말한다.
disk34	NO68	900	3	北の王が話す。	main/MEU4.png		KO	북방의 왕이 말한다.
disk34	NO68	1500	4	気がつくとデビッドは、スシャ－ナの部屋の前に立っていた。荒野から城の中に一瞬にして移動したのだ。	disk34/ﾛｳｶ.png		KO	정신을 차리자, 데이비드는 수잔나의 방 앞에 서 있었다. 황야에서 성 안으로 순식간에 이동한 것이다.
disk34	NO68	1510	5	デビッドが部屋の扉を開けると、そこにスシャ－ナがいた。	disk34/ﾍﾞｯﾄ.png	main/linR.png	KO	데이비드가 문을 열자, 수잔나가 기다리고 있었다.
disk34	NO68	1520	6	スシャ－ナ「デビッド、待ってたのよ。さあ地下に行きましょう。みんな貴方の来るのが遅いので心配しているわ」	disk34/ﾍﾞｯﾄ.png	main/linR.png	KO	수잔나: 데이비드, 기다리고 있었어요. 어서 지하실로 가요. 너무 늦어서 모두 걱정하고 있어요.
disk34	NO68	1530	7	スシャ－ナ「急いでデビッド！　地下に捕らえている依頼人を殺して血を見ないと、暗黒の星が去ってしまうのよ！」	disk34/ﾍﾞｯﾄ.png	main/linR.png	KO	수잔나: 서둘러요, 데이비드! 지하에 붙잡아 둔 의뢰인을 죽이고 피를 보지 않으면 암흑의 별이 떠나버릴 거예요!
disk34	NO68	1540	8	スシャ－ナはデビッドの手を両手でしっかりと握った。	disk34/ﾍﾞｯﾄ.png	main/linR.png	KO	수잔나는 두 손으로 데이비드의 손을 꽉 붙잡았다.
disk34	NO68	1550	9	デビッド「やめてくれ！　俺には人を殺せないんだ！！」	disk34/ﾍﾞｯD.png	main/davL.png	KO	데이비드: 그만둬! 난 사람을 죽이고 싶지 않아!!
disk34	NO68	1555	10	いつの間にかデビッドのそばに、もう一人のデビッドが現れていた。	disk34/ﾍﾞｯD.png	main/davL.png	KO	어느새 데이비드 옆에 또 한 명의 데이비드가 나타났다.
disk34	NO68	1560	11	もう一人のデビッド「スシャ－ナ、もう一人のデビッドは殺すしかない。デビッドが二人もいては俺が迷惑だ」	disk34/ﾍﾞｯD.png	main/davL.png	KO	또 다른 데이비드: 수잔나, 겁쟁이 데이비드는 죽이는 수밖에 없다. 데이비드가 둘이나 있으면 곤란하다.
disk34	NO68	1570	12	もう一人のデビッドがナイフを持って近づいてくる。	disk34/ﾍﾞｯD.png	main/davL.png	KO	또 다른 데이비드가 칼을 들고 다가왔다.
disk34	NO68	1580	13	デビッド「スシャ－ナ！　俺の手を放すんだ！　逃げなければ奴に殺される！」	disk34/ﾍﾞｯD.png	main/davL.png	KO	데이비드: 수잔나, 이 손 놔! 지금 도망치지 않으면 저놈한테 죽는다고!
disk34	NO68	1590	14	デビッドはスシャ－ナの指を開こうとしたが、指は鉄のようにかたく動かせない。	disk34/ﾍﾞｯD.png	main/davL.png	KO	데이비드는 수잔나의 손을 떼어 내려 했지만, 그녀의 손가락은 쇠처럼 굳어 꼼짝도 하지 않았다.
disk34	NO68	1600	15	もう一人のデビッドがナイフをふりかざした。	disk34/ﾅｲﾌ3.png	main/davL.png	KO	또 다른 데이비드가 칼을 높이 치켜들었다.
disk34	NO68	1610	16	デビッド「うあっ！！・・・」	disk34/ﾅｲﾌ3.png	main/davL.png	KO	데이비드: 으아악...!!
disk34	NO68	1620	17	デビッドは痛みを感じる前に意識を失ったのか、真っ暗な闇の中に吸いこまれていった。	disk34/ﾅｲﾌ3.png	main/davL.png	KO	데이비드는 통증을 느끼기 전에 의식을 잃었고, 끝없는 어둠 속으로 빨려 들어갔다.
disk34	NO68	1625	18	デビッドは、病院の個室のベッドに寝ている。そばにはスシャ－ナがいた。	disk34/ﾋﾞｮｳ.png	main/davL.png	KO	데이비드는 어느 병원의 독실 침대에 누워 있었다. 그 곁에는 수잔나가 있었다.
disk34	NO68	1640	19	医師が話す。	disk34/ﾋﾞｮｳ.png	main/davL.png	KO	의사가 말한다.
disk34	NO68	1640	20	スシャ－ナが話す。	disk34/ﾋﾞｮｳ.png	main/davL.png	KO	수잔나가 말한다.
disk34	NO68	1900	21	スシャ－ナ「先生、デビッドの症状は良くなっているのでしょうか？」	disk34/ﾋﾞｮｳ.png	main/linR.png	KO	수잔나: 선생님, 데이비드 상태는 좀 나아졌나요?
disk34	NO68	1910	22	スシャ－ナが話しかけている先生は、デビッドが入院している精神病院の医師だ。スシャ－ナはデビッドの看病をしていた。	disk34/ﾋﾞｮｳ.png	main/linR.png	KO	수잔나와 대화하는 사람은 데이비드가 입원한 정신병원의 담당 의사였다. 수잔나는 줄곧 그의 곁에서 간병하고 있었다.
disk34	NO68	1920	23	スシャ－ナ「一ケ月も夢を見続けるなんて・・・デビッドはどうなるのですか？」	disk34/ﾋﾞｮｳ.png	main/linR.png	KO	수잔나: 벌써 한 달째 계속 잠들어 있는데... 데이비드는 앞으로 어떻게 되는 건가요?
disk34	NO68	1930	24	医師「この脳波を見てもわかるように、異常脳波がこんなに多くでています。それに他の波形も絶えず動いているでしょう？　いまもこんなに脳波がひどくみだれていますから・・・」	disk34/ﾋﾞｮｳ.png	disk43/ｲｼ.png	KO	의사: 이 뇌파를 보시면 아시겠지만, 비정상적인 파형이 상당히 많습니다. 게다가 다른 파형들도 계속 요동치고 있고. 지금도 이렇게 뇌파가 심하게 불안정하니...
disk34	NO68	1940	25	医師「この脳波は、悪夢のような恐怖を感じた時にあらわれる波形でして・・・しかし、これだけのショックを感じながら夢がさめないのは、なにか現実から逃避をしたい原因があるのでは・・・？」	disk34/ﾋﾞｮｳ.png	disk43/ｲｼ.png	KO	의사: 이런 파형은 악몽처럼 극심한 공포를 느낄 때 나타나는데... 이 정도 충격을 계속 받으면서도 깨어나지 못한다면, 현실에서 도피하고 싶은 어떤 이유가 있는 게 아닐까 생각됩니다...
disk34	NO68	1950	26	スシャ－ナ「芸能人にありがちですけど、異常な人気から逃げたいのかも知れません。きっと一人になりたかったのですわ」	disk34/ﾋﾞｮｳ.png	main/linR.png	KO	수잔나: 연예인에게 흔한 일이지만, 지나친 인기에서 도망치고 싶은 것일지도 몰라요. 분명 혼자가 되고 싶었던 거예요.
disk34	NO68	1960	27	医師「症状としては、良い事ではないのですが、これだけ激しく脳波が不安定なのですから、最悪でも植物人間にはならないでしょう」	disk34/ﾋﾞｮｳ.png	disk43/ｲｼ.png	KO	의사: 좋은 증상이라고 할 수는 없지만, 뇌파가 이렇게 격렬하게 반응한 이상 최소한 뇌사에 빠질 가능성은 낮습니다.
disk34	NO68	1965	28	医師「いずれ、今以上の激しい夢を見れば、夢の世界を恐れて現実に戻りますよ」	disk34/ﾋﾞｮｳ.png	disk43/ｲｼ.png	KO	의사: 언젠가 지금보다 더 강렬한 꿈을 겪게 되면, 오히려 꿈이 두려워 현실로 돌아올 수 있을 겁니다.
disk34	NO68	1970	29	スシャ－ナ「先生、寝ているデビッドに私が話しかけたら聞こえるのでしょうか？」	disk34/ﾋﾞｮｳ.png	main/linR.png	KO	수잔나: 선생님, 잠든 데이비드에게 말을 걸면 들을 수 있나요?
disk34	NO68	1980	30	医師「脳波が、静かな時は熟睡していますから聞こえないでしょうが、少し波形がでている時なら聞こえる時もあるそうです。でも、すぐに忘れて記憶には残りません」	disk34/ﾋﾞｮｳ.png	disk43/ｲｼ.png	KO	의사: 뇌파가 잠잠할 때는 깊이 잠든 거나 다름없어 들리지 않겠지만, 파형이 움직일 때라면 들릴 수도 있습니다. 하지만 곧 잊어버려 기억에는 남지 않겠죠.
disk34	NO68	1990	31	医師「スシャ－ナさんも大変ですね。こういう病気は気長に看病しないと貴方の身体がもちませんよ」	disk34/ﾋﾞｮｳ.png	disk43/ｲｼ.png	KO	의사: 수잔나 씨도 힘드시겠군요. 이런 병은 장기간 지켜봐야 하니, 무리하면 몸이 버티지 못합니다.
disk34	NO68	2000	32	医師はそう言って、デビッドの病室から出て行った。残されたスシャ－ナは、デビッドの耳もとに近づいて話かけた。	disk34/ﾋﾞｮｳ.png	disk43/ｲｼ.png	KO	의사는 그렇게 말한 뒤 병실을 나갔다. 혼자 남은 수잔나는 데이비드의 귓가로 다가가 말을 걸었다.
disk34	NO68	2010	33	スシャ－ナ「デビッド、貴方の赤ちゃんが私のおなかの中で元気にしているわ。はやく眠りから覚めて、三人で一緒に暮らしましょう」	disk34/ﾋﾞｮｳ.png	main/linR.png	KO	수잔나: 데이비드, 우리 아기는 제 배 속에서 건강하게 자라고 있어요. 어서 잠에서 깨어나서 우리 셋이 함께 살아요.
disk34	NO68	2020	34	デビッドは何も反応しなかったが、スシャ－ナには何か聞こえたように感じた。	disk34/ﾋﾞｮｳ.png	main/linR.png	KO	데이비드는 아무 반응도 없었지만, 수잔나는 무언가가 들린 것처럼 느껴졌다.
disk34	NO68	2030	35	・・・俺の血を受け継ぐ者ができたか。でかしたぞ、スシャ－ナ。おかげで３００年後を楽しみに暗黒の星でゆっくりと休む事ができるわ・・・。	disk34/ﾋﾞｮｳ.png	main/linR.png	KO	...내 피를 이어받을 자가 생겼는가. 훌륭하다, 수잔나. 이제 300년 뒤를 고대하며 암흑의 별에서 편히 쉴 수 있겠구나...
disk34	NO68	2040	36	スシャ－ナ「フロオス王の声・・・フロオス王が暗黒の星にもどれば、デビッドはきっと目がさめるわ・・・」	disk34/ﾋﾞｮｳ.png	main/linR.png	KO	수잔나: 플로스 왕의 목소리였어... 플로스 왕이 암흑의 별로 돌아간다면 데이비드도 분명 깨어날 거야...
disk34	NO68	2050	37	スシャ－ナは、デビッドが目覚める期待感にあふれ、病室の中に山と積まれたファンからの見舞いの手紙を見ながら返事を書こうと思った。	disk34/ﾋﾞｮｳ.png	main/linR.png	KO	데이비드가 깨어날 것이라는 희망을 되찾은 수잔나는 병실에 산더미처럼 쌓여 있는 팬들의 위문 편지를 바라보며, 답장을 써야겠다고 생각했다.
disk34	NO68	3000	38	ＣＤ－ＲＯＭよりＤＡＴＡの読み込みを始めます。ＨＩＴ　ＡＮＹ　ＫＥＹ	disk34/ﾋﾞｮｳ.png	main/linR.png	KO	CD-ROM에서 데이터 읽습니다. 아무 키나 눌러주세요.
disk34	NO68	3010	39	　　　　　　　　ＣＤ－ＲＯＭよりＤＡＴＡを読み込み中	disk34/ﾋﾞｮｳ.png	main/linR.png	KO	데이터를 읽는 중...
disk34	NO68	9910	65	デビッド「ウワァッ！！・・・・、ハァ、ハァ・・」	disk34/ﾋﾞｮｳ.png	main/linR.png	KO	데이비드: 으아악!! ...하아, 하아...
disk34	NO68	10000	72	ＤＡＴＡをＳＡＶＥしますか？　Ｙ／Ｎ	disk34/ﾋﾞｮｳ.png	main/linR.png	KO	
disk34	NO68	10040	78	ドライブ１に、ＳＡＶＥ・ディスクを入れて下さい。	disk34/ﾋﾞｮｳ.png	main/linR.png	KO	
disk34	NO68	10070	80	ドライブ１のディスクが違います。	disk34/ﾋﾞｮｳ.png	main/linR.png	KO	드라이브 1의 디스크가 다릅니다.
disk34	NO68	10110	81	ＳＡＶＥしました。ドライブ１のディスクに、ＭＡＩＮディスクを入れて下さい。	disk34/ﾋﾞｮｳ.png	main/linR.png	KO	
disk34	NO68	10150	83	ドライブ１のディスクが違います。	disk34/ﾋﾞｮｳ.png	main/linR.png	KO	드라이브 1의 디스크가 다릅니다.
disk35	NO69	900	0	デビッドが話す。			KO	데이비드가 말한다.
disk35	NO69	900	1	スシャ－ナが話す。			KO	수잔나가 말한다.
disk35	NO69	1000	2	デビッドは、地下に降りるのが不安だったので戻る事にした。夢の中で二人の探偵を殺した事が、現実につながるような予感がしていたからだ。	disk35/ﾛ1F.png		KO	데이비드는 불안한 마음을 떨칠 수 없어 돌아가기로 결정했다. 두 탐정을 죽인 일이 현실이 될 것만 같은 예감이 들었기 때문이다.
disk35	NO69	1010	3	地下への扉から立ち去るデビッドの足は自然と速くなり、逃げるようにして庭に出る扉の前まで行った。	disk35/ﾃﾞｸﾁ.png		KO	지하로 통하는 문에서 멀어질수록 데이비드의 걸음은 점점 빨라졌다. 그는 도망치듯 정원으로 나가는 문으로 향했다.
disk35	NO69	1020	4	・・・ここは悪夢に出る魔導師の城かも知れない。スシャ－ナが悪夢のような魔導師なら、俺を人殺しの仲間にする筈だ。スシャ－ナには悪いが、この城から逃げなくては・・・。	disk35/ﾃﾞｸﾁ.png		KO	...여기는 악몽에 나오는 마도사의 성일지도 몰라. 수잔나가 악몽에서의 마도사라면 나까지 사람을 죽이게 만들겠지. 수잔나에게는 미안하지만 이 성에서 도망쳐야 해...
disk35	NO69	1030	5	デビッドは扉を開けて庭にでた。	disk35/ﾃﾞｸﾁ.png		KO	데이비드는 문을 열고 정원으로 뛰쳐나갔다.
disk35	NO69	1040	6	星が夜空を埋めつくし、月夜とかわらぬ明るさだ。デビッドは開けはなたれた城の門をくぐり、星明かりに照らされた荒野の道を走りだした。	disk35/ｿﾄ.png		KO	밤하늘을 가득 메운 별빛 때문에 달이 뜬 밤처럼 밝았다. 데이비드는 열려 있는 성문을 빠져나와 별빛이 비추는 황야의 길을 내달렸다.
disk35	NO69	1050	7	荒野には何の目印もないので、どこまで走ったのかデビッドにはわからない。息が続くかぎり走るしかなかった。	disk35/Sｼﾛ.png		KO	황야에는 방향을 짐작할 만한 것이 아무것도 없었다. 얼마나 달렸는지도 모른 채 데이비드는 숨이 이어지는 한 계속 달렸다.
disk35	NO69	1060	8	城が小さなシルエットに見える所まで走った時、車のエンジンの音が聞こえてきた。	disk35/Sｼﾛ.png		KO	성이 작은 그림자처럼 보일 즈음, 자동차 엔진 소리가 들려왔다.
disk35	NO69	1070	9	荒野にヘッドライトの灯りがちらつくのが見える。	disk35/ﾖﾐﾁ.png		KO	황야에 헤드라이트 불빛이 어른거렸다.
disk35	NO69	1080	10	・・・車は城に向かっている。魔導師の車か？　それとも北の一族が乗った車か・・・？	disk35/ﾖﾐﾁ.png		KO	...차가 성으로 가고 있어. 마도사들일까? 아니면 북방 일족...?
disk35	NO69	1090	11	デビッドは隠れる場所を探したが、草原の荒野には身を隠す木などなかった。できるだけ道から遠く離れようと草原を走った。	disk35/ﾆｹﾞﾙ.png		KO	데이비드는 숨을 곳을 찾았지만, 초원의 황야에는 몸을 숨길 나무 같은 것은 없었다. 최대한 길에서 멀어지려고 풀밭을 가로질러 달렸다.
disk35	NO69	1100	12	車の排気音が近くに聞こえだした。デビッドの近くの草がライトに照らされ、デビッドの影が先を走りだした。車はスピ－ドを落としデビッドの後ろをついてきた。	disk35/ﾆｹﾞﾙ.png		KO	배기음이 점점 가까워졌다. 헤드라이트가 주변의 풀밭을 밝히자, 데이비드의 그림자가 길게 앞쪽으로 뻗었다. 차는 속도를 낮춘 채 그의 뒤를 따라붙었다.
disk35	NO69	1110	13	デビッドは逃げるのを諦めてたち止まると、車も止まった。	disk35/ﾗｲﾄ.png		KO	달아날 수 없다고 생각한 데이비드가 걸음을 멈추자, 차도 멈춰 섰다.
disk35	NO69	1130	14	車のドアが開き、中から人が降りてデビッドに近づいた。ライトの明かりで男だとわかり、デビッドの身体から冷汗が流れはじめた。	disk35/ﾗｲﾄ.png		KO	차 문이 열리더니 한 남자가 내려 데이비드에게 다가왔다. 헤드라이트에 남자의 모습이 드러나자, 데이비드의 등줄기로 식은땀이 흘렀다.
disk35	NO69	1150	15	・・・男は悪夢で見た依頼人の写真とそっくりだ。もし奴が依頼人のジェイフならスシャ－ナの城に行こうとしていたのだ・・・。	disk35/ﾗｲﾄ.png		KO	...악몽에서 봤던 의뢰인의 얼굴과 똑같아. 저자가 제프라면, 수잔나의 성으로 가고 있었겠지...
disk35	NO69	1155	16	デビッドが思ったとおり、近づいて来た男はジェイフだった。ジェイフはデビッドを不審そうな顔で見ている。	disk35/ｲﾗｲﾆ.png		KO	예상한 대로 다가온 남자는 제프였다. 그는 데이비드를 의아스럽다는 듯 바라봤다.
disk35	NO69	1170	17	ジェイフが話す。	disk35/ｲﾗｲﾆ.png		KO	제프가 말한다.
disk35	NO69	1300	18	ジェイフ「深夜に荒野をうろつく馬鹿がいると思ったら、お前はデビッドだな？　ここで何をしているんだ？」	disk35/ｲﾗｲﾆ.png		KO	제프: 한밤중에 황야를 돌아다니는 미친놈이 누군가 했더니 데이비드였군. 여기서 뭘 하는 거지?
disk35	NO69	1310	19	デビッド「貴方は・・・？」	disk35/ｲﾗｲﾆ.png		KO	데이비드: 당신은...?
disk35	NO69	1315	20	ジェイフ「私はジェイフだ。お前達を調査させていた探偵から連絡が切れたので、不審に思って調べにきたのだが・・・まさかこんな場所でお前に会えるとは・・・」	disk35/ｲﾗｲﾆ.png		KO	제프: 난 제프다. 네놈들을 조사시키던 탐정들과 연락이 끊겨 수상해서 확인하러 왔는데... 이런 곳에서 널 직접 만날 줄이야...
disk35	NO69	1316	21	ジェイフ「私は北の王に仕える北の魔導師。魔王と暗黒の魔導師を敵とする北の一族だ。お前の受け継がれた血がよみがえる前に、お前を殺さなれけばならないのだ」	disk35/ｲﾗｲﾆ.png		KO	제프: 나는 북방의 왕을 섬기는 북방의 마도사, 마왕과 암흑의 마도사들을 적으로 삼는 북방 일족이지. 네 안의 피가 깨어나기 전에 널 죽일 것이다.
disk35	NO69	1320	22	デビッド「俺は北の一族と戦うつもりはない。だから城を抜け出してきたのだ。まさか北の一族に会うなんて・・・殺し合いはやめよう。古代の言い伝えを信じるなんて・・・」	disk35/ｲﾗｲﾆ.png		KO	데이비드: 난 북방 일족과 싸울 생각이 없어. 그래서 성에서 빠져나온 거야. 근데 당신과 마주칠 줄은 몰랐어. 이제 그만두자, 고대의 전설 때문에 서로를 죽이는 바보 같은 짓은...
disk35	NO69	1330	23	ジェイフ「お前がやめたいと言っても魔王の復讐の血は、北の者を見逃すと思うのか？　私達はそれほどあまくはないわ！」	disk35/ｲﾗｲﾆ.png		KO	제프: 네가 그만두고 싶다고 해도 마왕의 원한이 북방 일족을 놓아줄 것 같으냐? 우리는 그렇게 어리석지 않는다!
disk35	NO69	1340	24	デビッド「お前もスシャ－ナ達も狂っている。俺から見れば、精神の異常をきたした殺人者達だ！	disk35/ｲﾗｲﾆ.png		KO	데이비드: 너도 수잔나도 전부 미쳤어! 내 눈에는 옛 전설에 사로잡힌 미친 살인자일 뿐이야!
disk35	NO69	1350	25	デビッドはジェイフを突き飛ばして逃げようとしたが、ジェイフは服の下から短剣をとりだし、身構えたので突き飛ばすにも突き飛ばせなかった。	disk35/ｲﾗｲﾆ.png		KO	데이비드는 제프를 밀쳐 내고 달아나려 했지만, 제프가 옷 속에서 단검을 꺼내 겨눴기에 밀쳐낼 수 없었다.
disk35	NO69	1360	26	デビッド「短剣を捨てろ！　俺の命を奪おうとすると、魔王の力があらわれてお前は殺されるぞ！　やめろ！！」	disk35/ｲﾗｲﾆ.png		KO	데이비드: 칼을 버려! 날 죽이려 들면 마왕의 힘이 깨어나서 네가 죽을 수도 있어! 그만둬!!
disk35	NO69	1370	27	ジェイフ「それで私をおどしているつもりなのか？　私は、お前よりも魔王についてはよく知っているつもりだ。北の魔導師をなめるな！」	disk35/ｲﾗｲﾆ.png		KO	제프: 그런 말로 날 겁줄 생각이냐? 마왕에 대해서라면 내가 너보다 훨씬 잘 알고 있다. 북방의 마도사를 우습게 보지 마라!
disk35	NO69	1380	28	ジェイフの短剣がデビッドに向かって突き出された。デビッドは短剣を避けようとしたが、ジェイフの突きは鋭かった。	disk35/ﾅｲﾌL.png		KO	제프가 단검을 내질렀다. 데이비드는 몸을 피하려 했지만, 찌르기가 너무 날카로웠다.
disk35	NO69	1390	29	デビッドの身体に激痛が走り、悲鳴が上がった。	disk35/ﾅｲﾌL.png		KO	데이비드의 몸에 극심한 통증이 관통했고, 비명이 터져 나왔다.
disk35	NO69	1400	30	デビッド「うわぁ！！」	disk35/ﾅｲﾌL.png		KO	데이비드: 으아악!!
disk35	NO69	1410	31	デビッドは激痛の中で、スシャ－ナの声を聞いた。	main/MEU4.png		KO	격통 속에서 수잔나의 목소리가 들려왔다.
disk35	NO69	1420	32	デビッド「スシャ－ナ、助けてくれ・・・」	main/MEU4.png		KO	데이비드: 수잔나, 도와줘...
disk35	NO69	9910	61	デビッド「ウワァッ！！・・・ハァ、ハァ・・・」	main/MEU4.png		KO	데이비드: 으아악!! ...하아, 하아...
disk35	NO69	10000	68	ＤＡＴＡをＳＡＶＥしますか？　Ｙ／Ｎ	main/MEU4.png		KO	
disk35	NO69	10040	74	ドライブ１に、ＳＡＶＥ・ディスクを入れて下さい。	main/MEU4.png		KO	
disk35	NO69	10070	76	ドライブ１のディスクが違います。	main/MEU4.png		KO	드라이브 1의 디스크가 다릅니다.
disk35	NO69	10110	77	ＳＡＶＥしました。ドライブ１のディスクに、ＭＡＩＮディスクを入れて下さい。	main/MEU4.png		KO	
disk35	NO69	10150	79	ドライブ１のディスクが違います。	main/MEU4.png		KO	드라이브 1의 디스크가 다릅니다.
disk35	69-1	900	0	デビッドが話す。	main/MEU4.png		KO	데이비드가 말한다.
disk35	69-1	900	1	スシャ－ナが話す。	main/MEU4.png		KO	수잔나가 말한다.
disk35	69-1	1700	2	スシャ－ナ「スシャ－ナよ。デビッド！　しっかりして！！」	disk35/RIN.png		KO	수잔나: 저 여기 있어요! 데이비드, 정신 차려요!!
disk35	69-1	1710	3	デビッドは、スシャ－ナが手を握っているのに気づき、眼を開けるとスシャ－ナの顔が眼の前にあった。	disk35/RIN.png		KO	데이비드는 수잔나가 자신의 손을 잡고 있다는 것을 깨닫고 눈을 떴다. 바로 앞에 그녀의 얼굴이 보였다.
disk35	69-1	1720	4	デビッド「・・・依頼人のジェイフはどうしたんだ？」	disk35/RIN.png		KO	데이비드: ...의뢰인 제프는 어떻게 됐어?
disk35	69-1	1730	5	スシャ－ナ「どうしたのデビッド？　いきなりジェイフの事を聞くなんて・・」	disk35/RIN.png		KO	수잔나: 무슨 소리예요, 데이비드? 갑자기 제프 이야기를 꺼내고...
disk35	69-1	1740	6	スシャ－ナ「ジェイフならグレッグさん達が捕まえに行ってるわ。うまくいけば今夜にでも連れて帰れる筈よ」	disk35/RIN.png		KO	수잔나: 제프는 그렉 씨가 잡으러 갔어요. 잘 풀리면 오늘 밤쯤 데리고 돌아올 거예요.
disk35	69-1	1750	7	デビッドは、スシャ－ナが何を言っているのかわからなかったが、部屋の中の明るさに気づき、ベッドにいる事を知った。	disk35/ﾍﾞｯﾄ.png	main/davL.png	KO	데이비드는 수잔나의 말을 이해하지 못한 채 멍하니 있다가, 밝은 방 안을 보고서야 자신이 침대에 누워 있다는 사실을 깨달았다.
disk35	69-1	1760	8	デビッド「今は何時だ・・・？」	disk35/ﾍﾞｯﾄ.png	main/davL.png	KO	데이비드: 지금 몇 시야...?
disk35	69-1	1770	9	スシャ－ナ「夕方の４時よ。デビッドは死んだように寝ていたから無理に起こさなかったけど・・・夢でも見てたの・・・？」	disk35/ﾍﾞｯﾄ.png	main/linR.png	KO	수잔나: 오후 네 시예요. 너무 깊이 자고 있어서 일부러 깨우진 않았는데... 악몽이라도 꿨어요?
disk35	69-1	1780	10	デビッド「ランズさん達は、どこへ行った？」	disk35/ﾍﾞｯﾄ.png	main/davL.png	KO	데이비드: 랜즈 씨는 어디 계셔?
disk35	69-1	1790	11	スシャ－ナ「デビッドを北の一族から守るために、奥さんと一緒に銃をもって屋上で監視しているわ。それよりデビッドの身体に、何か違った感じが起こっていない？」	disk35/ﾍﾞｯﾄ.png	main/linR.png	KO	수잔나: 데이비드를 북방 일족에게서 지키겠다고 부인과 함께 총을 들고 옥상에서 경계를 서고 있어요. 그보다 몸에 뭔가 달라진 느낌은 없나요?
disk35	69-1	1800	12	デビッド「何かって・・・身体がきつく、けだるい感じがして・・・最悪だよ」	disk35/ﾍﾞｯﾄ.png	main/davL.png	KO	데이비드: 달라진 거라면... 온몸이 무겁고 기운도 없어서... 기분이 최악이야.
disk35	69-1	1805	13	デビッドは、スシャ－ナの言葉でようやく夢を見ていた事に気づいた。	disk35/ﾍﾞｯﾄ.png	main/davL.png	KO	그제야 데이비드는 방금까지 자신이 꿈을 꾸고 있었다는 사실을 깨달았다.
disk35	69-1	1810	14	・・・そうだ。地下でスシャ－ナの薬を飲んで、知らないうちに探偵を二人殺していた。ジェイフも捕まれば殺さなければならない・・・あの夢はその為に見てしまったのだ・・・。	disk35/ﾍﾞｯﾄ.png	main/davL.png	KO	...그래. 지하에서 수잔나의 약을 마시고, 나도 모르는 사이 탐정 두 명을 죽였어. 제프도 붙잡혀 오면 죽여야 하겠지... 그것 때문에 꾼 건가...
disk35	69-1	1820	15	スシャ－ナ「デビッドに魔王の力が現れると思ったのに・・・探偵は北の一族でなかったのね。でもジェイフは間違いなく北の一族よ。彼の血を見れば魔王の力がよみがえるわ」	disk35/ﾍﾞｯﾄ.png	main/linR.png	KO	수잔나: 마왕의 힘이 나타날 줄 알았는데... 그 탐정들은 북방 일족이 아니었던 모양이네요. 하지만 제프는 틀림없어요. 그의 피를 보면 당신 안의 마왕의 힘이 깨어날 거예요.
disk35	69-1	1830	16	デビッドは血の海で死んでいた二人を思いだし、吐き気をもよおしてしまった。	disk35/ﾍﾞｯﾄ.png	main/linR.png	KO	데이비드는 피바다 속에서 죽어 있던 두 사람을 떠올리자, 구역질이 치밀었다.
disk35	69-1	1840	17	スシャ－ナ「デビッド大丈夫？・・・何か食べないと元気が出ないわね。下で食事を作ってくるから少し待っていてね」	disk35/ﾍﾞｯﾄ.png	main/linR.png	KO	수잔나: 데이비드, 괜찮아요...? 뭐라도 먹어야 기운이 날 거예요. 아래에서 음식을 만들어 올 테니까 잠깐만 기다려요.
disk35	69-1	1850	18	スシャ－ナが部屋を出て行くと、デビッドは又あの血の中で死んでいる二人を思い出してしまった。	disk35/ﾍﾞｯﾄ.png	main/davL.png	KO	수잔나가 방을 나가자, 데이비드는 또다시 그 피 속에서 죽어 있는 두 사람을 떠올리고 말았다.
disk35	69-1	1860	19	・・・俺の手で殺したわけでもないのに、これほど気持ちが追いこまれるとは・・・俺はこれ以上、人を殺したら心の悩みに押しつぶされてしまう・・・。	disk35/ﾍﾞｯﾄ.png	main/davL.png	KO	...내 손으로 직접 죽인 게 아니어도 이렇게 괴로운데... 또 사람을 죽이면 죄책감에 미쳐버릴 거야...
disk35	69-1	1870	20	・・・といって俺には城を抜け出し、一人で北の一族にたえるだけの勇気もない。もしグレッグ達がジェイフを捕まえて戻ってきたら・・・俺はどうすればいいんだ・・・。	disk35/ﾍﾞｯﾄ.png	main/davL.png	KO	...그렇다고 혼자 성을 빠져나가 북방 일족의 위협을 견뎌 낼 용기도 없어. 그렉 씨가 정말 제프를 잡아 온다면... 난 어떻게 해야 하지...
disk35	69-1	1880	21	デビッドは泣きだしたくなって、布団を頭からかぶって身体を縮めて耐えていた時、フロオス王の声が聞こえてきた。	disk35/ﾌﾛｵｽ.png	main/davL.png	KO	울음이 터질 것 같아 데이비드는 이불을 뒤집어쓰고 몸을 웅크렸다. 그때 플로스 왕의 목소리가 들려왔다.
disk35	69-1	1910	22	フロオス王が話す。	disk35/ﾌﾛｵｽ.png	main/davL.png	KO	플로스 왕이 말한다.
disk35	69-1	2100	23	フロオス王「デビッドよ、なぜ悩む？　お前は運命に従えばいいのだ。魔王の力を持つ事で、お前の悩みは消えてしまうのだ」	disk35/ﾌﾛｵｽ.png	main/davL.png	KO	플로스 왕: 데이비드여, 왜 고민하느냐? 그냥 운명을 받아들이면 된다. 마왕의 힘을 손에 넣으면 모든 고민은 사라질 것이다.
disk35	69-1	2110	24	デビッド「お前には俺の心が見えないのか？　お前が言うその運命に従ったばっかりに悩んでいるというのに・・・」	disk35/ﾌﾛｵｽ.png	main/davL.png	KO	데이비드: 내 마음의 고통은 안 보여? 네가 말한 운명을 따랐기에 내가 지금 이렇게 괴로운 거라고...
disk35	69-1	2120	25	フロオス王「スシャ－ナや暗黒の魔導師達は、必死になってお前を守ろうとしているのに、お前は自分の事だけで悩んでいる。もし北の王を倒せない時は、お前だけでなくスシャ－ナ達も殺されるのだ」	disk35/ﾌﾛｵｽ.png	main/davL.png	KO	플로스 왕: 수잔나와 암흑의 마도사들은 목숨을 걸고 너를 지키고 있다. 그런데 너는 네 괴로움만 생각하고 있구나. 북방의 왕을 쓰러뜨리지 못하면 너뿐만 아니라, 수잔나와 암흑의 마도사들도 다 죽게 된다.
disk35	69-1	2130	26	フロオス王「スシャ－ナは、お前を愛しているからこそ魔導師を選び、運命に従っている。そんなスシャ－ナを見てお前の心は恐れ、愛すら捨てようとしているではないか！」	disk35/ﾌﾛｵｽ.png	main/davL.png	KO	플로스 왕: 수잔나는 널 사랑하기에 마도사가 되어 운명을 받아들였다. 넌 그런 수잔나를 두려워하며 사랑마저 저버리려 하지 않느냐!
disk35	69-1	2140	27	フロオス王「デビッド！　おのれの心を恥じよ！　逃げる事の出来ない運命なら、先頭にたって北の王とたたかうのだ！」	disk35/ﾌﾛｵｽ.png	main/davL.png	KO	플로스 왕: 데이비드! 네 자신의 나약함을 부끄러워해라! 피할 수 없는 운명이라면, 앞장서서 북방의 왕과 싸워라!
disk35	69-1	2150	28	・・・俺は間違っていたのか・・・自分だけのために悩んでいたのかも知れない。人を殺す事が運命なら、その運命に従うしかないのだ・・・。	disk35/ﾌﾛｵｽ.png	main/davL.png	KO	...내가 틀렸던 건가... 나 자신만을 생각한 건지도 몰라. 사람을 죽이는 것이 운명이라면 그것을 받아들일 수밖에 없는 건가...
disk35	69-1	2160	29	デビッドはそう決心すると悩みは消え、いらだつ気持ちも静かになっていった。	disk35/ﾌﾛｵｽ.png	main/davL.png	KO	그렇게 마음을 정하자, 고민이 사라지고 마음도 서서히 가라앉았다.
disk35	69-1	2170	30	デビッド「フロオス王よ。お前の願いを俺がかなえてやろう。それがスシャ－ナの喜びにつながるのなら北の一族を殺し、魔王となり北の王の血を断つ！」	disk35/ﾌﾛｵｽ.png	main/davL.png	KO	데이비드: 플로스 왕이여, 네 바람을 이루어 주겠다. 그것이 수잔나를 지키는 길이라면 북방 일족을 죽이고 마왕이 되어 북방의 왕의 피를 끊겠다!
disk35	69-1	2180	31	デビッドはそう叫ぶと、急に身体中がコンサ－トの時と同じ力がわき、自信がみなぎってきた。	disk35/ﾌﾛｵｽ.png	main/davL.png	KO	그렇게 외치자, 갑자기 온몸에 공연 때와 같은 힘이 솟아오르고 자신감이 넘쳐나기 시작했다.
disk35	69-1	9910	48	デビッド「ウワァッ！！・・・ハァ、ハァ・・・」	main/MEU4.png	main/davL.png	KO	데이비드: 으아악!! ...하아, 하아...
disk35	69-1	10000	55	ＤＡＴＡをＳＡＶＥしますか？　Ｙ／Ｎ	main/MEU4.png	main/davL.png	KO	
disk35	69-1	10040	61	ドライブ１に、ＳＡＶＥ・ディスクを入れて下さい。	main/MEU4.png	main/davL.png	KO	
disk35	69-1	10070	63	ドライブ１のディスクが違います。	main/MEU4.png	main/davL.png	KO	드라이브 1의 디스크가 다릅니다.
disk35	69-1	10110	64	ＳＡＶＥしました。ドライブ１のディスクに、ＭＡＩＮディスクを入れて下さい。	main/MEU4.png	main/davL.png	KO	
disk35	69-1	10150	66	ドライブ１のディスクが違います。	main/MEU4.png	main/davL.png	KO	드라이브 1의 디스크가 다릅니다.
disk35	NO70	900	0	デビットが話す。	main/MEU4.png	main/davL.png	KO	데이비드가 말한다.
disk35	NO70	900	1	スシャ－ナが話す。	main/MEU4.png	main/davL.png	KO	수잔나가 말한다.
disk35	NO70	900	2	ジェイフが話す。	main/MEU4.png	main/davL.png	KO	제프가 말한다.
disk35	NO70	900	3	アンドリュ－が話す。	main/MEU4.png	main/davL.png	KO	앤드류가 말한다.
disk35	NO70	900	4	アランが話す。	main/MEU4.png	main/davL.png	KO	앨런이 말한다.
disk35	NO70	900	5	マ－チンが話す。	main/MEU4.png	main/davL.png	KO	마틴이 말한다.
disk35	NO70	900	6	院長が話す。	main/MEU4.png	main/davL.png	KO	원장이 말한다.
disk35	NO70	1000	7	決心が固まると、デビッドは布団を跳ねのけベッドから降りた。部屋の中は暗くロ－ソクの炎がゆらいでいる。	disk35/ﾍﾞｯﾄ.png	main/davL.png	KO	마음을 굳힌 데이비드는 이불을 걷어차고 침대에서 내려왔다. 어두운 방 안에는 촛불이 흔들리고 있었다.
disk35	NO70	1200	8	スシャ－ナ「どうしたのデビッド？　いきなりベッドから起きだしたりして・・・また夢を見たの？」	disk35/ﾍﾞｯﾄ.png	main/linR.png	KO	수잔나: 왜 그래요, 데이비드? 갑자기 벌떡 일어나서... 또 꿈이라도 꾼 거예요?
disk35	NO70	1210	9	デビッドは、フロオス王と話した時間はわずかだと思ったのに、窓の外は暗く夜になっていた。	disk35/ﾍﾞｯﾄ.png	main/linR.png	KO	플로스 왕과 이야기를 나눈 건 잠깐이라고 생각했는데, 창밖은 어두워져 밤이 되어 있었다.
disk35	NO70	1220	10	スシャ－ナ「食事を作ってきたら、デビッドがまた寝ていたから・・・どんな夢をみてたの？」	disk35/ﾍﾞｯﾄ.png	main/linR.png	KO	수잔나: 음식을 만들어 와 보니 데이비드가 또 자고 있어서... 무슨 꿈을 꿨어요?
disk35	NO70	1230	11	デビッド「フロオス王にさとされたよ。人を殺す事が定められた運命なら、その運命に従うしかスシャ－ナと幸せになれない気がするんだ。だから俺は運命に従う事に決心したよ」	disk35/ﾍﾞｯﾄ.png	main/davL.png	KO	데이비드: 플로스 왕이 내 고민을 풀어줬어. 사람을 죽이는 것이 정해진 운명이라면, 그것을 받아들여야만 너와 행복해질 수 있다면, 더는 도망치지 않을 거야.
disk35	NO70	1240	12	スシャ－ナ「それでデビッドは後悔しないのね？」	disk35/ﾍﾞｯﾄ.png	main/linR.png	KO	수잔나: 정말 후회하지 않을 자신 있어요?
disk35	NO70	1250	13	デビッド「後悔をしない為に決心をしたんだ。それに気持ちが決まるとコンサ－トの時のように自信がわいて最高の気分さ」	disk35/ﾍﾞｯﾄ.png	main/davL.png	KO	데이비드: 후회하지 않으려고 결심한 거야. 게다가 마음을 정하니까 공연 때처럼 자신감이 치솟아서 기분 최고야.
disk35	NO70	1260	14	スシャ－ナ「ならいいんだけど・・・デビッド、グレッグさん達が地下の部屋で待っているのよ・・・」	disk35/ﾍﾞｯﾄ.png	main/linR.png	KO	수잔나: 그렇다면 다행이지만... 데이비드, 사람들이 지하실에서 기다리고 있어요...
disk35	NO70	1270	15	デビッド「グレッグさん達が・・・そうか、ジェイフを捕らえて帰ってきたのか・・・スシャ－ナ、今は何時だ？」	disk35/ﾍﾞｯﾄ.png	main/davL.png	KO	데이비드: 지하실에... 그렇다면 제프를 붙잡아 온 거구나... 수잔나, 지금 몇 시야?
disk35	NO70	1280	16	スシャ－ナ「夜の１０時よ。本当に大丈夫なのね。ジェイフは北の一族、北の魔導師よ。中途半端な気持ちでかかれば、私達が殺される危険もあるのよ・・・」	disk35/ﾍﾞｯﾄ.png	main/linR.png	KO	수잔나: 밤 10시예요. 정말 괜찮겠어요? 제프는 북방 일족이자 북방의 마도사예요. 조금이라도 망설였다가는 우리 모두 죽을 수도 있어요...
disk35	NO70	1290	17	デビッド「スシャ－ナ、俺を信用しろよ。逃げるなんて言わないよ」	disk35/ﾍﾞｯﾄ.png	main/davL.png	KO	데이비드: 수잔나, 날 믿어줘. 이제 도망치지 않을 거야.
disk35	NO70	1300	18	スシャ－ナ「ごめんなさい。一番大切な時に、私が迷ったりして・・・」	disk35/ﾍﾞｯﾄ.png	main/linR.png	KO	수잔나: 미안해요. 가장 중요한 때에 제가 망설여서...
disk35	NO70	1310	19	デビッドとスシャ－ナは地下の部屋に降りて行った。	disk35/ﾁｶﾋﾄ.png	disk43/ｲﾗｲ.png	KO	데이비드와 수잔나는 지하실로 내려갔다.
disk35	NO70	1320	20	地下の部屋には、後ろ手に縛られたジェイフがグレッグ達に囲まれている。デビッドはジェイフの顔を見て、夢の荒野で出会ったジェイフを思い出した。	disk35/ﾁｶﾋﾄ.png	disk43/ｲﾗｲ.png	KO	지하실에는 두 손이 등 뒤로 묶인 제프가 암흑의 마도사들에게 둘러싸여 있었다. 데이비드는 제프의 얼굴을 보고 꿈속에서 만났던 그를 떠올렸다.
disk35	NO70	1330	21	・・・似てる。ジェイフと会うのが初めてだというのに、顔も背たけもそっくりだ。そのジェイフが夢に現れるとは・・・。	disk35/ﾁｶﾋﾄ.png	disk43/ｲﾗｲ.png	KO	...똑같아. 제프를 처음 만났는데도 얼굴도 키도 똑같아. 어떻게 꿈속에 나타났지...
disk35	NO70	1340	22	ジェイフもデビッドを見て不審な顔をしている。	disk35/ﾁｶﾋﾄ.png	disk43/ｲﾗｲ.png	KO	제프 역시 데이비드를 보며 의아한 표정을 지었다.
disk35	NO70	1600	23	ジェイフ「デビッド、生きていたのか？・・・短剣が心臓をつらぬいた筈なのに・・・」	disk35/ﾁｶﾋﾄ.png	disk43/ｲﾗｲ.png	KO	제프: 데이비드, 살아 있었나... 분명 심장을 꿰뚫었을 텐데...
disk35	NO70	1610	24	デビッド「やはりお前が悪夢を送ったのか・・・スシャ－ナ、ジェイフは魔導師だ。それも北の王につぐ魔導の力を持っているようだ」	disk35/ﾁｶﾋﾄ.png	main/davL.png	KO	데이비드: 역시 그 악몽을 보낸 건 네놈이구나... 수잔나, 제프는 마도사야. 그것도 북방의 왕 다음가는 마도의 힘을 가진 것 같아.
disk35	NO70	1620	25	ジェイフ「その通りだ。私は北の魔導師、その夢魔の呪文をかわせるとは、すでに魔王の力が現れているようだな。もう少しはやくお前が血を受け継ぐ者とわかっていれば殺せたのに・・・」	disk35/ﾁｶﾋﾄ.png	disk43/ｲﾗｲ.png	KO	제프: 그래, 나는 북방의 마도사다. 내가 보낸 악몽의 주문을 피해 냈다니, 이미 마왕의 힘이 깨어난 모양이군. 네가 계승자라는 걸 조금만 더 일찍 알았더라면 진작 죽였을 텐데...
disk35	NO70	1630	26	ジェイフ「いまさらくやんでも仕方があるまい。私にできなければ北の王が始末をしてくれるわ。それよりスシャ－ナ、私をここに連れてきてどうするつもりだ？」	disk35/ﾁｶﾋﾄ.png	disk43/ｲﾗｲ.png	KO	제프: 이제 와서 후회해도 소용없겠지. 나 대신 북방의 왕께서 처리해 줄 거다. 그보다 수잔나, 나를 여기까지 데려와서 어쩔 셈이지?
disk35	NO70	1640	27	スシャ－ナ「北の王の居場所を話して頂だくつもりです。でも貴方が話さない事はわかっていますので、私達は貴方に自白の呪文を使う用意をしました」	disk35/ﾁｶﾋﾄ.png	main/linR.png	KO	수잔나: 북방의 왕이 어디 있는지 알아낼 생각입니다. 물론 순순히 말할 리 없다는 건 알고 있기에, 자백의 주문을 준비했습니다.
disk35	NO70	1650	28	スシャ－ナ「それに貴方の魔導の力は、デビッドにとって危険すぎます。二度と呪文を使えないようにしなければなりません」	disk35/ﾁｶﾋﾄ.png	main/linR.png	KO	수잔나: 게다가 당신의 마도의 힘은 데이비드에게 너무 위험하니, 두 번 다시 주문을 사용할 수 없게 만들 겁니다.
disk35	NO70	1660	29	ジェイフ「お前達の呪文は探偵の二人には通じたようだが、私は北の魔導師、お前達の呪文が私に通じると思うのか？」	disk35/ﾁｶﾋﾄ.png	disk43/ｲﾗｲ.png	KO	제프: 탐정 두 놈한테는 그 주문이 먹혔던 모양이지만, 난 북방의 마도사다. 그런 게 통할 거라고 생각하나?
disk35	NO70	1670	30	スシャ－ナ「たとえ北の魔導師でも、私達は受け継がれた血を守る暗黒の魔導師、その呪文が通じないことはありません」	disk35/ﾁｶﾋﾄ.png	main/linR.png	KO	수잔나: 아무리 북방의 마도사라 해도 우리는 계승자를 지키는 암흑의 마도사입니다. 주문이 통하지 않을 리가 없습니다.
disk35	NO70	1680	31	スシャ－ナ「デビッド、例の薬です。これを飲んで、後の事は私達にまかせて下さい」	disk35/ﾁｶﾋﾄ.png	main/linR.png	KO	수잔나: 데이비드, 약이에요. 이걸 마시고 나머지는 우리에게 맡겨줘요.
disk35	NO70	1690	32	デビッド「スシャ－ナ、薬はいらないよ。スシャ－ナの呪文を聞くだけで、魔王の力を引き出せる自信があるんだ。人の血を恐れなくなった時から、魔王の力を感じ始めたんだ」	disk35/ﾁｶﾋﾄ.png	main/davL.png	KO	데이비드: 수잔나, 약은 필요 없어. 네 주문만으로도 마왕의 힘을 깨울 수 있을 것 같아. 운명을 받아들이는 것을 결심한 순간부터 그 힘이 느껴지기 시작했어.
disk35	NO70	1700	33	スシャ－ナはデビッドの身体から流れる気迫を感じて薬を捨てた。そして呪いの呪文をとなえはじめた。	disk35/ﾘﾝﾁｶ.png	main/davL.png	KO	수잔나는 데이비드의 몸에서 흘러나오는 기백을 느끼고 약을 치웠다. 그리고 저주의 주문을 외우기 시작했다.
disk35	NO70	1705	34	ジェイフはスシャ－ナを見て、馬鹿にしたような顔で言った。	disk35/ﾘﾝﾁｶ.png	main/davL.png	KO	제프는 수잔나를 비웃듯 바라보며 입을 열었다.
disk35	NO70	1710	35	ジェイフ「スシャ－ナ、まだ気づかぬか。おろかものめが。私の意識が変わっているのに気づかぬとは・・・暗黒の魔導師もたいした事はないわ！」	disk35/ﾘﾝﾁｶ.png	main/davL.png	KO	제프: 수잔나, 아직도 모르겠느냐? 어리석은 년, 내 의식이 바뀌었다는 것조차 눈치채지 못하다니... 암흑의 마도사도 별것 없구나!
disk35	NO70	1720	36	デビッドはスシャ－ナの呪文で身体が熱くなり、その熱気がジェイフを覆っているのが見えてきた。	disk35/ﾘﾝﾁｶ.png	main/davL.png	KO	데이비드는 수잔나의 주문으로 몸이 뜨거워졌고, 그 열기가 제프를 뒤덮는 것이 보이기 시작했다.
disk35	NO70	1730	37	スシャ－ナはジェイフの言葉を無視して、呪文をとなえ続けている。	disk35/ﾘﾝﾁｶ.png	main/davL.png	KO	수잔나는 제프의 조롱을 무시한 채 주문을 외웠다.
disk35	NO70	1740	38	ジェイフ「スシャ－ナ、お前はデビッドの力を借りながら、その程度の魔導の力しかないのか！　そんな力で私の意識を自由にできるか！」	disk35/ｲﾋﾄﾘ.png	main/davL.png	KO	제프: 수잔나! 데이비드의 힘까지 빌리고도 고작 이 정도인 거냐? 이런 힘으로 내 의식을 지배할 수 있을 것 같으냐!
disk35	NO70	1750	39	スシャ－ナの額に汗がにじみ、ジェイフに変化が現れない事にあせりが見えはじめていた。	disk35/ｲﾋﾄﾘ.png	main/davL.png	KO	제프에게 아무런 변화가 없었다. 수잔나의 이마에 식은땀이 맺혔고, 얼굴에는 점점 초조한 기색이 떠올랐다.
disk35	NO70	1760	40	ジェイフ「スシャ－ナ、くだらぬ呪文をやめて、私の呪いの呪文を受けてみろ！」	disk35/ｲﾋﾄﾘ.png	main/davL.png	KO	제프: 수잔나, 쓸데없는 주문은 그만두고 내 저주의 주문을 받아 봐라!
disk35	NO70	1770	41	ジェイフの口から呪文がとなえられると、スシャ－ナの顔がほてるように赤くなり、自白の呪文も途切れがちになっていった。	disk35/ﾘﾝ.png	main/davL.png	KO	제프가 주문을 외우자, 수잔나의 얼굴이 달아오른 것처럼 붉어지고 자백의 주문도 조금씩 끊기기 시작했다.
disk35	NO70	1780	42	苦悩に耐えられなくなったスシャ－ナは、呪文をとなえるのをやめ、荒い息づかいでジェイフをにらみつけた。	disk35/ﾘﾝ.png	main/davL.png	KO	결국 고통을 견디지 못한 수잔나는 주문을 멈췄고, 거칠게 숨을 몰아쉬며 제프를 노려봤다.
disk35	NO70	1790	43	スシャ－ナ「暗黒の魔導の力をはねつける事のできる者は北の王だけ・・・もしかして、ジェイフの意識は北の王に・・・」	disk35/ﾘﾝ.png	main/davL.png	KO	수잔나: 암흑의 마도를 이렇게까지 막아 낼 수 있는 건 북방의 왕뿐인데... 설마 지금 제프의 의식은 북방의 왕으로...!
disk35	NO70	1800	44	ジェイフ「気づくのが遅かったな、スシャ－ナ。そろそろとどめを刺してやる！」	disk35/ﾘﾝ.png	main/davL.png	KO	제프: 눈치채는 것이 늦었구나, 수잔나. 이제 끝장을 내주마!
disk35	NO70	1810	45	スシャ－ナ「きゃぁー！！・・・」	disk35/RINｼ.png	main/davL.png	KO	수잔나: 꺄아앗...!!
disk35	NO70	1820	46	スシャ－ナの顔から血が吹き出した。手からも足からも血がにじみはじめ、スシャ－ナは床に倒れてしまった。	disk35/RINｼ.png	main/davL.png	KO	수잔나의 얼굴에서 피가 터져 나왔다. 손과 발에서도 피가 배어 나오기 시작했고, 그녀는 바닥에 쓰러졌다.
disk35	NO70	1830	47	グレッグ達は、それを見て慌てて逃げようとしたが、北の王の呪文に暗黒の魔導師達は次々と血を吹き出しながら床に倒れ、血の海の中でもがき苦しみ死んでいった。	disk35/RINｼ.png	main/davL.png	KO	암흑의 마도사들은 그 모습을 보고 황급히 달아나려 했지만, 북방의 왕의 주문에 그들은 차례차례 피를 뿜으며 바닥에 쓰러져 피바다 속에서 몸부림치며 죽어 갔다.
disk35	NO70	1840	48	デビッドは狂ったような叫びをあげてジェイフに飛びかかった。両手はジェイフの首を締めつけている。ジェイフの腕は縛られていたので抵抗する事が出来ない。	disk35/ｲﾗｲｼ.png	main/davL.png	KO	데이비드는 이성을 잃은 듯 절규하며 제프에게 달려들어 두 손으로 그의 목을 힘껏 졸랐다. 손이 묶인 제프는 저항조차 하지 못했다.
disk35	NO70	1850	49	デビッドの怒りに狂った意識に北の王の呪いの呪文はきかないのか、デビッドの指にジェイフの血が飛び散る。	disk35/ｲﾗｲｼ.png	main/davL.png	KO	분노로 이성을 잃은 데이비드에게는 북방의 왕의 저주조차 통하지 않는 듯했다. 그의 손가락에 제프의 피가 튀었다.
disk35	NO70	1860	50	デビッドの指先がジェイフの喉を押し潰していたのだ。ジェイフは声も出せずに身体の力が抜けて床に倒れてしまった。	disk35/ｲﾗｲｼ.png	main/davL.png	KO	데이비드의 손끝이 제프의 목을 짓눌러 으스러뜨린 것이다. 제프는 소리도 내지 못하고 힘없이 바닥에 쓰러졌다.
disk35	NO70	1870	51	デビッドはジェイフの血を見た。デビッドの血のしたたる手は南の方向に指さして、吠えるように呪文をとなえはじめた。	disk35/ﾕﾋﾞ.png	main/davL.png	KO	데이비드는 제프의 피를 보았다. 그는 피로 물든 손을 남쪽으로 뻗은 채 포효하듯 주문을 외우기 시작했다.
disk35	NO70	1880	52	南の方向から北の王の波動に乗った呪文がながれているのを、魔王に復活したデビッドは見逃さなかった。北の王の波動を魔王の呪いの呪文が復讐の念で押し戻している。	disk35/ﾕﾋﾞ.png	main/davL.png	KO	남쪽에서 북방의 왕의 파동을 타고 주문이 흘러오는 것을 마왕으로 각성한 데이비드는 놓치지 않았다. 그 파동을 복수심을 심은 마왕의 저주로 밀어 되돌렸다.
disk35	NO70	1890	53	デビッドは、力のかぎり呪文をとなえた。その姿に復讐に取りつかれた鬼のようなフロオス王の姿が重なり合っていた。	disk35/Dﾕﾋﾞ.png	main/davL.png	KO	데이비드는 온 힘을 다해 주문을 외쳤다. 그 모습 위로 복수에 사로잡혀 귀신처럼 변한 플로스 왕의 모습이 겹쳐 보였다.
disk35	NO70	1900	54	翌日、デビッド達がいた城の南にあたるストラトフォ－ドのセント・ラドフ教会では、メリ－ズ大司教の死をいたんで大勢の人達が集まっていた。	disk35/ｷｮｶｲ.png	main/davL.png	KO	다음 날, 데이비드가 머물던 성 남쪽의 스트랫퍼드에 있는 세인트 라도프 교회에는 메리즈 대주교의 죽음을 애도하는 수많은 사람들이 모여 있었다.
disk35	NO70	10000	91	ＤＡＴＡをＳＡＶＥしますか？　Ｙ／Ｎ	disk35/ｷｮｶｲ.png	main/davL.png	KO	
disk35	NO70	10040	97	ドライブ１に、ＳＡＶＥ・ディスクを入れて下さい。	disk35/ｷｮｶｲ.png	main/davL.png	KO	
disk35	NO70	10070	99	ドライブ１のディスクが違います。	disk35/ｷｮｶｲ.png	main/davL.png	KO	드라이브 1의 디스크가 다릅니다.
disk35	NO70	10110	100	ＳＡＶＥしました。ドライブ１のディスクに、ＭＡＩＮディスクを入れて下さい。	disk35/ｷｮｶｲ.png	main/davL.png	KO	
disk35	NO70	10150	102	ドライブ１のディスクが違います。	disk35/ｷｮｶｲ.png	main/davL.png	KO	드라이브 1의 디스크가 다릅니다.
disk35	70-1	900	0	デビットが話す。	disk35/ｷｮｶｲ.png	main/davL.png	KO	데이비드가 말한다.
disk35	70-1	900	1	スシャ－ナが話す。	disk35/ｷｮｶｲ.png	main/davL.png	KO	수잔나가 말한다.
disk35	70-1	900	2	ジェイフが話す。	disk35/ｷｮｶｲ.png	main/davL.png	KO	제프가 말한다.
disk35	70-1	900	3	アンドリュ－が話す。	disk35/ｷｮｶｲ.png	main/davL.png	KO	앤드류가 말한다.
disk35	70-1	900	4	アランが話す。	disk35/ｷｮｶｲ.png	main/davL.png	KO	앨런이 말한다.
disk35	70-1	900	5	マ－チンが話す。	disk35/ｷｮｶｲ.png	main/davL.png	KO	마틴이 말한다.
disk35	70-1	900	6	院長が話す。	disk35/ｷｮｶｲ.png	main/davL.png	KO	원장이 말한다.
disk35	70-1	1910	7	それから数日後、ロンドンの郊外に建つヒ－ズメリ－精神病院の院長室で、アランとアンドリュ－とマ－チンの３人が院長と話をしていた。	disk35/ﾋﾞｮｳ.png	disk43/ｲｼ.png	KO	그로부터 며칠 뒤, 런던 교외의 히즈메리 정신병원 원장실에서 앨런과 앤드류, 마틴이 원장과 이야기를 나누고 있었다.
disk35	70-1	2200	8	アンドリュ－「先生、デビッドの意識は戻らないのですか？」	disk35/ﾋﾞｮｳ.png	main/andL.png	KO	앤드류: 선생님, 데이비드의 의식은 돌아오지 않는 겁니까?
disk35	70-1	2210	9	院長「デビッドさんは、よほどのショックを受けたようで、意識を取り戻すには同じようなショックを与えないと無理なようです・・・いつ退院できるかは・・・」	disk35/ﾋﾞｮｳ.png	disk43/ｲｼ.png	KO	원장: 데이비드 씨는 상당한 충격을 받은 상태라, 의식을 되찾으려면 그와 비슷한 충격을 주지 않으면 어려울 것 같습니다... 언제 퇴원할 수 있을지는...
disk35	70-1	2220	10	アンドリュ－「２週間の休暇に何が起こったのか・・・俺達には想像もつかないよ・・・」	disk35/ﾋﾞｮｳ.png	main/andL.png	KO	앤드류: 고작 2주 휴가 동안 대체 무슨 일이 있었던 건지... 우리로선 상상조차 못 하겠어...
disk35	70-1	2230	11	アラン「俺も警察で現場の写真を見たが、あんな凄まじい写真はホラ－映画でも見る事ができない。もしあの写真が地獄を写したのだと言われても疑わなかったぜ」	disk35/ﾋﾞｮｳ.png	main/alnL.png	KO	앨런: 나도 현장 사진을 봤는데, 그렇게 처참한 사진은 공포영화에서도 못 볼 거야. 지옥에서 찍은 사진이라 해도 믿을 걸.
disk35	70-1	2240	12	マ－チン「アラン、その話はやめて。僕はあの写真を見てから体重が１０キロも減ってしまったよ。もし僕がデビッドだったら、その場でショック死するよ」	disk35/ﾋﾞｮｳ.png	main/marL.png	KO	마틴: 앨런, 그 얘기는 이제 그만해. 난 그 사진 본 뒤로 몸무게가 10킬로나 빠졌다고. 내가 데이비드였으면 그 자리에서 쇼크로 죽었을 거야.
disk35	70-1	2250	13	院長「城の庭でまた二人の男の死体が出て、事件の謎は深まるばかりだと警察の方が言ってました。貴方達の［エレノ・ヴィジョン］はどうなるのですか？」	disk35/ﾋﾞｮｳ.png	disk43/ｲｼ.png	KO	원장: 성의 정원에서 남자 두 명의 시신이 또 발견돼서 사건이 점점 더 미궁에 빠지고 있다고 경찰이 그러더군요. 이제 `엘레노 비전'은 앞으로 어떻게 되는 겁니까?
disk35	70-1	2260	14	アンドリュ－「新しいボ－カルを見つけるまでは休業ですよ。しかしデビッドのような奴は二度と現れないような気がしますから・・・」	disk35/ﾋﾞｮｳ.png	main/andL.png	KO	앤드류: 새 보컬을 구할 때까지는 활동을 쉬어야겠죠. 하지만 데이비드 같은 보컬은 다시는 못 만날 것 같네요...
disk35	70-1	2270	15	アンドリュ－「でもデビッドが生きているかぎり［エレノ・ヴィジョン］は解散しません。デビッドの意識が戻って、もう一度ステ－ジにあがって歌うまで待つつもりです」	disk35/ﾋﾞｮｳ.png	main/andL.png	KO	앤드류: 그래도 데이비드가 살아 있는 한 `엘레노 비전'은 절대 해산하지 않을 겁니다. 그 녀석이 의식을 되찾아 다시 무대에서 노래할 날까지 기다릴 생각입니다.
disk35	70-1	2280	16	アラン「俺だってそうさ。俺はデビッドのファンだぜ。［エレノ・ヴィジョン］を続けないと二度とデビッドの歌が聞けないような気がするな」	disk35/ﾋﾞｮｳ.png	main/alnL.png	KO	앨런: 나도 같은 생각이야. 난 데이비드의 팬이니까. `엘레노 비전'을 지키지 않으면 다시는 그 녀석의 노래를 들을 수 없을 것 같아.
disk35	70-1	2290	17	マ－チン「僕だって同じだよ。デビッドの歌を聞けるなら［エレノ・ヴィジョン］を石にかじりついてでも守ってみせるよ」	disk35/ﾋﾞｮｳ.png	main/marL.png	KO	마틴: 나도 마찬가지야. 데이비드의 노래를 다시 들을 수만 있다면 무슨 일이 있어도 `엘레노 비전'을 끝까지 지킬 거야.
disk35	70-1	2300	18	怒りに狂ったデビッドは意識を失ったままでいた。それは魔王の血の復活がそうさせたのか、血の中で死んでいったスシャ－ナを見たためか・・・。	disk35/ﾋﾞｮｳ.png	main/marL.png	KO	분노로 미쳐 버린 데이비드는 계속 의식을 잃은 채였다. 그것이 마왕의 피가 깨어났기 때문인지, 피바다 속에서 죽어 간 수잔나 때문인지 알 수 없었다...
disk35	70-1	3000	19	ＣＤ－ＲＯＭよりＤＡＴＡの読み込みを始めます。ＨＩＴ　ＡＮＹ　ＫＥＹ	disk35/ﾋﾞｮｳ.png	main/marL.png	KO	CD-ROM에서 데이터 읽습니다. 아무 키나 눌러주세요.
disk35	70-1	3010	20	　　　　　　　　ＣＤ－ＲＯＭよりＤＡＴＡを読み込み中	disk35/ﾋﾞｮｳ.png	main/marL.png	KO	데이터를 읽는 중...
disk35	70-1	10000	37	ＤＡＴＡをＳＡＶＥしますか？　Ｙ／Ｎ	disk35/ﾋﾞｮｳ.png	main/marL.png	KO	
disk35	70-1	10040	43	ドライブ１に、ＳＡＶＥ・ディスクを入れて下さい。	disk35/ﾋﾞｮｳ.png	main/marL.png	KO	
disk35	70-1	10070	45	ドライブ１のディスクが違います。	disk35/ﾋﾞｮｳ.png	main/marL.png	KO	드라이브 1의 디스크가 다릅니다.
disk35	70-1	10110	46	ＳＡＶＥしました。ドライブ１のディスクに、ＭＡＩＮディスクを入れて下さい。	disk35/ﾋﾞｮｳ.png	main/marL.png	KO	
disk35	70-1	10150	48	ドライブ１のディスクが違います。	disk35/ﾋﾞｮｳ.png	main/marL.png	KO	드라이브 1의 디스크가 다릅니다.
disk36	NO71	900	0	デビッドが話す。			KO	데이비드가 말한다.
disk36	NO71	900	1	スシャ－ナが話す。			KO	수잔나가 말한다.
disk36	NO71	1000	2	翌朝、デビッドは手紙の事が気になってか、目がはやく覚めてしまった。部屋のかたずけをすませてから、待ち合わせの喫茶アリスにタクシ－ででかけた。	disk36/ﾀｸｼｰ.png		KO	다음 날 아침, 편지가 계속 마음에 걸렸던 데이비드는 평소보다 일찍 눈을 떴다. 방을 정리한 뒤 약속 장소인 카페 앨리스로 택시를 타고 향했다.
disk36	NO71	1010	3	タクシ－の運転手が喫茶アリスを知っていたので、正午には２０分もはやく着いてしまった。	disk36/ﾀｸｼｰ.png		KO	택시 기사가 카페 앨리스를 알고 있었기에 정오보다 20분이나 일찍 도착해 버렸다.
disk36	NO71	1015	4	朝食を食べていなかったデビッドには、ランチをとるのに丁度いい時間だった。	disk36/ﾚｽﾄ.png	main/davL.png	KO	아침을 거른 데이비드에게는 마침 점심을 먹기 좋은 시간이었다.
disk36	NO71	1020	5	食事を済ませたデビッドは、コ－ヒ－を飲みながら腕時計を見ると、１１時５５分になっている。デビッドは店内を見回したが、それらしき客はいなかった。	disk36/ﾚｽﾄ.png	main/davL.png	KO	식사를 끝낸 데이비드는 커피를 마시며 손목시계를 보니 11시 55분이었다. 그는 가게 안을 둘러봤지만 수상한 손님은 보이지 않았다.
disk36	NO71	1030	6	ビッグ・ベンの鐘が１２時を打った時、デビッドのテ－ブルに一人の男が近づいてきた。	disk36/ﾚｽﾄ.png	main/davL.png	KO	빅 벤이 정오를 알리는 종을 울리자, 한 남자가 데이비드의 테이블로 다가왔다.
disk36	NO71	1040	7	年齢は３０才前後で、しわのよった背広を着ているのを見てデビッドは、男の職業がまともではないと思った。	disk36/ﾚｽﾄ.png	disk43/ｺｰﾅ.png	KO	30살쯤 되어 보였고, 구겨진 양복을 입고 있는 것을 보고 데이비드는 번듯한 직업을 가진 사람은 아니라고 생각했다.
disk36	NO71	1060	8	コ－ナ－が話す。	disk36/ﾚｽﾄ.png	disk43/ｺｰﾅ.png	KO	코너가 말한다.
disk36	NO71	1300	9	男「お忙しい所を来て頂いて申しわけありません。私が手紙を書いたコ－ナ－です」	disk36/ﾚｽﾄ.png	disk43/ｺｰﾅ.png	KO	남자: 바쁘신데 와 주셔서 감사합니다. 제가 편지를 보낸 코너입니다.
disk36	NO71	1310	10	コ－ナ－はデビッドに名刺を渡して、椅子に座った。	disk36/ﾚｽﾄ.png	disk43/ｺｰﾅ.png	KO	코너는 데이비드에게 명함을 건네고 의자에 앉았다.
disk36	NO71	1320	11	名刺には名前がニック・コ－ナ－、職業が週刊・芸能フラッシュの記者と書かれている。	disk36/ﾚｽﾄ.png	disk43/ｺｰﾅ.png	KO	명함에는 닉 코너, 그리고 직업은 주간지 연예 플래시 기자라고 적혀 있었다.
disk36	NO71	1330	12	コ－ナ－「私は探偵の真似事が好きで、芸能関係のルポライタ－をしています」	disk36/ﾚｽﾄ.png	disk43/ｺｰﾅ.png	KO	코너: 전 탐정처럼 현장 취재하는 걸 좋아해서 연예계 쪽 르포 라이터를 하고 있습니다.
disk36	NO71	1340	13	デビッド「芸能フラッシュの記者がなぜ魔王の事を知っているんだ。いいかげんな事を記事にするんなら俺は帰るよ」	disk36/ﾚｽﾄ.png	main/davL.png	KO	데이비드: 연예 플래시 기자가 어떻게 마왕 이야기를 알고 있지? 허황된 소리로 기사나 쓸 거면 그냥 가겠어.
disk36	NO71	1350	14	コ－ナ－「待って下さい。貴方は、あの手紙を見てここに来たのでしょう。私はある人から魔王についての情報をもらいました。このまま記事にすればスク－プになるのですよ」	disk36/ﾚｽﾄ.png	disk43/ｺｰﾅ.png	KO	코너: 잠깐만요. 편지를 보고 여기까지 오셨잖습니까. 어떤 분께서 마왕에 관한 정보를 제보했습니다. 그게 사실이라면 엄청난 특종이겠죠.
disk36	NO71	1360	15	デビッド「俺の夢がスク－プに・・・魔王については俺自身なにもわかってないのに、あんたは俺の夢をのぞいたとでも言うのか？」	disk36/ﾚｽﾄ.png	main/davL.png	KO	데이비드: 내 꿈이 특종이라고...? 나조차 마왕이 뭔지 모르는데, 당신은 내 꿈이라도 들여다 본 거야?
disk36	NO71	1370	16	コ－ナ－「魔王が貴方の夢に・・・それは知りませんでした。情報があまりにもオカルト的で、記事にしていいものかと迷っていたのですが、やはり本当かも知れませんね」	disk36/ﾚｽﾄ.png	disk43/ｺｰﾅ.png	KO	코너: 마왕이 당신의 꿈에... 그건 몰랐군요. 제보가 너무 오컬트적이라 기사로 써도 될지 고민하고 있었는데, 어쩌면 정말 사실일지도 모르겠군요.
disk36	NO71	1380	17	デビッド「あんたは俺の夢の事は知らなかった・・・その情報というのは何だ？・・・ぜひ聞かせてくれ。確かな情報だったら記事にしてもいいから話してくれ」	disk36/ﾚｽﾄ.png	main/davL.png	KO	데이비드: 내 꿈에 대해서는 몰랐다는 거군... 그 제보란 게 뭐야. ...말해줘. 확실한 정보라면 기사로 써도 상관없어.
disk36	NO71	1390	18	コ－ナ－「私も信じられない話なので、記事にする前にデビッドさんと、この情報について話をしたかったのです」	disk36/ﾚｽﾄ.png	disk43/ｺｰﾅ.png	KO	코너: 저도 믿기 힘든 이야기라서 기사로 쓰기 전에 데이비드 씨에게 확인받고 싶었습니다.
disk36	NO71	1400	19	コ－ナ－「私はある方に呼ばれて取材したのですが、その方の名前は教える事ができません。でも、その方は嘘など言える立場の方ではないとだけ言っておきましょう」	disk36/ﾚｽﾄ.png	disk43/ｺｰﾅ.png	KO	코너: 제보자의 요청을 받아 취재했지만, 그분의 신원은 밝힐 수 없습니다. 다만 사회적 위치상 거짓말을 할만한 분은 아니라는 것만 말씀드리죠.
disk36	NO71	1410	20	コ－ナ－「その方が言うには、魔王という悪魔がデビッドさんにとりついて、コンサ－トの観客に悪魔の心を植えつけようとしていると言うのです」	disk36/ﾚｽﾄ.png	disk43/ｺｰﾅ.png	KO	코너: 그분 말로는 마왕이라는 악마가 데이비드 씨에게 들러붙어 관객들에게 악마의 마음을 심고 있다고 합니다.
disk36	NO71	1420	21	コ－ナ－「悪魔の心を植えつけられた観客は必ず殺人を犯し、気が狂って死んでしまうと・・・今は貴方の意識が強いので魔王の力は少ししか出てないそうですが・・・」	disk36/ﾚｽﾄ.png	disk43/ｺｰﾅ.png	KO	코너: 그렇게 악마의 마음에 물든 관객은 결국 살인을 저지르고, 미쳐서 죽게 된다고... 당신의 의식이 강해서 마왕의 힘이 일부밖에 나오지 않는다더군요...
disk36	NO71	1430	22	コ－ナ－「宇宙の果てからくる暗黒の星が地球に迫れば、デビッドさんの意識は魔王の意識に変えられ大事が起こるそうです。その暗黒の星が近づくのは、あと１２日と言っていました」	disk36/ﾚｽﾄ.png	disk43/ｺｰﾅ.png	KO	코너: 그리고 우주의 끝에서 오는 암흑의 별이 지구에 가까워지면 데이비드 씨의 의식이 마왕의 의식으로 바뀌면서 엄청난 일이 벌어진다고 합니다. 그날까지 앞으로 12일밖에 남지 않았다고 했습니다.
disk36	NO71	1440	23	コ－ナ－「その方は自分で発表したかったそうですが、デビッドさんがあまりにも有名になられたので、ファンの激怒を心配して私に頼んだのです」	disk36/ﾚｽﾄ.png	disk43/ｺｰﾅ.png	KO	코너: 원래는 그분이 직접 밝히려고 했지만, 데이비드 씨의 인기가 너무 커져서 팬들의 반발을 걱정해 제게 부탁한 겁니다.
disk36	NO71	1450	24	コ－ナ－「私が記事にして１２日が過ぎても、何も起こらなければ業界から追放されてしまうでしょう。しかし情報を流した方があまりにも社会的に地位のある方なので迷っているのです」	disk36/ﾚｽﾄ.png	disk43/ｺｰﾅ.png	KO	코너: 이걸 기사로 냈는데 12일 뒤에도 아무 일도 일어나지 않는다면 제 기자 생활은 끝장이겠죠. 하지만 제보자가 워낙 사회적으로 높은 위치라 무시하기도 어렵습니다.
disk36	NO71	1460	25	デビッド「あんたは俺の眼の前でよくそんなデタラメな話ができるね。あきれかえって返す言葉もないよ。それが記事になるんだったら遠慮なく書いてくれ」	disk36/ﾚｽﾄ.png	main/davL.png	KO	데이비드: 내 앞에서 그런 황당한 이야기를 잘도 하는군. 어이가 없어서 말도 안 나와. 그게 기사거리가 된다면 마음대로 써.
disk36	NO71	1470	26	デビッド「しかしあんたがホラ－映画のファンだとしても、お宅の編集長がそんな記事を載せるかな？　まともな記者なら、こんな話を俺にできるわけがないよ」	disk36/ﾚｽﾄ.png	main/davL.png	KO	데이비드: 당신이 아무리 공포영화 광이라 해도 편집장이 그런 기사를 실어 줄까? 정상적인 기자라면 이런 이야기를 나한테 꺼내지도 않았겠지.
disk36	NO71	1480	27	コ－ナ－「私も貴方のファンでなかったらそう思ったでしょうが、あの方がデビッドさんを救いたかったら、記事の最後にこう書けとおっしゃったのです」	disk36/ﾚｽﾄ.png	disk43/ｺｰﾅ.png	KO	코너: 저도 당신의 팬이 아니었다면 그렇게 생각했을 겁니다. 하지만 그분이 데이비드 씨를 구하고 싶다면 기사 마지막에 이렇게 쓰라고 했습니다.
disk36	NO71	1490	28	コ－ナ－「マネ－ジャ－のスシャ－ナさんをデビッドさんから遠ざけろと。彼女は暗黒の魔導師で、デビッドさんを魔王に近づける魔女だと・・・」	disk36/ﾚｽﾄ.png	disk43/ｺｰﾅ.png	KO	코너: 매니저 수잔나 씨를 데이비드 씨 곁에서 떼어 놓으라고. 그녀는 암흑의 마도사이고, 데이비드 씨를 마왕으로 이끌 마녀라며...
disk36	NO71	1500	29	コ－ナ－「貴方達のもとのマネ－ジャ－のクレアは、スシャ－ナの魔導の力で交通事故で殺され、貴方に近づいたそうです。何か心あたりはありませんか？」	disk36/ﾚｽﾄ.png	disk43/ｺｰﾅ.png	KO	코너: 수잔나가 전 매니저 클레어를 마도의 힘으로 교통사고로 죽이고, 데이비드 씨에게 접근했다는 겁니다. 혹시 짚이는 게 없습니까?
disk36	NO71	1510	30	デビッド「もうあんたと話し合う必要はない。俺が魔王でスシャ－ナが魔女、次はアランかアンドリュ－か？　それともマ－チンが悪魔だと言いたいのか！？」	disk36/ﾚｽﾄ.png	main/davL.png	KO	데이비드: 더 들을 가치도 없겠군. 내가 마왕이고 수잔나가 마녀라면 다음엔 뭐지? 앨런이나 앤드류가 악마라고 할 건가? 아니면 마틴이!?
disk36	NO71	1520	31	コ－ナ－「私はあの方に頼まれただけで、もう少し調べてから記事にするか考えてみます。その時はもう一度、私と会ってください」	disk36/ﾚｽﾄ.png	disk43/ｺｰﾅ.png	KO	코너: 저도 부탁을 받고 움직이는 것뿐입니다. 조금 더 조사해 본 다음 기사로 낼지 결정하겠습니다. 그때 다시 한 번 만나 주십시오.
disk36	NO71	1530	32	デビッド「あんたは俺に会う前に精神病院にでも行った方がいいようだ。あそこなら親身になって聞いてくれる。俺は忙しいから帰らせてもらうよ」	disk36/ﾚｽﾄ.png	main/davL.png	KO	데이비드: 다시 나를 만나기 전에 정신병원부터 찾아가 보는 게 좋겠어. 거기라면 당신 이야기를 진지하게 들어줄 거야. 난 바쁘니까 이만 가겠어.
disk36	NO71	1540	33	デビッドは、時間を無駄にした事に腹がたってしかたがなかった。スシャ－ナにこの話をしたら、きっと芸能フラッシュに怒鳴りこみに行くに違いないと思った。	disk36/ﾚｽﾄ.png	main/davL.png	KO	데이비드는 괜히 시간을 낭비했다는 생각에 화가 치밀었다. 이 이야기를 수잔나가 들으면 틀림없이 연예 플래시로 쳐들어가 한바탕 난리를 칠 것이다.
disk36	NO71	1550	34	デビッドがホテルの部屋に戻ると、スシャ－ナが部屋の中で待っていた。	disk36/Hﾍｯﾄ.png	main/davL.png	KO	호텔로 돌아오자, 수잔나가 방에서 기다리고 있었다.
disk36	NO71	1700	35	スシャ－ナ「デビッド、どこに出掛けてたの？・・・部屋の片付けを手伝いに来たのだけど・・・引っ越しの準備は出来ていたのね」	disk36/Hﾍｯﾄ.png	main/linR.png	KO	수잔나: 데이비드, 어디 갔다 왔어요? ...방 정리 도와주려고 왔는데... 벌써 다 끝났네요.
disk36	NO71	1710	36	デビッド「はやく起きてしまったんで、食事に出ていたんだ。ここにいても仕方がないから、俺のアパ－トに行こうよ」	disk36/Hﾍｯﾄ.png	main/davL.png	KO	데이비드: 일찍 일어나 버려서 식사하러 나갔다 왔어. 여기 더 있어 봐야 할 일도 없으니 내 아파트로 가자.
disk36	NO71	1720	37	スシャ－ナ「ながかったホテル暮らしも当分お別れね。デビッドのアパ－トに行くのは初めてだから、心臓がドキドキするわ」	disk36/Hﾍｯﾄ.png	main/linR.png	KO	수잔나: 길었던 호텔 생활도 당분간 이별이네요. 데이비드 집에 가는 건 처음이라 괜히 두근거려요.
disk36	NO71	1730	38	デビッド「俺の部屋を見たらドキドキも止まるよ。あまりに汚なすぎて心臓まひを起こすよ。荷物はこれだけだから俺一人で大丈夫だ。行こう」	disk36/Hﾍｯﾄ.png	main/davL.png	KO	데이비드: 내 방을 보면 그 설렘도 바로 사라질 걸. 너무 더러워서 심장마비가 올지도 몰라. 짐은 이게 전부니까 내가 들게. 어서 가자.
disk36	NO71	1740	39	デビッド達はフロントでチエックをすませて、タクシ－でデビッドのアパ－トに行った。	disk36/ｱﾊﾟﾄ.png	main/davL.png	KO	두 사람은 프런트에서 체크아웃을 마치고 택시를 타고 데이비드의 아파트로 향했다.
disk36	NO71	1750	40	スシャ－ナはデビッドの部屋に入ると、慌てて窓を開けながら悲鳴をあげた。台所の流しに汚れた食器が積まれ、居間のテ－ブルにはアルコ－ル類の空き瓶や、空き缶が山と積まれたままだった。	disk36/Dﾍﾔ.png	main/linR.png	KO	방에 들어서자마자, 수잔나는 비명을 지르며 창문부터 열었다. 싱크대에는 설거짓거리가 수북했고, 거실 테이블에는 술병과 빈 캔이 산더미처럼 쌓여 있었다.
disk36	NO71	1760	41	スシャ－ナ「やっと息が出来るようになったけど、どこから片付けていいのか・・・とりあえずデビッドが座れる所を掃除するわ」	disk36/Dﾍﾔ.png	main/linR.png	KO	수잔나: 이제야 숨 좀 쉬겠네요. 대체 어디부터 치워야 할지... 우선 데이비드가 앉을 자리부터 만들어 줄게요.
disk36	NO71	1770	42	スシャ－ナは時々悲鳴をあげながら掃除をしているが、結構楽しんでいるようだ。部屋の掃除が終わるとスシャ－ナは夕食を作る為に、近くのス－パ－に一人で買い物に行った。	disk36/Dﾍﾔ.png	main/linR.png	KO	수잔나는 중간중간 비명을 지르면서도 의외로 청소를 즐기는 듯했다. 방 청소가 끝나자, 그녀는 저녁을 준비하겠다며 혼자 근처 슈퍼로 장을 보러 나갔다.
disk36	NO71	1780	43	デビッドは芸能記者のコ－ナ－の話を思い出していた。	disk36/Dﾍﾔ.png	main/davL.png	KO	데이비드는 연예 기자 코너의 이야기를 떠올렸다.
disk36	NO71	1790	44	・・・俺が夢で知った魔王の事を、なぜ俺以外に知っている奴がいるのか・・・それもとてつもない話になっている。いやがらせにしては度が過ぎるし、やはりスシャ－ナに話そう・・・	disk36/Dﾍﾔ.png	main/davL.png	KO	...내가 꿈에서 알게 된 마왕을 어떻게 다른 사람이 안 거지... 게다가 훨씬 더 터무니없는 이야기로 확장되어서... 장난이이라고 치부하기엔 너무 지나쳐, 역시 수잔나에게 얘기하는 게 좋겠어...
disk36	NO71	1800	45	デビッドはこんな馬鹿げた話を人に相談などできないが、スシャ－ナなら悪夢の話を知っているから、まじめに聞いてくれると思った。	disk36/Dﾍﾔ.png	main/davL.png	KO	이런 황당한 이야기를 다른 누구에게도 털어놓을 수는 없었지만, 자신의 악몽을 알고 있는 수잔나면 진지하게 들어줄 거라고 생각했다.
disk36	NO71	1810	46	スシャ－ナが大きな袋を抱えて帰ってきた。デビッドが話を切り出そうとしたが、台所で歌を口ずさんで楽しそうに料理しているスシャ－ナを見てこの雰囲気を壊したくなかった。	disk36/Dﾍﾔ.png	main/davL.png	KO	수잔나는 큰 봉지를 안고 돌아왔다. 데이비드가 이야기를 꺼내려 했지만, 부엌에서 노래를 흥얼거리며 즐겁게 요리하는 그녀를 보고 분위기를 깨고 싶지 않았다.
disk36	NO71	10000	73	ＤＡＴＡをＳＡＶＥしますか？　Ｙ／Ｎ	disk36/Dﾍﾔ.png	main/davL.png	KO	
disk36	NO71	10040	79	ドライブ１に、ＳＡＶＥ・ディスクを入れて下さい。	disk36/Dﾍﾔ.png	main/davL.png	KO	
disk36	NO71	10070	81	ドライブ１のディスクが違います。	disk36/Dﾍﾔ.png	main/davL.png	KO	드라이브 1의 디스크가 다릅니다.
disk36	NO71	10110	82	ＳＡＶＥしました。ドライブ１のディスクに、ＭＡＩＮディスクを入れて下さい。	disk36/Dﾍﾔ.png	main/davL.png	KO	
disk36	NO71	10150	84	ドライブ１のディスクが違います。	disk36/Dﾍﾔ.png	main/davL.png	KO	드라이브 1의 디스크가 다릅니다.
disk36	NO72	900	0	デビッドが話す。	disk36/Dﾍﾔ.png	main/davL.png	KO	데이비드가 말한다.
disk36	NO72	900	1	スシャ－ナが話す。	disk36/Dﾍﾔ.png	main/davL.png	KO	수잔나가 말한다.
disk36	NO72	1000	2	スシャ－ナは料理を作りながら、デビッドと話をしていた。	disk36/Dﾍﾔ.png	main/linR.png	KO	수잔나는 요리를 만들면서 데이비드와 이야기를 나눴다.
disk36	NO72	1200	3	スシャ－ナ「時間がなかったので簡単な料理しかできないけど、真心をこめて作っているから、レストランの料理には負けないわよ」	disk36/Dﾍﾔ.png	main/linR.png	KO	수잔나: 시간이 없어서 간단한 것밖에 못 만들지만, 정성만큼은 듬뿍 담았으니까 레스토랑 음식보다 맛있을 거예요.
disk36	NO72	1210	4	デビッド「期待しているよ。なんたって、この部屋で料理の匂いをかぐなんて初めてなんだから。いつも外食だし・・・料理を作ってもらうのも初めてだよ」	disk36/Dﾍﾔ.png	main/davL.png	KO	데이비드: 기대할게. 이 방에서 음식 냄새가 나는 것부터가 처음이야. 늘 밖에서 사 먹었거든... 누가 나를 위해 요리해 주는 것도 처음이야.
disk36	NO72	1220	5	スシャ－ナは料理をテ－ブルに並べながらデビッドに言った。	disk36/Dﾍﾔ.png	main/linR.png	KO	수잔나는 요리를 테이블에 늘어놓으며 데이비드에게 말했다.
disk36	NO72	1230	6	スシャ－ナ「料理が出来上がりました。さあデビッド、テ－ブルについてね」	disk36/Dﾍﾔ.png	main/linR.png	KO	수잔나: 다 됐어요. 데이비드, 얼른 앉아요.
disk36	NO72	1240	7	テ－ブルには何種類もの料理が並び、デビッドをうならせた。	disk36/Dﾍﾔ.png	main/linR.png	KO	테이블을 가득 채운 요리들을 보며 데이비드는 감탄했다.
disk36	NO72	1250	8	スシャ－ナ「私、掃除も料理も得意なのよ。さめないうちに食べて」	disk36/Dﾍﾔ.png	main/linR.png	KO	수잔나: 전 청소도 잘하고 요리도 잘해요. 식기 전에 어서 드세요.
disk36	NO72	1260	9	デビッド「うまい！　スシャ－ナの料理を食べたら、レストランの味なんてメじゃないな。休暇は外食なしでスシャ－ナの料理を毎日食べさせてもらう事に決めたよ」	disk36/Dﾍﾔ.png	main/davL.png	KO	데이비드: 맛있어! 이걸 먹고 나니 레스토랑 음식은 눈에도 안 들어오겠는데? 그래, 휴가 동안은 외식 안 하고 매일 수잔나 요리만 먹기로 결정했어.
disk36	NO72	1270	10	スシャ－ナ「そんなにほめてもらえたら、お世辞でもうれしいわ。でも田舎に行ったらレストランなんてないから、いやでも私の料理を食べないといけないわよ」	disk36/Dﾍﾔ.png	main/linR.png	KO	수잔나: 그렇게 칭찬해 주니 빈말이라도 기분 좋네요. 어차피 시골에 가면 식당도 별로 없어서 싫어도 제 요리를 먹어야 할 걸요?
disk36	NO72	1280	11	デビッド「スシャ－ナ、旅行に行く日にちを決めていなかったけど、出発はいつにする？」	disk36/Dﾍﾔ.png	main/davL.png	KO	데이비드: 수잔나, 여행 출발 날짜를 아직 안 정했는데 언제 갈까?
disk36	NO72	1290	12	スシャ－ナ「そうね。２週間も田舎にいたらあきるから、しばらくデビッドのアパ－トにいて、気が向いたらデビッドの車で好きな所に寄りながら行かない？」	disk36/Dﾍﾔ.png	main/linR.png	KO	수잔나: 그렇네요. 시골에서 2주 내내 있으면 지루할 수도 있으니까 여기서 며칠 지내다가, 마음 내킬 때 데이비드의 차 끌고 관광지에 들르면서 가는 건 어때요?
disk36	NO72	1300	13	デビッド「スシャ－ナの田舎はハワ－ズだから、車で行ったほうが便利かもしれないな。それに計画なしでドライブするのも、おもしろそうだな」	disk36/Dﾍﾔ.png	main/davL.png	KO	데이비드: 하워스라면 차로 가는 게 편하겠네. 아무 계획 없이 드라이브하는 것도 재미있을 것 같고.
disk36	NO72	1310	14	デビッドとスシャ－ナは食事をしながら、休暇の過ごし方を楽しそうに話していた。	disk36/Dﾍﾔ.png	main/davL.png	KO	두 사람은 식사를 하면서 앞으로 보낼 휴가에 대해 즐겁게 이야기를 나눴다.
disk36	NO72	1320	15	ビ－ルを飲むとデビッドは、久しぶりにはやく起きたのと、芸能記者に会った事で疲れが出てきたようだ。	disk36/Dﾍﾔ.png	main/davL.png	KO	맥주를 마시자, 데이비드는 오랜만에 일찍 일어난 것과 코너를 만난 일로 인해 피로가 몰려오는 듯했다.
disk36	NO72	1330	16	デビッド「明日から休暇だと思うと、今までの疲れが出たのか急に酔いがまわって・・・しばらくベッドで横になるよ・・・」	disk36/Dﾍﾔ.png	main/davL.png	KO	데이비드: 내일부터 휴가라고 생각하니 긴장이 풀렸는지 갑자기 술기운 확 올라오네... 잠깐만 누워 있을게...
disk36	NO72	1340	17	スシャ－ナ「デビッドがお酒で顔が赤くなるなんて珍しいんじゃない？　私は台所をかたずけて帰るわ」	disk36/Dﾍﾔ.png	main/linR.png	KO	수잔나: 데이비드가 술로 얼굴이 빨개지다니 웬일이에요? 전 부엌 정리하고 돌아갈게요.
disk36	NO72	1350	18	デビッド「えっ！　スシャ－ナが帰る？・・・休暇に入ったら俺達はずっと一緒にいられると思っていたのに・・・お願いだからそうしてくれよ」	disk36/Dﾍﾔ.png	main/davL.png	KO	데이비드: 뭐!? 돌아간다고? 휴가가 시작되면 계속 같이 있는 줄 알았는데... 부탁이야, 가지 말아줘.
disk36	NO72	1360	19	スシャ－ナ「私も一緒にいたいけど、ここはデビッドのアパ－トでしょう。誰かに知れたらデビッドが困ると思って・・・」	disk36/Dﾍﾔ.png	main/linR.png	KO	수잔나: 저도 그러고 싶은데, 여긴 데이비드 집이잖아요. 누구한테 들키면 당신이 곤란해질 거예요...
disk36	NO72	1370	20	デビッド「俺がスシャ－ナと一緒になっても［エレノ・ヴィジョン］は変わらないよ。そんな事を気にしていたら、俺達は結婚だってできやしないよ」	disk36/Dﾍﾔ.png	main/davL.png	KO	데이비드: 수잔나와 함께 있는다고 해서 `엘레노 비전'은 달라지지 않아. 그런 것까지 신경 쓰면 우리 결혼도 못 해.
disk36	NO72	1380	21	スシャ－ナ「結婚・・・？」	disk36/Dﾍﾔ.png	main/linR.png	KO	수잔나: 결혼이요...?
disk36	NO72	1390	22	デビッド「そうだよ。俺は、ずっとそう思っていたよ・・・スシャ－ナ、俺と結婚しよう」	disk36/Dﾍﾔ.png	main/davL.png	KO	데이비드: 그래. 사실 계속 생각하고 있었어... 수잔나, 나랑 결혼해줘.
disk36	NO72	1400	23	スシャ－ナ「私がデビッドのお嫁さんに・・・私もデビッドのお嫁さんになるのが夢だったの・・・でもデビッドが有名になっていくから諦めようと思って・・・」	disk36/Dﾍﾔ.png	main/linR.png	KO	수잔나: 제가 데이비드의 신부라니... 저도 데이비드의 신부가 되는 것이 꿈이었어요... 하지만 당신이 점점 유명해져서 포기하려고 했는데...
disk36	NO72	1410	24	スシャ－ナ「デビッド！　私、きっと貴方に気に入られる奥さんになって見せるわ！」	disk36/Dﾍﾔ.png	main/linR.png	KO	수잔나: 데이비드! 저, 반드시 당신에게 어울리는는 아내가 될게요!
disk36	NO72	1420	25	デビッドとスシャ－ナは抱きあい、キスをかわしてベッドに入った。	disk36/ﾍﾞｯﾄ.png	main/linR.png	KO	서로를 꼭 끌어안은 두 사람은 입을 맞추며 침대로 향했다.
disk36	NO72	1440	26	その頃、デビッドのアパ－トの外では、クラ－クとデビッドが乗った車が止まっていた。	disk36/KVﾊﾙ.png	main/linR.png	KO	그 무렵, 데이비드의 아파트 밖에는 탐정들의 차가 세워져 있었다.
disk36	NO72	1470	27	クラ－クが話す。	disk36/KVﾊﾙ.png	main/linR.png	KO	클라크가 말한다.
disk36	NO72	1470	28	ヴィンスが話す。	disk36/KVﾊﾙ.png	main/linR.png	KO	빈스가 말한다.
disk36	NO72	1600	29	ヴィンス「スシャ－ナはデビッドのアパ－トから出てきませんね。スシャ－ナがデビッドと恋中だったとは・・・所長は知っていたのですか？」	disk36/KVﾊﾙ.png	main/ｳｲﾝｽ.png	KO	빈스: 수잔나가 데이비드 집에서 나오질 않네요. 둘이 연인 사이였다니... 소장님은 알고 계셨나요?
disk36	NO72	1610	30	クラ－ク「いや、気づかなかったよ。ヴィンス君、アパ－トの二人の写真は撮ってるか？　依頼人との契約が切れたら週刊誌に売り込めるからな」	disk36/KVﾊﾙ.png	main/ｸﾗｰｸ.png	KO	클라크: 아니, 나도 몰랐네. 빈스, 둘이 같이 있는 사진은 찍어 뒀지? 의뢰인과 계약이 끝나면 주간지에 팔면 돈 좀 벌겠구만.
disk36	NO72	1620	31	ヴィンス「そんな事をしたらデビッド達がかわいそうですよ。所長、そろそろ帰りませんか？　デビッドの部屋の明かりが消えた事だし、いくら待ってもスシャ－ナは出てきませんよ」	disk36/KVﾊﾙ.png	main/ｳｲﾝｽ.png	KO	빈스: 그러면 데이비드 씨가 너무 불쌍하잖아요. 소장님, 이제 돌아가죠. 불도 꺼졌는데 아무리 기다려 봐야 수잔나는 안 나올 겁니다.
disk36	NO72	1630	32	クラ－ク「デビッドとスシャ－ナか・・・スシャ－ナの死んだ母親は暗黒の魔導師といわれ、占い師の間では有名だったそうだ。スシャ－ナも占いの趣味があるようだし・・・」	disk36/KVﾊﾙ.png	main/ｸﾗｰｸ.png	KO	클라크: 데이비드와 수잔나라... 수잔나의 죽은 어머니는 암흑의 마도사라고 불리며 점술가들 사이에서는 유명했다더군. 수잔나도 점술에 조예가 있는 것 같고...
disk36	NO72	1640	33	ヴィンス「そうですね。それにツア－の時、スシャ－ナと会ってた人達が全て占いに関係してたでしょう。依頼人もデビッドの指輪から動きも変わってきましたからね」	disk36/KVﾊﾙ.png	main/ｳｲﾝｽ.png	KO	빈스: 그러고 보니, 투어 때 수잔나가 만난 사람들은 전부 점술과 관련되어 있었어요. 의뢰인도 데이비드의 반지 이야기를 들은 뒤부터 행동이 달라졌고요.
disk36	NO72	1650	34	クラ－ク「デビッドには占いの趣味はないが、指輪がどうも気になる。それを気にしている俺達の依頼人も占いに何か関係があるのかもしれない」	disk36/KVﾊﾙ.png	main/ｸﾗｰｸ.png	KO	클라크: 데이비드는 점술과 관련이 없지만, 그 반지가 계속 마음에 걸려. 그것을 신경 쓰는 의뢰인도 점술과 뭔가 관련이 있을지도 모르겠군.
disk36	NO72	1660	35	ヴィンス「所長の友人の探偵に、依頼人の事を調べてもらえばスシャ－ナと依頼人の関係がわかるでしょう？」	disk36/KVﾊﾙ.png	main/ｳｲﾝｽ.png	KO	빈스: 소장님, 아는 탐정한테 의뢰인을 조사해 달라고 하면 수잔나와 의뢰인의 관계도 알아낼 수 있지 않을까요?
disk36	NO72	1670	36	クラ－ク「調査の契約がデビッド達の休暇までとなってるから、依頼人の調査はまだ契約違反になるよ。よし、誰かに依頼人を調査をさせよう」	disk36/KVﾊﾙ.png	main/ｸﾗｰｸ.png	KO	클라크: 계약 기간이 수잔나의 휴가가 끝날 때까지니, 지금 의뢰인을 조사하면 계약 위반이지만... 좋아, 다른 사람을 시켜 의뢰인을 한 번 조사해 보겠네.
disk36	NO72	1680	37	ヴィンス「所長、この調査を続けていたらオカルトの世界に入って出られなくなりそうな予感がしませんか？　そろそろ手を引いた方がいいような気がして・・・」	disk36/KVﾊﾙ.png	main/ｳｲﾝｽ.png	KO	빈스: 소장님, 이 의뢰를 계속하다가는 오컬트 세계에 빠져서 못 나올 것 같은 예감이 들지 않나요? 이제 그만 손 떼는 게 좋을 것 같은데...
disk36	NO72	1690	38	クラ－ク「俺もだ。契約の延長をされても断るよ。さて今夜の張り込みは終わりにして帰るか・・・」	disk36/KVﾊﾙ.png	main/ｸﾗｰｸ.png	KO	클라크: 나도 같은 생각이네. 계약을 연장해 달라고 해도 이번엔 거절할 걸세. 자, 오늘 잠복은 이쯤하고 돌아가지...
disk36	NO72	1700	39	クラ－ク達の車は、デビッドのアパ－トから離れて行った。	disk36/KVﾊﾙ.png	main/ｸﾗｰｸ.png	KO	탐정들의 차는 데이비드의 아파트에서 멀어져 갔다.
disk36	NO72	10000	60	ＤＡＴＡをＳＡＶＥしますか？　Ｙ／Ｎ	disk36/KVﾊﾙ.png	main/ｸﾗｰｸ.png	KO	
disk36	NO72	10040	66	ドライブ１に、ＳＡＶＥ・ディスクを入れて下さい。	disk36/KVﾊﾙ.png	main/ｸﾗｰｸ.png	KO	
disk36	NO72	10070	68	ドライブ１のディスクが違います。	disk36/KVﾊﾙ.png	main/ｸﾗｰｸ.png	KO	드라이브 1의 디스크가 다릅니다.
disk36	NO72	10110	69	ＳＡＶＥしました。ドライブ１のディスクに、ＭＡＩＮディスクを入れて下さい。	disk36/KVﾊﾙ.png	main/ｸﾗｰｸ.png	KO	
disk36	NO72	10150	71	ドライブ１のディスクが違います。	disk36/KVﾊﾙ.png	main/ｸﾗｰｸ.png	KO	드라이브 1의 디스크가 다릅니다.
disk36	NO72	17009	72	クラ－ク達の車はデビッドのアパ－トから離れて行った。	disk36/KVﾊﾙ.png	main/ｸﾗｰｸ.png	KO	탐정들의 차는 데이비드의 아파트에서 멀어져 갔다.
disk36	NO73	900	0	デビッドが話す。	disk36/KVﾊﾙ.png	main/ｸﾗｰｸ.png	KO	데이비드가 말한다.
disk36	NO73	900	1	スシャ－ナが話す。	disk36/KVﾊﾙ.png	main/ｸﾗｰｸ.png	KO	수잔나가 말한다.
disk36	NO73	900	2	クラ－クが話す。	disk36/KVﾊﾙ.png	main/ｸﾗｰｸ.png	KO	클라크가 말한다.
disk36	NO73	900	3	ヴィンスが話す。	disk36/KVﾊﾙ.png	main/ｸﾗｰｸ.png	KO	빈스가 말한다.
disk36	NO73	1000	4	セミダブルのベッドにデビッドとスシャ－ナは抱きあうようにして寝ていた。すると、デビッドに話かける声がした。デビッドは身体を起こし部屋の中を見回した。	disk36/ﾍﾞｯﾄ.png	main/ｸﾗｰｸ.png	KO	세미더블 침대에서 데이비드와 수잔나가 서로를 끌어안은 채 잠들어 있었다. 그때 어디선가 데이비드를 부르는 목소리가 들려왔다. 데이비드는 몸을 일으켜 방 안을 둘러봤다.
disk36	NO73	1010	5	寝ているスシャ－ナ以外に人などいない。それでもデビッドは僅かな物音でも聞きもらさないように神経を集中させていた。	disk36/ﾍﾞｯﾄ.png	main/ｸﾗｰｸ.png	KO	잠든 수잔나 말고는 아무도 없었다. 데이비드는 아주 작은 소리조차 놓치지 않으려고 온 신경을 곤두세웠다.
disk36	NO73	1020	6	・・・うっ！　誰かが俺を名を呼んでいる・・・部屋の中には誰もいないのに聞こえる。誰かがいるのか・・・？	disk36/ﾍﾞｯﾄ.png	main/ｸﾗｰｸ.png	KO	...윽! 누군가 날 부르고 있어... 방 안에는 아무도 없는데 목소리가 들려. 누가 있는 건가...?
disk36	NO73	1040	7	声を聞く。	disk36/ﾍﾞｯﾄ.png	main/ｸﾗｰｸ.png	KO	목소리를 듣는다.
disk36	NO73	1170	8	フロオス王が話す。	disk36/ﾍﾞｯﾄ.png	main/ｸﾗｰｸ.png	KO	플로스 왕이 말한다.
disk36	NO73	1200	9	声「デビッド・・・」	disk36/ﾌﾛｵｽ.png	main/ｸﾗｰｸ.png	KO	목소리: 데이비드...
disk36	NO73	1210	10	デビッド「お前は誰だ！　どこに隠れてる！」	disk36/ﾌﾛｵｽ.png	main/ｸﾗｰｸ.png	KO	데이비드: 누구야! 어디 숨어 있어!
disk36	NO73	1220	11	フロオス「私は暗黒の星に魔王として復活を誓ったフロオス王だ。暗黒の星が近づいた今、私の血が復活を願っている」	disk36/ﾌﾛｵｽ.png	main/ｸﾗｰｸ.png	KO	플로스: 나는 암흑의 별에 마왕으로 부활하겠다고 맹세한 플로스 왕이다. 암흑의 별이 가까워진 지금, 내 피가 다시 깨어나려 하고 있다.
disk36	NO73	1230	12	その声があまりにもはっきりと聞こえたので、デビッドは部屋の中をもう一度見回したが、やはりスシャ－ナ以外に誰もいなかった。	disk36/ﾌﾛｵｽ.png	main/ｸﾗｰｸ.png	KO	그 목소리가 너무나 또렷하게 들렸기에 데이비드는 다시 한 번 방 안을 둘러봤지만, 수잔나 외에는 아무도 없었다.
disk36	NO73	1240	13	フロオス「デビッド、お前が北の一族の血を見る事で、お前の血の中に受け継がれた私の血が復活して、魔王の力がお前に現れる。その力で北の王の血を断ってもらいたいのだ」	disk36/ﾌﾛｵｽ.png	main/ｸﾗｰｸ.png	KO	플로스: 데이비드, 네가 북방 일족의 피를 보게 되면 네 안에 이어진 내 피가 부활해 마왕의 힘도 깨어난다. 그 힘으로 북방의 왕의 피를 끊어라.
disk36	NO73	1250	14	デビッド「魔王の血が俺に受け継がれている？・・・俺は断る。俺には魔王の力など必要がないし、今のままの俺で十分だ！」	disk36/ﾌﾛｵｽ.png	main/ｸﾗｰｸ.png	KO	데이비드: 마왕의 피가 내게 이어져 있다고? ...거절하겠어. 난 마왕의 힘 같은 건 필요 없어. 지금의 나로 충분해!
disk36	NO73	1260	15	フロオス「そうはいかない。暗黒の星が近づいた今、北の王は魔王の血を断つために、お前を殺そうとしている。避ける事のできない運命の戦いはすでに始まっているのだ」	disk36/ﾌﾛｵｽ.png	main/ｸﾗｰｸ.png	KO	플로스: 그럴 수 없다. 암흑의 별이 가까워진 이상, 북방의 왕은 마왕의 피를 끊기 위해 너를 죽일 것이다. 거부할 수 없는 운명의 싸움은 이미 시작됐다.
disk36	NO73	1270	16	デビッド「その為にお前は俺に悪夢や幻想を見せつけたのだな？　遥か古代の復讐をとげる為に、俺に人殺しをしろと言うのか！」	disk36/ﾌﾛｵｽ.png	main/ｸﾗｰｸ.png	KO	데이비드: 그래서 나한테 그 악몽과 환상을 계속 보여 준 거냐? 수천 년 전 복수를 위해 나더러 사람을 죽이라고!?
disk36	NO73	1280	17	フロオス「魔王の血は、すでに暗黒の星のエネルギ－を受けお前に現れている。デビッド！　お前は定められた運命に従うしかないのだ！」	disk36/ﾌﾛｵｽ.png	main/ｸﾗｰｸ.png	KO	플로스: 마왕의 피는 이미 암흑의 별의 힘을 받아 네 안에서 깨어나고 있다. 데이비드! 결국 너는 정해진 운명을 받아들일 수밖에 없다!
disk36	NO73	1290	18	デビッド「俺に魔王の力が現れているだと？　そんな馬鹿な・・・俺は魔王の力など知るものか！」	disk36/ﾌﾛｵｽ.png	main/ｸﾗｰｸ.png	KO	데이비드: 내 안에 마왕의 힘이 나타났다고? 말도 안 돼... 그런 힘 따위 난 필요 없어!
disk36	NO73	1300	19	スシャ－ナはデビッドの声で眼を覚ましていた。	disk36/ﾍﾞｯﾄ.png	main/linR.png	KO	데이비드의 절규에 수잔나는 잠에서 깨어났다.
disk36	NO73	1500	20	スシャ－ナ「どうしたのデビッド！　誰と話しているの！？」	disk36/ﾍﾞｯﾄ.png	main/linR.png	KO	수잔나: 왜 그래요, 데이비드! 누구와 이야기하고 있어요!?
disk36	NO73	1510	21	スシャ－ナの声でデビッドは、我に戻った。フロオス王の声も感じなくなっていた。	disk36/ﾍﾞｯﾄ.png	main/linR.png	KO	수잔나의 목소리에 데이비드는 정신을 차렸다. 플로스 왕의 목소리도 더는 들리지 않았다.
disk36	NO73	1520	22	スシャ－ナ「汗びっしょりよ。また悪夢を見たのね・・・」	disk36/ﾍﾞｯﾄ.png	main/linR.png	KO	수잔나: 온몸이 땀투성이에요. 또 악몽을 꾼 건가요...
disk36	NO73	1530	23	デビッド「悪夢でも幻想でもない。フロオス王の声が話かけてきたんだ。俺が魔王の血を受け継ぐ者で、接近してきた暗黒の星の影響を受けて、魔王の力が現れていると言うんだ」	disk36/ﾍﾞｯﾄ.png	main/davL.png	KO	데이비드: 악몽도 환상도 아니야. 플로스 왕이 직접 내게 말을 걸어왔어. 내가 마왕의 피를 이어받았고, 암흑의 별이 가까워지면서 마왕의 힘이 깨어나고 있다고 했어.
disk36	NO73	1540	24	スシャ－ナ「フロオス王が？・・・私には何も聞こえなかったけど・・・デビッドが血を受け継ぐ者と言ったの？」	disk36/ﾍﾞｯﾄ.png	main/linR.png	KO	수잔나: 플로스 왕이요? 전 아무 소리도 못 들었는데... 데이비드가 피를 이어받았다고요?
disk36	NO73	1550	25	デビッド「北の一族の血を見る事で、俺に受け継がれた魔王の血がよみがえるから、北の王の血を断てと・・・でも北の王の血を継ぐ相手は人間だよ。俺は人殺しなど出来ないよ」	disk36/ﾍﾞｯﾄ.png	main/davL.png	KO	데이비드: 북방 일족의 피를 보면 내 안의 마왕의 피가 깨어나니까, 그 힘으로 북방의 왕의 피를 끊으라고... 하지만 그들도 사람이야. 난 사람을 죽일 수 없어.
disk36	NO73	1560	26	スシャ－ナ「暗黒の星といったら、フロオス王が魔王になると誓った星よ。フロオス王は、北の王がどこにいるのか言ってなかった？」	disk36/ﾍﾞｯﾄ.png	main/linR.png	KO	수잔나: 암흑의 별이라면 플로스 왕이 마왕이 되겠다고 맹세한 별이잖아요. 그가 북방의 왕이 어디 있는지는 말 안했어요?
disk36	NO73	1570	27	デビッド「いや何も・・・ただ俺に魔王の力が現れてきたから、北の一族が俺を殺しに来ると言っていた。スシャ－ナ、もしこれが本当なら旅行は中止にしよう」	disk36/ﾍﾞｯﾄ.png	main/davL.png	KO	데이비드: 아니, 아무것도... 그저 내게 마왕의 힘이 깨어나기 시작했으니 북방 일족이 나를 죽이러 올 거라고 했어. 수잔나, 만약 이게 사실이라면 여행은 취소하는 게 좋겠어.
disk36	NO73	1580	28	スシャ－ナ「中止って、今の話をすべて信じたの？」	disk36/ﾍﾞｯﾄ.png	main/linR.png	KO	수잔나: 취소하자고요? 그 말을 전부 믿는 거예요?
disk36	NO73	1590	29	デビッド「スシャ－ナ、君にはまだ話してなかったが、今朝はやく起きたのは昼に人と会うためだったんだ。それも魔王についての話だった」	disk36/ﾍﾞｯﾄ.png	main/davL.png	KO	데이비드: 수잔나, 사실 아직 말 안 한 게 있어. 오늘 아침 일찍 나갔던 건 누군가를 만나기 위해서였어. 그것도 마왕에 관한 일이었고.
disk36	NO73	1600	30	デビッドは手紙を受け取った時から、芸能記者のコ－ナ－と別れるまでの事をスシャ－ナに話したが、スシャ－ナに関する事は言えなかった。	disk36/ﾍﾞｯﾄ.png	main/davL.png	KO	데이비드는 편지를 받았을 때부터 연예 기자 코너와 헤어질 때까지의 일을 수잔나에게 설명했지만, 그녀에 관한 일은 말할 수 없었다.
disk36	NO73	1610	31	デビッド「コ－ナ－の話はでたらめ過ぎて、信用しろと言ってもできない。俺達しか知らない魔王とか、暗黒の星の言葉が出たのは話しが合いすぎると思わないか？」	disk36/ﾍﾞｯﾄ.png	main/davL.png	KO	데이비드: 코너의 이야기는 너무 황당해서 그대로 믿을 수는 없겠지. 하지만 우리밖에 모르는 마왕과 암흑의 별까지 정확히 언급했다는 건 뭐가 이상하지 않아?
disk36	NO73	1620	32	スシャ－ナ「コ－ナ－に話した人は、よほど地位の高い方のようだけど、デビッドを陥れて何か得になるのかしら？・・・もしも、その人が北の王だとしたら・・・」	disk36/ﾍﾞｯﾄ.png	main/linR.png	KO	수잔나: 코너에게 제보한 사람은 사회적으로 꽤 높은 위치에 있는 것 같은데, 데이비드를 곤경에 빠뜨려서 무슨 이득이 있을까요? ...혹시 그 사람이 북방의 왕일지도...
disk36	NO73	1630	33	デビッド「北の王が俺を追いつめるために・・・そうか、北の王なら魔王や暗黒の星を知っていても不思議じゃないな・・・」	disk36/ﾍﾞｯﾄ.png	main/davL.png	KO	데이비드: 북방의 왕이 날 몰아붙이기 위해 정보를 흘렸다... 그렇다면 마왕과 암흑의 별을 알고 있는 것도 설명이 돼...
disk36	NO73	1640	34	スシャ－ナ「私、一度コ－ナ－に会ってみるわ。もし週刊誌ににでも載せられたら、これからのコンサ－トにも影響がでるし、相手の顔も知っておく必要があるからね」	disk36/ﾍﾞｯﾄ.png	main/linR.png	KO	수잔나: 저도 한 번 코너를 만나 볼게요. 그런 기사가 나가면 앞으로 공연에도 지장이 생길 테고, 상대 얼굴도 알아 둘 필요가 있으니까요.
disk36	NO73	1650	35	デビッド「ちくしょう！　ようやく悪夢から開放されたと思ったら、これからはフロオス王の亡霊の声につきまとわれそうだ。せっかくの休暇がとんでもない事になったよ」	disk36/ﾍﾞｯﾄ.png	main/davL.png	KO	데이비드: 젠장! 겨우 악몽에서 벗어났나 했더니, 이제는 플로스 왕에게 시달리게 생겼어. 모처럼의 휴가가 완전히 엉망이 되어버렸네.
disk36	NO73	1660	36	スシャ－ナ「今までのデビッドが見てた夢は、ただの悪夢だと思っていたけど、フロオス王の話を聞いて夢が現実のように思えてきたわ。私、北の王の事を調べてみるわ」	disk36/ﾍﾞｯﾄ.png	main/linR.png	KO	수잔나: 지금까지 데이비드가 꾸던 꿈은 단순한 악몽이라고 생각했지만, 플로스 왕의 이야기를 들으니 꿈이 현실처럼 느껴지기 시작했어요. 북방의 왕에 대해 조사해 볼게요.
disk36	NO73	1670	37	デビッドとスシャ－ナは、明け方近くまで話を続けた。翌日は昼過ぎにしか起きれなかった。	disk36/Dﾍﾔ.png	main/linR.png	KO	두 사람은 거의 새벽까지 이야기를 나눴기에, 결국 다음 날 오후가 되어서야 일어날 수 있었다.
disk36	NO73	1680	38	スシャ－ナが芸能フラッシュに電話をすると、運よくコ－ナ－がでて、あのアリスの店で会う約束がとれた。	disk36/Dﾍﾔ.png	main/linR.png	KO	수잔나가 연예 플래시에 전화를 걸자, 마침 코너가 받아서 카페 앨리스에서 만나기로 했다.
disk36	NO73	1690	39	デビッドとスシャ－ナがアリスの店に入ると、コ－ナ－は先に来て奥のテ－ブルに座っていた。	disk36/ｱﾘｽ.png	main/linR.png	KO	데이비드와 수잔나가 앨리스에 들어가자, 코너는 먼저 도착해 안쪽 테이블에 앉아 있었다.
disk36	NO73	1700	40	デビッドとスシャ－ナがコ－ナ－のテ－ブルに座ると、後から入って来たクラ－クとヴィンスが、デビッド達の近くのテ－ブルに座った。	disk36/ﾚｽﾄR.png	main/linR.png	KO	두 사람이 코너와 마주 앉은 직후, 뒤따라 들어온 클라크와 빈스도 가까운 테이블에 자리를 잡았다.
disk36	NO73	1710	41	店に客が少なかったので、クラ－ク達にとってデビッド達の会話を盗聴するのは困難なようだ。	disk36/ﾚｽﾄR.png	main/linR.png	KO	가게에 손님이 적었기 때문에 두 사람의 대화를 도청하는 것은 난관이었다.
disk36	NO73	2000	42	ヴィンス「所長、テ－ブルクロスが敷かれていて盗聴器を取り付ける事ができません。盗聴用の集音マイクで聞くしかないですね」	disk36/ﾚｽﾄR.png	main/ｳｲﾝｽ.png	KO	빈스: 소장님, 테이블보 때문에 도청기를 설치하기 어렵습니다. 집음 마이크로 듣는 수밖에 없겠는데요.
disk36	NO73	2010	43	クラ－ク「集音マイクか・・・雑音が入るから聞きとりにくいが仕方がないか・・・」	disk36/ﾚｽﾄR.png	main/ｸﾗｰｸ.png	KO	클라크: 집음 마이크라... 잡음이 많이 섞이겠지만 어쩔 수 없나...
disk36	NO73	2015	44	クラ－ク「それから君は見つからないように、あの男をカメラで撮ってくれ。俺はあいつをどこかで見た気がするんだが・・・探偵でもないし・・・誰だったかな？」	disk36/ﾚｽﾄR.png	main/ｸﾗｰｸ.png	KO	클라크: 그리고 자네, 들키지 않게 저 남자 사진도 찍어두게. 어디선가 본 얼굴인데... 탐정은 아니고... 누구였지?
disk36	NO73	2020	45	ヴィンス「スシャ－ナのテ－ブルが壁ぎわだから店内音楽が入って話が聞きとりにくくて・・・所長、あの男は芸能フラッシュの記者でコ－ナ－とか言ってますが・・・」	disk36/ﾚｽﾄR.png	main/ｳｲﾝｽ.png	KO	빈스: 수잔나의 테이블이 벽 쪽이라 가게 음악이 섞여 이야기가 잘 안 들려요... 소장님, 저 남자는 연예 플래시 기자로 코너라는 것 같습니다...
disk36	NO73	2030	46	クラ－ク「そうらしいが、思い出せないな・・・なに？　魔王？　デビッドが魔王に・・・デビッドの歌を聞くと観客が狂って殺人だと？・・・あの男は狂っているのか・・・？」	disk36/ﾚｽﾄR.png	main/ｸﾗｰｸ.png	KO	클라크: 그런 모양인데 도무지 기억이 안 나는군... 뭐? 마왕? 데이비드가 마왕이 된다고? 데이비드 노래를 들은 관객들이 미쳐서 살인을 저지른다고? 저 남자 제정신인가...?
disk36	NO73	2040	47	ヴィンス「その事を記事にするようでスシャ－ナが怒っていますが、あの男はマジに言ってるようですね。しかし有名人になるといろんな事が起きて大変ですね」	disk36/ﾚｽﾄR.png	main/ｳｲﾝｽ.png	KO	빈스: 그걸 기사로 쓰려는 모양이라 수잔나가 화가 난 모양인데, 저 기자는 진심으로 믿고 있는 것 같네요. 유명인이 되면 별별 일을 다 겪는군요.
disk36	NO73	2050	48	クラ－ク「スシャ－ナは情報を流した奴を聞きだそうとしているが、あの男は口を割らないな。しかしスシャ－ナはくだらぬ話なんか信じて、なぜあんなにしつこく聞くのか・・・？」	disk36/ﾚｽﾄR.png	main/ｸﾗｰｸ.png	KO	클라크: 수잔나가 제보자가 누군지 계속 캐묻고 있는데 절대 말하지 않는 모양이군. 그런데 수잔나는 그런 황당한 이야기를 왜 저렇게 진지하게 파고드는 거지...?
disk36	NO73	2060	49	ヴィンス「デビッドが魔王と言われたからでしょう。それも彼が夢の中で良く見るからそう言われだしたみたいですね。あの記者はきっと金が欲しいのですよ」	disk36/ﾚｽﾄR.png	main/ｳｲﾝｽ.png	KO	빈스: 데이비드가 마왕이라고 들었기 때문이겠죠. 데이비드가 그런 꿈을 자주 꾼다니까 거기에 맞춰 떠드는 것 같으니까 화가 난 것 같습니다. 아마 저 기자는 돈이 목적이겠죠.
disk36	NO73	2070	50	クラ－ク「スシャ－ナが、バックからテ－プレコ－ダ－を出したぞ。そのテ－プを証拠品として訴えると言ってるぜ。相手はたじたじになっている」	disk36/ﾚｽﾄR.png	main/ｸﾗｰｸ.png	KO	클라크: 수잔나가 가방에서 녹음기까지 꺼냈군. 녹음 내용을 증거로 고소하겠다고 하니까 완전 쩔쩔매는구만.
disk36	NO73	2080	51	ヴィンス「所長、感心している時ではありませんよ。スシャ－ナが怒ってデビッドと出ていきますよ」	disk36/ﾚｽﾄR.png	main/ｳｲﾝｽ.png	KO	빈스: 소장님, 감탄하고 있을 때가 아닙니다. 수잔나가 화가 나서 데이비드와 나가려고 합니다.
disk36	NO73	2090	52	クラ－ク「今日のスシャ－ナの動きは、たいした事がなさそうだから、君がスシャ－ナを追ってくれ。俺はあの男が気になるから調べてみる」	disk36/ﾚｽﾄR.png	main/ｸﾗｰｸ.png	KO	클라크: 오늘 수잔나는 더 이상 별 움직임이 없을 것 같으니, 자네가 그녀의 뒤를 밟게. 난 저 기자가 신경 쓰여서 조사해보겠네.
disk36	NO73	2100	53	ヴィンスはデビッド達の後を追って外に出た。クラ－クはゆっくり立ち上がると、勘定をすませて外に出て入口の近くでコ－ナ－が出てくるのを待っている。	disk36/ﾚｽﾄR.png	main/ｸﾗｰｸ.png	KO	빈스는 두 사람을 따라 밖으로 나갔다. 클라크는 천천히 자리에서 일어나 계산을 마친 뒤, 출입구 근처에서 코너가 나오기를 기다렸다.
disk36	NO73	10000	82	ＤＡＴＡをＳＡＶＥしますか？　Ｙ／Ｎ	disk36/ﾚｽﾄR.png	main/ｸﾗｰｸ.png	KO	
disk36	NO73	10040	88	ドライブ１に、ＳＡＶＥ・ディスクを入れて下さい。	disk36/ﾚｽﾄR.png	main/ｸﾗｰｸ.png	KO	
disk36	NO73	10070	90	ドライブ１のディスクが違います。	disk36/ﾚｽﾄR.png	main/ｸﾗｰｸ.png	KO	드라이브 1의 디스크가 다릅니다.
disk36	NO73	10110	91	ＳＡＶＥしました。ドライブ１のディスクに、ＭＡＩＮディスクを入れて下さい。	disk36/ﾚｽﾄR.png	main/ｸﾗｰｸ.png	KO	
disk36	NO73	10150	93	ドライブ１のディスクが違います。	disk36/ﾚｽﾄR.png	main/ｸﾗｰｸ.png	KO	드라이브 1의 디스크가 다릅니다.
disk36	NO74	900	0	デビッドが話す。	disk36/ﾚｽﾄR.png	main/ｸﾗｰｸ.png	KO	데이비드가 말한다.
disk36	NO74	900	1	スシャ－ナが話す。	disk36/ﾚｽﾄR.png	main/ｸﾗｰｸ.png	KO	수잔나가 말한다.
disk36	NO74	900	2	クラ－クが話す。	disk36/ﾚｽﾄR.png	main/ｸﾗｰｸ.png	KO	클라크가 말한다.
disk36	NO74	900	3	ヴィンスが話す。	disk36/ﾚｽﾄR.png	main/ｸﾗｰｸ.png	KO	빈스가 말한다.
disk36	NO74	900	4	コ－ナ－が話す。	disk36/ﾚｽﾄR.png	main/ｸﾗｰｸ.png	KO	코너가 말한다.
disk36	NO74	1000	5	その夜、デビッドのアパ－トにコ－ナ－から電話がかかった。	disk36/Dﾍﾔ.png	main/ｸﾗｰｸ.png	KO	그날 밤, 데이비드의 아파트로 코너에게서 전화가 걸려 왔다.
disk36	NO74	1010	6	電話の相手がコ－ナ－だと知ると、スシャ－ナがデビッドに代わって受話器をとつた。	disk36/Dﾍﾔ.png	main/ｸﾗｰｸ.png	KO	상대가 코너라는 것을 확인한 수잔나는 데이비드 대신 수화기를 들었다.
disk36	NO74	1030	7	コ－ナ－が話す。	disk36/Dﾍﾔ.png	main/ｸﾗｰｸ.png	KO	코너가 말한다.
disk36	NO74	1200	8	コ－ナ－「スシャ－ナさんですか、私はデビッドさんのフアンだから事前にあの話を確かめただけで、感謝されても、まさか訴えられるなんて思いませんでしたよ」	disk36/Dﾍﾔ.png	disk43/ｺｰﾅ.png	KO	코너: 수잔나 씨입니까? 저는 데이비드 씨의 팬이라서 미리 사실을 확인했을 뿐인데, 감사는 못 받을망정 설마 고소 협박을 당할 줄은 몰랐네요.
disk36	NO74	1210	9	コ－ナ－「あの後、あの方と相談したら、スシャ－ナさんとデビッドさんに直接会ってお話をしたいと言っています。どうしますか」	disk36/Dﾍﾔ.png	disk43/ｺｰﾅ.png	KO	코너: 그 뒤, 그분과 상의했더니 수잔나 씨와 데이비드 씨를 직접 만나 이야기하고 싶다고 합니다. 어떻게 하시겠습니까?
disk36	NO74	1220	10	スシャ－ナ「その方の名前と職業を言って頂けませんか、あんな話をまじめに言う方と会うのですから・・・」	disk36/Dﾍﾔ.png	main/linR.png	KO	수잔나: 그 사람의 이름과 직업부터 알려 주실 수 없나요? 그런 이야기를 진지하게 하는 사람을 만나러 가는 거잖아요...
disk36	NO74	1230	11	コ－ナ－「その方が貴方達と会った時に話すそうで、それまでは言えません。それに私も一緒に同行しますから心配するような事はありません」	disk36/Dﾍﾔ.png	disk43/ｺｰﾅ.png	KO	코너: 직접 만났을 때 본인이 밝히겠다고 하셔서 그전에는 말씀드릴 수 없습니다. 저도 함께할 테니 위험한 일은 없을 겁니다.
disk36	NO74	1240	12	スシャ－ナ「それで会う場所と時間は・・・」	disk36/Dﾍﾔ.png	main/linR.png	KO	수잔나: 그러면 만날 장소와 시간은...
disk36	NO74	1250	13	コ－ナ－「会う場所と時間はその日の朝に連絡するそうで、私が９時にそちらまで迎えに行った時にお伝えします。あの方は、とても忙しい方でその日にならないと無理なようで」	disk36/Dﾍﾔ.png	disk43/ｺｰﾅ.png	KO	코너: 장소와 시간은 당일 아침에 알려주겠답니다. 제가 9시에 그쪽으로 모시러 갈 때 말씀드리죠. 워낙 바쁜 분이라 당일이 돼 봐야 시간을 낼 수 있다고 합니다.
disk36	NO74	1260	14	スシャ－ナ「それは少し変だと思いません。私達に会いたいと言って場所も決めていないなんて・・・気味が悪いわ」	disk36/Dﾍﾔ.png	main/linR.png	KO	수잔나: 조금 이상하다고 생각하지 않나요? 우리를 만나고 싶다면서 장소조차 정하지 않았다니... 왠지 꺼림칙해요.
disk36	NO74	1270	15	コ－ナ－「私もそう思ったのですが、相手はそれで貴方達が来ないと言うのなら無理に会う必要がないからと言っていました。どうしますか」	disk36/Dﾍﾔ.png	disk43/ｺｰﾅ.png	KO	코너: 저도 그렇게 생각했습니다만, 그분은 그것 때문에 오지 않겠다면 굳이 만날 필요도 없다고 했습니다. 어떻게 하시겠습니까?
disk36	NO74	1280	16	スシャ－ナ「少し待って下さい。デビッドに相談してからでないと決められませんから・・・」	disk36/Dﾍﾔ.png	main/linR.png	KO	수잔나: 잠깐만 기다려 주세요. 데이비드와 상의해 보고 결정할게요...
disk36	NO74	1290	17	デビッドは魔王の事をはっきりさせたかったので、スシャ－ナに行くと返事をさせた。	disk36/Dﾍﾔ.png	main/linR.png	KO	데이비드는 마왕에 얽힌 일을 확실히 하고 싶다면서 수잔나에게 가겠다고 뜻을 전했다.
disk36	NO74	1300	18	スシャ－ナ「行く事にしたわ。でも変な真似をするようだったら本気で貴方達を訴えますから、そのつもりでいてください」	disk36/Dﾍﾔ.png	main/linR.png	KO	수잔나: 가겠습니다. 하지만 조금이라도 수상한 짓을 하면 정말 고소할 테니 명심하세요.
disk36	NO74	1310	19	受話器を置いたスシャ－ナは心配そうな顔をしている。	disk36/Dﾍﾔ.png	main/linR.png	KO	전화를 끊은 수잔나의 얼굴에는 불안한 기색이 역력했다.
disk36	NO74	1500	20	スシャ－ナ「もし相手が北の王の血を継ぐ者だったら、私達は仕掛けられたワナに入って行くのと同じよ。コ－ナ－の話も初めから仕組まれたワナだったりして・・・」	disk36/Dﾍﾔ.png	main/linR.png	KO	수잔나: 만약 그 사람이 북방의 왕의 피를 이은 자라면, 저희는 함정 속으로 걸어 들어가는 셈이에요. 코너의 이야기도 처음부터 꾸며낸 함정일지도 모르고...
disk36	NO74	1510	21	デビッド「スシャ－ナ、そこまで疑いだしたら何も聞きだせないよ。俺自身でも血を受け継がれているなんて思っていないんだから、北の王でもいきなり殺す事はしないよ」	disk36/Dﾍﾔ.png	main/davL.png	KO	데이비드: 수잔나, 모든 걸 의심하기 시작하면 아무것도 알아낼 수 없어. 나 자신도 계승자라는 게 실감이 되지 않는데, 북방의 왕이라 해도 갑자기 죽이려고 하지는 않을 거야.
disk36	NO74	1520	22	スシャ－ナ「でもフロオス王の話が・・・いまからでは拳銃も手に入らないし、武器になるのはナイフぐらいしかないわ」	disk36/Dﾍﾔ.png	main/linR.png	KO	수잔나: 하지만 플로스 왕의 경고가 있었는데... 지금 당장 총도 구할 수 없고, 무기가 될 만한 것은 칼밖에 없어요.
disk36	NO74	1530	23	デビッド「俺に魔王の血が本当に現れているのなら、危険が迫ればその力が守ってくれるよ。悪夢を見初めてから狂いもしないで今日まで来たんだ。何かに決着をつけないと」	disk36/Dﾍﾔ.png	main/davL.png	KO	데이비드: 정말 내 안에서 마왕의 힘이 깨어나고 있다면 위험할 때 그 힘이 날 지켜 주겠지. 악몽이 시작된 뒤에도 미치지 않고 여기까지 버텨왔어. 이제는 어떻게든 결판을 내야 해.
disk36	NO74	1540	24	スシャ－ナ「そうね。何か起これば、私が命に変えてもデビッドを守ってみせます」	disk36/Dﾍﾔ.png	main/linR.png	KO	수잔나: 그래요, 무슨 일이 생겨도 제가 목숨을 걸고 당신을 지킬 거예요.
disk36	NO74	1550	25	二人は相手が北の王の血を受け継いだ者だと決めつけて話をしていた。	disk36/Dﾍﾔ.png	main/linR.png	KO	두 사람은 상대가 북방의 왕의 피를 이어받은 자라고 단정 지은 채 이야기를 나눴다.
disk36	NO74	1560	26	翌朝、コ－ナ－が車で迎えに来たが、デビッド達は用心のために自分の車で行く事にした。	disk36/ｱﾊﾟﾄ.png	main/linR.png	KO	다음 날 아침, 코너가 차로 데리러 왔지만, 두 사람은 만일을 대비하기 위해 자신들의 차로 가기로 했다.
disk36	NO74	1570	27	コ－ナ－は、行く先がソ－ルズベリ－のレストラン・レッドライオンだと教えてくれた。	disk36/ｱﾊﾟﾄ.png	main/linR.png	KO	코너는 약속 장소가 솔즈베리에 있는 레스토랑 레드 라이온이라고 알려 주었다.
disk36	NO74	1580	28	車が出発しょうとした時、スシャ－ナはバッグを忘れたと言って、慌てて部屋に戻り、しばらくしてからバックを持ってデビッドの車に乗った。	disk36/ｱﾊﾟﾄ.png	main/linR.png	KO	막 출발하려는 순간, 수잔나가 가방을 두고 왔다며 황급히 방으로 돌아갔다. 잠시 후, 가방을 들고 다시 차에 올라탔다.
disk36	NO74	1590	29	二台の車はＭ３高速道路を通り途中から、Ａ３０の道路に降りてソ－ルズベリ－に向かって走っていた。	disk36/ｺｳｿｸ.png	main/linR.png	KO	두 대의 차는 M3 고속도로를 달리다가 중간에 A30으로 빠져 솔즈베리를 향했다.
disk36	NO74	1600	30	ソ－ルズベリ－には巨石が並ぶストンヘンジ遺跡があり、ロンドンからでも日帰り観光バスが出ている。	disk36/ｺｳｿｸ.png	main/linR.png	KO	솔즈베리에는 거대한 돌기둥들이 늘어선 스톤헨지가 있어 런던에서도 당일치기 관광버스가 운행되고 있었다.
disk36	NO74	1610	31	デビッド達の車は、昼過ぎにソ－ルズベリ－のレストラン・レッドライオンに着いた。	disk36/ﾗｲｵﾝ.png	main/linR.png	KO	두 사람은 오후가 지나 솔즈베리의 레스토랑 레드 라이온에 도착했다.
disk36	NO74	1620	32	コ－ナ－は店内を見回してから、すぐに電話をかけに行った。連絡の行き違いがあったのか、怒鳴るような大きな声で話しをしている。	disk36/ﾚｽﾄﾗ.png	disk43/ｺｰﾅ.png	KO	코너는 식당 안을 둘러보더니 곧장 전화를 걸러 갔다. 연락에 문제가 생긴 모양인지 전화기 너머로 언성을 높였다.
disk36	NO74	1630	33	電話を切ったコ－ナ－は、デビッド達の所に戻って来た。	disk36/ﾚｽﾄﾗ.png	disk43/ｺｰﾅ.png	KO	통화를 마친 코너가 두 사람에게 돌아왔다.
disk36	NO74	1800	34	コ－ナ－「あの方がここまで来られていると思ったのですが、家の方に電話を入れても出掛けられているそうで・・・昼も過ぎていますから、とりあえず食事をしながら待ちましょう」	disk36/ﾚｽﾄﾗ.png	disk43/ｺｰﾅ.png	KO	코너: 벌써 와 계실 줄 알았는데, 자택에 전화해 보니 이미 외출하셨답니다. 점심 때도 지났으니 우선 식사하면서 기다려 보죠.
disk36	NO74	1810	35	デビッド達は係りの者に案内されてテ－ブルについた。	disk36/ﾚｽﾄﾗ.png	disk43/ｺｰﾅ.png	KO	세 사람은 종업원의 안내를 받아 자리에 앉았다.
disk36	NO74	1820	36	コ－ナ－「用事があって遅れているのかも知れません。約束を破る方ではないので・・・」	disk36/ﾚｽﾄﾗ.png	disk43/ｺｰﾅ.png	KO	코너: 갑자기 일이 생겨 늦는 것뿐일 겁니다. 약속을 어길 분은 아니니까요...
disk36	NO74	1830	37	スシャ－ナ「相手の方ってどんな職業をなさっているの・・・話ではとても偉い方のようにみえて、昨夜も気になって寝られませんでしたわ」	disk36/ﾚｽﾄﾗ.png	main/linR.png	KO	수잔나: 대체 무슨 일을 하는 분인가요? 이야기만 들으면 상당히 높은 분인 것 같은데, 어젯밤에도 신경이 쓰여 잠을 못 잤어요.
disk36	NO74	1840	38	コ－ナ－「私は子供の時に両親を失って、その方の所で育てて頂いた恩義があるので、約束を破るわけにはいかないのです。名前の事はかんべんして下さい」	disk36/ﾚｽﾄﾗ.png	disk43/ｺｰﾅ.png	KO	코너: 그분에게 어릴 때 부모님을 잃은 저를 거둬 키워 주신 은혜가 있어서 약속을 어길 수가 없습니다. 더는 묻지 말아주십시오.
disk36	NO74	1850	39	コ－ナ－「私も今回の話はとても本当のこととは思えなくて、それでデビッドさんに確かめていただこうと手紙を書いたのです。まさかあの手紙で来て下さるとは・・・」	disk36/ﾚｽﾄﾗ.png	disk43/ｺｰﾅ.png	KO	코너: 저도 도저히 믿을 수가 없어서 직접 데이비드 씨에게 확인해 보려고 편지를 보낸 겁니다. 정말 그 편지를 보고 찾아오실 줄은 몰랐지만...
disk36	NO74	1860	40	コ－ナ－「デビッドさんが来た時は、あの方の話がほんものかと驚きましたよ。しかし魔王を夢でねえ・・・あの方の話が本当なら大変な事件ですよ」	disk36/ﾚｽﾄﾗ.png	disk43/ｺｰﾅ.png	KO	코너: 데이비드 씨가 나타났을 때는 그분 말이 진짜인가 싶어 놀랐습니다. 게다가 꿈속에서 마왕까지 본다니... 그분 이야기가 사실이라면 큰일이 아닙니까.
disk36	NO74	1870	41	スシャ－ナ「そんな、デビッドのコンサ－トはいくら荒れても怪我人がでないのは知っているでしょう。あの方の話とはまるで逆よ」	disk36/ﾚｽﾄﾗ.png	main/linR.png	KO	수잔나: 그럴 리가요. 데이비드의 공연은 아무리 격렬해져도 다친 사람이 없다는 걸 잘 알고 있잖아요. 그분 이야기는 사실과 정반대예요.
disk36	NO74	1880	42	コ－ナ－「私も芸能記者ですから知っていますよ。だから・・・考えてみると、私は大変な事に巻き込まれてしまったみたいで、記事にしなかっただけでも幸いでした」	disk36/ﾚｽﾄﾗ.png	disk43/ｺｰﾅ.png	KO	코너: 저도 연예 기자니까 잘 알고 있습니다. 그러고 보면... 저도 정말 골치 아픈 일에 휘말린 것 같습니다. 그나마 아직 기사로 쓰지 않은 게 다행이라고 할까요?
disk36	NO74	1890	43	３人が食事をしている時、コ－ナ－に電話が入った。	disk36/ﾚｽﾄﾗ.png	disk43/ｺｰﾅ.png	KO	세 사람이 식사를 하던 중, 코너를 찾는 전화가 걸려 왔다.
disk36	NO74	1900	44	しばらくしてコ－ナ－がテ－ブルに戻って来た。	disk36/ﾚｽﾄﾗ.png	disk43/ｺｰﾅ.png	KO	잠시 후, 코너가 자리로 돌아왔다.
disk36	NO74	1910	45	コ－ナ－「あの方の車が事故にあって、すぐには来られないと言っています。もし夜まで待ってもらえるのなら、こちらに来られるそうで、どうしましょうか」	disk36/ﾚｽﾄﾗ.png	disk43/ｺｰﾅ.png	KO	코너: 그분의 차가 사고를 당해서 바로 오기는 어렵답니다. 밤까지 기다려 주신다면 어떻게든 이쪽으로 오시겠다는데, 어떻게 하시겠습니까?
disk36	NO74	1920	46	デビッド「ここまで来たんだ。事故では仕方がないから夜まで待つよ。スシャ－ナ、今夜はここのホテルに泊まろう」	disk36/ﾚｽﾄﾗ.png	main/davL.png	KO	데이비드: 여기까지 왔잖아. 사고라면 어쩔 수 없으니 밤까지 기다리자. 수잔나, 오늘 밤은 여기 호텔에서 묵자.
disk36	NO74	1930	47	コ－ナ－はまた電話の所に行った。	disk36/ﾚｽﾄﾗ.png	main/davL.png	KO	코너는 다시 전화기 쪽으로 향했다.
disk36	NO74	1940	48	デビッドとスシャ－ナは小さなカテドラル・ホテルで部屋を取って、スト－ンヘンジの見物に出かけた。	disk36/ｸﾙﾏS.png	main/davL.png	KO	데이비드와 수잔나는 작은 캐서드럴 호텔에 방을 잡은 뒤, 스톤헨지를 구경하러 나갔다.
disk36	NO74	1950	49	コ－ナ－は連絡があるかもしれないので、ホテルのロビ－で待つと言っていた。	disk36/ｸﾙﾏS.png	main/davL.png	KO	코너는 연락이 올지도 모르기 때문에 호텔 로비에서 기다리겠다고 했다.
disk36	NO74	1960	50	ストンヘンジに着くと週末でなかったので観光客は少なかったが、かんじんな巨石群の中には監視員がいてはいれずデビッドをがっかりさせる。	disk36/ｽﾄﾋﾙ.png	main/davL.png	KO	스톤헨지에 도착했을 때는 평일이라 관광객은 적었지만, 정작 거석군 안에는 감시원이 있어 들어가지 못해 데이비드는 실망했다.
disk36	NO74	1980	51	しかし荒野の中の巨石群を見ていると、忙しかったツア－の事も忘れ、スシャ－ナと新婚旅行に来ているような気分でいられた。	disk36/ｽﾄﾋﾙ.png	main/davL.png	KO	그래도 황야 속의 거석군을 보고 있자니 정신없던 투어의 스트레스도 잊을 수 있었다. 마치 수잔나와 신혼여행을 온 듯한 기분이 들었다.
disk36	NO74	1990	52	陽が落ち始めた頃、荒野には観光客も監視員もいなくなっている。二人はホテルに戻る為に駐車場に向かった。	disk36/ｽﾄﾖﾙ.png	main/davL.png	KO	해가 저물기 시작하자, 황야에는 관광객도 감시원도 보이지 않았다. 두 사람은 호텔로 돌아가기 위해 주차장으로 향했다.
disk36	NO74	2000	53	デビッドが車のエンジンをかけようとしたが、バッテリ－があがつたのかセルモ－タ－が回らない。デビッドはボンネットを開けて中をのぞき寒気をおぼえた。	disk36/ﾎﾞﾝ.png	main/davL.png	KO	데이비드가 시동을 걸었지만, 배터리가 방전되었는지 걸리지 않았다. 데이비드는 보닛을 열고 안을 들여다보다 등골이 서늘해졌다.
disk36	NO74	2010	54	電気の配線コ－ドが、無茶苦茶に切られている。	disk36/ﾎﾞﾝ.png	main/davL.png	KO	전기 배선이 처참하게 잘려 있었다.
disk36	NO74	2020	55	デビッドとスシャ－ナは車の前でぼうぜんとして立ちすくんでしまった。	disk36/ﾎﾞﾝ.png	main/davL.png	KO	두 사람은 차 앞에서 할 말을 잃고 망연자실한 채 서 있었다.
disk36	NO74	3000	56	ＣＤ－ＲＯＭよりＤＡＴＡの読み込みを始めます。ＨＩＴ　ＡＮＹ　ＫＥＹ	disk36/ﾎﾞﾝ.png	main/davL.png	KO	CD-ROM에서 데이터 읽습니다. 아무 키나 눌러주세요.
disk36	NO74	3010	57	　　　　　　　　ＣＤ－ＲＯＭよりＤＡＴＡを読み込み中	disk36/ﾎﾞﾝ.png	main/davL.png	KO	데이터를 읽는 중...
disk36	NO74	10000	94	ＤＡＴＡをＳＡＶＥしますか？　Ｙ／Ｎ	disk36/ﾎﾞﾝ.png	main/davL.png	KO	
disk36	NO74	10040	100	ドライブ１に、ＳＡＶＥ・ディスクを入れて下さい。	disk36/ﾎﾞﾝ.png	main/davL.png	KO	
disk36	NO74	10070	102	ドライブ１のディスクが違います。	disk36/ﾎﾞﾝ.png	main/davL.png	KO	드라이브 1의 디스크가 다릅니다.
disk36	NO74	10110	103	ＳＡＶＥしました。ドライブ１のディスクに、ＭＡＩＮディスクを入れて下さい。	disk36/ﾎﾞﾝ.png	main/davL.png	KO	
disk36	NO74	10150	105	ドライブ１のディスクが違います。	disk36/ﾎﾞﾝ.png	main/davL.png	KO	드라이브 1의 디스크가 다릅니다.
disk37	NO75	900	0	デビッドが話す。			KO	데이비드가 말한다.
disk37	NO75	900	1	スシャ－ナが話す。			KO	수잔나가 말한다.
disk37	NO75	900	2	クラ－クが話す。			KO	클라크가 말한다.
disk37	NO75	900	3	ヴィンスが話す。			KO	빈스가 말한다.
disk37	NO75	900	4	コ－ナ－が話す。			KO	코너가 말한다.
disk37	NO75	1200	5	スシャ－ナ「やはりわなだったのよ！　小さな田舎町に足止めをさせて、スト－ンサ－クルに行くようにしむけたのは・・・きっと北の王のしわざよ！！」	disk37/ｽﾄｶｰ.png	main/linR.png	KO	수잔나: 역시 함정이었어요! 우리를 이 작은 마을에 붙잡아 두고 스톤 서클까지 오게 만든 게 틀림없어요... 분명히 북방의 왕이 꾸민 짓이에요!!
disk37	NO75	1210	6	デビッド「陽が落ちて暗くなってしまった。近くに家もないし、歩いてもどるには遠過ぎる。ちくしょう！　コ－ナ－の奴、だましやがったな！」	disk37/ｽﾄｶｰ.png	main/davL.png	KO	데이비드: 날도 완전히 어두워졌고, 근처엔 집도 없고 걸어서 돌아가기엔 너무 멀어. 젠장! 코너 자식, 우릴 속였구나!
disk37	NO75	1220	7	スシャ－ナ「ここにいたら危険だから、歩いてホテルにもどりましょう。途中で車に出会える筈よ」	disk37/ｽﾄｶｰ.png	main/linR.png	KO	수잔나: 여기 계속 있으면 위험해요. 일단 걸어서 호텔로 돌아가죠. 가다 보면 지나가는 차라도 있을 거예요.
disk37	NO75	1230	8	デビッドとスシャ－ナが歩こうとした時、遠くから車がライトもつけずに猛スピ－ドで近づいて来ている。	disk37/ｸﾙﾏS.png	main/linR.png	KO	두 사람이 막 걸음을 옮기려는 순간, 멀리서 헤드라이트도 켜지 않은 자동차 한 대가 엄청난 속도로 달려오고 있었다.
disk37	NO75	1240	9	スシャ－ナ「こんな時間に巨石を見に来る人などいるわけがないし、あの車には私達を殺そうとしている北の一族が乗っているのかも知れないわ！　デビッド、どうしょう！」	disk37/ｸﾙﾏS.png	main/linR.png	KO	수잔나: 이 시간에 스톤헨지를 보러 오는 사람이 있을 리 없어요. 저 차에 우리를 죽이러 온 북방 일족이 타고 있는 걸지도 몰라요! 데이비드, 어떡하죠!?
disk37	NO75	1250	10	デビッド「逃げても無駄かも知れないが、あの巨石の中にかくれよう！」	disk37/ｸﾙﾏS.png	main/davL.png	KO	데이비드: 지금 도망쳐 봐야 소용없어. 거석들 사이에 숨어 보자!
disk37	NO75	1260	11	二人はスト－ンサ－クルの巨石群の中に入って行った。	disk37/ｽﾄﾝC.png	main/davL.png	KO	두 사람은 급히 스톤 서클의 거석들 사이로 몸을 숨겼다.
disk37	NO75	1270	12	デビッド達が巨石の影に姿をかくした。車は道路と草原の切れ目で止まり、中から白い布を頭からかぶった４つの白い影が車から降りてきた。	disk37/ｶｰUP.png	main/davL.png	KO	두 사람이 거석 뒤에 숨자, 차는 도로가 끝나고 초원이 시작되는 지점에 멈춰 섰다. 그리고 머리에 흰 천을 뒤집어쓴 네 사람이 차에서 내렸다.
disk37	NO75	1280	13	４つの白い影は巨石に近づいて来た。デビッドもスシャ－ナも息をつめて見ている。	disk37/ｶｰUP.png	main/davL.png	KO	네 개의 흰 그림자는 거석에 가까이 다가왔다. 데이비드도 수잔나도 숨을 죽이고 그들을 지켜봤다.
disk37	NO75	1290	14	白い影の一人が巨石の輪に向かって叫んだ。	disk37/ｼﾛ.png	main/davL.png	KO	흰 그림자 중 한 명이 스톤 서클을 향해 소리쳤다.
disk37	NO75	1300	15	「デビッド！　我ら北の一族は、お前を魔王の血を受け継ぐ者だと決めた！　お前には納得できぬだろうが、我ら北の魔導師にはお前から流れる魔王の波動を感じているのだ！」	disk37/ｼﾛ.png	main/davL.png	KO	"""데이비드! 우리 북방 일족은 너를 마왕의 피를 이어받은 자라고 결론 내렸다! 너는 납득할 수 없겠지만, 우리 북방의 마도사들은 네게서 흘러나오는 마왕의 파동을 느낄 수 있다!"""
disk37	NO75	1310	16	「そこにいる暗黒の魔導師スシャ－ナに聞けば、お前が血を受け継ぐ者だと教えてもらえるだろうが、その時間もお前にはあるまい。あの世で詳しく聞くといい！」	disk37/ｼﾛ.png	main/davL.png	KO	"""네 곁에 있는 암흑의 마도사 수잔나에게 물어보면 네가 계승자라고 가르쳐 주겠지. 그러나 이제 네게 그럴 시간은 없다. 나머지는 저승에서 자세히 듣도록 해라!"""
disk37	NO75	1320	17	「スシャ－ナ、お前が連絡した暗黒の魔導師達は、ブリストルに入る前に始末した！　もうすぐ北の王がお前達の死を見届けにくるから、それまでの命だと思え！」	disk37/ｼﾛ.png	main/davL.png	KO	"""수잔나! 네가 불러들인 암흑의 마도사들은 브리스톨에 들어오기도 전에 전부 처리했다! 곧 북방의 왕께서 직접 너희의 죽음을 선사하러 오실 테니, 네 목숨도 이제 끝이다!"""
disk37	NO75	1330	18	いつの間にか白い影が一人になっている。デビッドが四方を見ると、左右と後ろに白い影が移動していた。	disk37/ｽﾄﾝB.png	main/davL.png	KO	어느새 흰 그림자가 하나만 남아 있었다. 데이비드가 주변을 살피자, 나머지 그림자들이 좌우와 뒤쪽으로 흩어졌다.
disk37	NO75	1600	19	スシャ－ナ「魔導の四方陣・・・デビッド、私達は巨石の輪の中に閉じ込められたわ！　輪の外に出ようとしても、北の魔導師達の呪文で出る事ができないわ！」	disk37/ｽﾄﾝB.png	main/linR.png	KO	수잔나: 마도의 사방진이에요... 데이비드, 우리는 스톤 서클에 갇혔어요! 원 밖으로 나가려 해도 북방의 마도사들의 주문 때문에 나갈 수 없어요!
disk37	NO75	1610	20	デビッド「やはりスシャ－ナは暗黒の魔導師だったのか？　なぜその事を言わなかったんだ！？」	disk37/ｽﾄﾝB.png	main/davL.png	KO	데이비드: 역시 당신도 암흑의 마도사였던 거야? 왜 지금까지 그걸 숨겼어!?
disk37	NO75	1620	21	スシャ－ナ「私もデビッドと同じ、魔王の血を守ためにフロオス王のスシャ－ナから引き継がれた血を受け継いでいるの。フロオス王が貴方なら、その時のスシャ－ナが私なの・・・」	disk37/ｽﾄﾝB.png	main/linR.png	KO	수잔나: 저도 당신과 같아요. 마왕의 피를 지키기 위해 플로스 왕 곁에 있던 수잔나의 피를 이어받았어요. 당신이 플로스 왕이라면 그때의 수잔나가 바로 저예요...
disk37	NO75	1630	22	スシャ－ナ「デビッドは、私以外の女性を愛せなかったでしょう？　私も小さい時から夢でデビッドを知り、愛し続けてきたの。母は私に魔導の力を教え、魔王の血の事を話して死んでいったわ」	disk37/ｽﾄﾝB.png	main/linR.png	KO	수잔나: 데이비드는 저 이외의 여자를 사랑할 수 없었죠? 저도 어릴 때부터 꿈속에서 당신을 봐 왔고, 줄곧 사랑해 왔어요. 어머니는 제게 마도의 힘을 가르쳐 주고, 마왕의 피에 대해 이야기를 들려준 뒤 돌아가셨어요.
disk37	NO75	1640	23	スシャ－ナ「だからデビッドを知った時から、北の王から守ろうと努力をしてきたのだけど、運命には逆らえなかったわ・・・」	disk37/ｽﾄﾝB.png	main/linR.png	KO	수잔나: 그래서 데이비드를 알게 된 순간부터 북방의 왕에게서 지키려고 노력해 왔는데 운명을 거스를 수 없나 봐요...
disk37	NO75	1650	24	デビッド「あの悪夢から守る薬もスシャ－ナが・・・」	disk37/ｽﾄﾝB.png	main/davL.png	KO	데이비드: 그 악몽을 막아준 약도 네가...
disk37	NO75	1660	25	スシャ－ナ「あの薬は暗黒の魔導師達が作ってくれたの。暗黒の魔導師の血を受け継いだ人は大勢いるけど、本当に力がある魔導師は僅かしかいないのよ」	disk37/ｽﾄﾝB.png	main/linR.png	KO	수잔나: 그 약은 암흑의 마도사들이 만들어 준 거예요. 암흑의 마도사의 피를 이어받은 사람은 많지만, 실제 마도의 힘을 가진 사람은 극소수뿐이에요.
disk37	NO75	1670	26	スシャ－ナ「北の王の力は私達、魔導師の力では倒す事はできないけど、デビッドの血がよみがえれば倒せる筈よ！」	disk37/ｽﾄﾝB.png	main/linR.png	KO	수잔나: 우리 마도사들의 힘만으로는 북방의 왕을 이길 수 없지만, 당신의 피가 완전히 깨어난다면 분명 쓰러뜨릴 수 있을 거예요!
disk37	NO75	1680	27	その時、遠くから車のエンジンの音が聞こえてきた。見るとヘッドライトの光が草原を照らしながら近づいてきた。	disk37/ﾗｲﾄS.png	main/linR.png	KO	그때, 멀리서 자동차의 엔진 소리가 들려왔다. 헤드라이트가 초원을 훑으며 가까워지고 있었다.
disk37	NO75	1690	28	正面にいた白い影が、車のライトを確認してデビッドに向かって叫んだ。	disk37/ｼﾛ.png	main/linR.png	KO	정면의 흰 그림자가 불빛을 확인하고, 데이비드를 향해 소리쳤다.
disk37	NO75	1700	29	「北の王は、お前達に呪いの呪文を使うと言っていた。その死の苦しみは想像を絶すると言われ、私も見るのが初めてだから、せい一杯苦しんで私達を楽しませてくれ」	disk37/ｼﾛ.png	main/linR.png	KO	"""북방의 왕께서 너희에게 저주의 주문을 사용할 거라고 했다. 그 고통은 상상을 초월한다더군. 나도 직접 보는 건 처음이니, 마음껏 몸부림치며 우리를 즐겁게 해 다오!"""
disk37	NO75	1710	30	車のライトが巨石に近づいて来た。北の魔導師達が乗ってきた車のそばに止まった。	disk37/ﾗｲﾄ.png	main/linR.png	KO	차의 불빛이 거석에 가까워졌다. 차는 북방의 마도사들이 타고 온 차 옆에 멈춰 섰다.
disk37	NO75	1720	31	車からは誰も降りてこない。様子を見ているようだ。	disk37/ﾗｲﾄ.png	main/linR.png	KO	차에서는 아무도 내리지 않았다. 안에서 상황을 살피는 듯했다.
disk37	NO75	1730	32	やがて車の助手席のドアが開き、男が降りた。車に近づこうとした白い影の北の魔導師が立ち止まり、二人は無言のまま向かい合っていた。	disk37/ｼﾛK.png	main/linR.png	KO	잠시 후 조수석 문이 열리고 한 남자가 내리자, 차 쪽으로 다가가던 흰 그림자는 걸음을 멈췄다. 두 사람은 아무 말 없이 서로를 노려봤다.
disk37	NO75	1740	33	北の魔導師「貴様は北の王ではない。暗黒の魔導師か・・・？」	disk37/ｼﾛK.png	main/linR.png	KO	북방의 마도사: 네놈은 북방의 왕이 아니구나. 암흑의 마도사인 것이냐...?
disk37	NO75	1750	34	車から降りた男は背広に手を入れて拳銃を抜きだし、北の魔導師に狙いをつける。	disk37/ｼﾛK.png	main/linR.png	KO	차에서 내린 남자는 양복 안쪽에서 권총을 꺼내 그대로 북방의 마도사를 겨눴다.
disk37	NO75	1760	35	スシャ－ナは車から降りた男の顔を見た。ライトの明かりで男の顔が良く見えた。	disk37/ｼﾛK.png	main/linR.png	KO	수잔나는 헤드라이트에 비친 남자의 얼굴을 확인했다.
disk37	NO75	1770	36	スシャ－ナ「あの男は、北の一族に雇われている探偵のクラ－クよ。運転をしてきたのは助手のヴィンスだわ。探偵と北の魔導師は、面識がないのか争っているようだわ」	disk37/ｼﾛK.png	main/linR.png	KO	수잔나: 저 남자는 북방 일족에게 고용된 탐정 클라크예요. 운전한 사람은 조수 빈스고요. 탐정과 북방의 마도사는 면식이 없는지 다투는 것 같아요.
disk37	NO75	1780	37	スシャ－ナ「デビッド、助かるかも知れない。北の魔導師達は探偵に気をとられて魔導の四方陣がとけているわ。デビッド、今きた車まで走って乗せてもらうの。行くわよ！」	disk37/ｼﾛK.png	main/linR.png	KO	수잔나: 데이비드, 지금이 기회예요! 북방의 마도사들이 저쪽에 정신이 팔려서 사방진이 풀렸어요. 저 차까지 뛰어가서 태워 달라고 해요, 빨리!
disk37	NO75	1790	38	スシャ－ナは、デビッドを押すようにして走りはじめた。左右にいた白い影が慌ててデビッド達を追いかけた。	disk37/ｽﾄﾝA.png	main/linR.png	KO	수잔나는 데이비드의 등을 떠밀며 달리기 시작했다. 좌우에 있던 흰 그림자들도 황급히 두 사람을 뒤쫓았다.
disk37	NO75	1800	39	クラ－クは、車のライトの照明に入ったデビッド達を見て、白い影に向かって拳銃の引き金を引いた。	disk37/ｳﾂ.png	main/linR.png	KO	클라크는 자동차 조명 속으로 뛰어든 두 사람을 보고 흰 그림자를 향해 방아쇠를 당겼다.
disk37	NO75	1810	40	４人の白い影が止まった。クラ－クは拳銃の狙いを白い影に向けている。	disk37/ｳﾂ.png	main/linR.png	KO	네 명의 북방 마도사들이 멈춰 섰다. 클라크는 계속 권총을 그들에게 겨눴다.
disk37	NO75	1820	41	草原の向こうからまた一台の車のライトが近づいてきた。	disk37/ｸﾙS1.png	main/linR.png	KO	초원 너머에서 또 다른 자동차 한 대의 라이트가 다가왔다.
disk37	NO75	1830	42	ヴィンスが後部のドアを開いて、デビッドとスシャ－ナを中にいれた。	disk37/ﾗｲﾄ.png	main/linR.png	KO	빈스가 뒷문을 열어 데이비드와 수잔나를 차에 태웠다.
disk37	NO75	1840	43	クラ－クは魔導師達の車のタイヤに拳銃を連射して、動き始めた車に飛び乗った。ヴィンスはエンジンを吹かして猛スピ－ドで車を走らせた。	disk37/ﾗｲﾄ.png	main/linR.png	KO	클라크는 마도사들의 차 타이어에 연달아 총을 쏜 뒤, 출발하는 차에 재빨리 올라탔다. 빈스는 엑셀을 세게 밟으며 전속력으로 차를 몰았다.
disk37	NO75	1850	44	前方から来た車と接触しそうになったが、そのままスト－ンサ－クルの巨石群から離れて行った。	disk37/ｶｰﾅｶ.png	main/linR.png	KO	정면에서 달려오던 차와 충돌할 뻔했지만, 그대로 스톤 서클에서 멀어져 갔다.
disk37	NO75	10000	88	ＤＡＴＡをＳＡＶＥしますか？　Ｙ／Ｎ	disk37/ｶｰﾅｶ.png	main/linR.png	KO	
disk37	NO75	10040	94	ドライブ１に、ＳＡＶＥ・ディスクを入れて下さい。	disk37/ｶｰﾅｶ.png	main/linR.png	KO	
disk37	NO75	10070	96	ドライブ１のディスクが違います。	disk37/ｶｰﾅｶ.png	main/linR.png	KO	드라이브 1의 디스크가 다릅니다.
disk37	NO75	10110	97	ＳＡＶＥしました。ドライブ１のディスクに、ＭＡＩＮディスクを入れて下さい。	disk37/ｶｰﾅｶ.png	main/linR.png	KO	
disk37	NO75	10150	99	ドライブ１のディスクが違います。	disk37/ｶｰﾅｶ.png	main/linR.png	KO	드라이브 1의 디스크가 다릅니다.
disk37	NO76	900	0	デビッドが話す。	disk37/ｶｰﾅｶ.png	main/linR.png	KO	데이비드가 말한다.
disk37	NO76	900	1	スシャ－ナが話す。	disk37/ｶｰﾅｶ.png	main/linR.png	KO	수잔나가 말한다.
disk37	NO76	900	2	クラ－クが話す。	disk37/ｶｰﾅｶ.png	main/linR.png	KO	클라크가 말한다.
disk37	NO76	900	3	ヴィンスが話す。	disk37/ｶｰﾅｶ.png	main/linR.png	KO	빈스가 말한다.
disk37	NO76	900	4	コ－ナ－が話す。	disk37/ｶｰﾅｶ.png	main/linR.png	KO	코너가 말한다.
disk37	NO76	2100	5	クラ－ク「スシャ－ナさん、あの布をかぶった連中は何者ですか？　白魔術の服装に似ていましたが・・・」	disk37/ﾖﾐﾁ.png	main/ｸﾗｰｸ.png	KO	클라크: 수잔나 씨, 아까 흰 천을 뒤집어쓴 자들은 대체 누굽니까? 백마도사들이 입는 복장처럼 보이던데...
disk37	NO76	2110	6	スシャ－ナ「危ない所を助けて頂いて、ありがとうございました。あの者達は北の魔術師で、もう少しで彼等に呪い殺される所でした」	disk37/ﾖﾐﾁ.png	main/linR.png	KO	수잔나: 위험한 순간에 구해 주셔서 감사합니다. 저들은 북방의 마도사들이에요. 조금만 늦었으면 저주에 걸려 죽었을 거예요.
disk37	NO76	2120	7	クラ－ク「北と暗黒の魔導師の戦いですか・・・すれちがった車も北の魔導師の車ですね。やはり暗黒の星が原因ですか？」	disk37/ﾖﾐﾁ.png	main/ｸﾗｰｸ.png	KO	클라크: 북방과 암흑의 마도사들의 싸움입니까... 아까 스쳐 지나간 차도 북방의 마도사들이 탄 차겠군요. 역시 암흑의 별 때문입니까?
disk37	NO76	2130	8	スシャ－ナ「貴方達は探偵ですから私達の事を調べて、ある程度知っていると思いますが、これ以上深入りをすると危険ですから手を引いてください。でも今度は本当に助かりました」	disk37/ﾖﾐﾁ.png	main/linR.png	KO	수잔나: 탐정이시니 우리에 대해 어느 정도 조사하셨겠지만, 더 깊이 파고들면 정말 위험하니 그만 손을 떼 주세요. 그래도 오늘은 정말 고마웠어요.
disk37	NO76	2140	9	クラ－ク「デビッドさんに魔王の血が受け継がれているのは本当なのですね。スシャ－ナさんが暗黒の魔導師なら、俺達の依頼人は北の者か・・・」	disk37/ﾖﾐﾁ.png	main/ｸﾗｰｸ.png	KO	클라크: 데이비드 씨가 마왕의 피를 이어받은 게 사실이었군요. 수잔나 씨가 암흑의 마도사라면 저희 의뢰인은 북방 쪽이겠고...
disk37	NO76	2150	10	クラ－ク「それから芸能記者のコ－ナ－ですが子供の時、両親に死に別れてストラトフォ－ドのセント・ラドフ教会の大司教に育てられていたようです」	disk37/ﾖﾐﾁ.png	main/ｸﾗｰｸ.png	KO	클라크: 그리고 연예 기자 코너 말입니다만, 어릴 때 부모를 잃고 스트랫퍼드의 세인트 라도프 교회 대주교에게 길러진 모양입니다.
disk37	NO76	2160	11	クラ－ク「俺はストラトフォ－ド生まれなので、コ－ナ－が教会の小使いをしているの思い出したのです。彼が言う恩人は大司教のメリ－ズかも知れませんよ」	disk37/ﾖﾐﾁ.png	main/ｸﾗｰｸ.png	KO	클라크: 제가 스트랫퍼드 출신인데 코너가 교회에서 잡일을 하던 것이 생각나더군요. 그가 말하던 은인이 아마 메리즈 대주교일 겁니다.
disk37	NO76	2170	12	デビッド「貴方達は探偵ですか？　スシャ－ナはどうして知っていたんだ？」	disk37/ﾖﾐﾁ.png	main/davL.png	KO	데이비드: 이 사람들이 탐정이라고? 수잔나는 그걸 어떻게 알고 있어?
disk37	NO76	2180	13	スシャ－ナ「クラ－クさん達は、ヨ－ロッパ・ツア－からずっと私達を調べていたのです。依頼人は北の一族に間違いありませんが、北の王はその頃から私達の事を薄々知っていたのね」	disk37/ﾖﾐﾁ.png	main/linR.png	KO	수잔나: 클라크 씨는 유럽 투어 때부터 계속 우리를 쫓아왔어요. 의뢰인이 북방 일족이 틀림없을 테니, 북방의 왕도 그때부터 우리에 대해 어렴풋이 알고 있었던 거겠죠.
disk37	NO76	2190	14	デビッド「北の王の探偵がなぜ俺達を助けに来てくれたのですか？」	disk37/ﾖﾐﾁ.png	main/davL.png	KO	데이비드: 북방 일족에 고용된 분들이 왜 우리를 구해 준 거죠?
disk37	NO76	2200	15	クラ－ク「偶然ですよ。貴方達を尾けてスト－ンサ－クルまで来たのですが、特に不審なこともなかったのでホテルに戻り休憩していたのです」	disk37/ﾖﾐﾁ.png	main/ｸﾗｰｸ.png	KO	클라크: 우연이었습니다. 당신들을 따라 스톤 서클까지 갔지만, 별다른 움직임이 없길래 호텔로 돌아가 쉬고 있었죠.
disk37	NO76	2210	16	クラ－ク「その後で、ホテルの前に車が止まり、３人の男が出てきてコ－ナ－と話していましたが、コ－ナ－は３人と一緒に車に乗って出かけたのです」	disk37/ﾖﾐﾁ.png	main/ｸﾗｰｸ.png	KO	클라크: 나중에 호텔 앞에 차 한 대가 서더니, 남자 셋이 내려 코너와 이야기를 하더군요. 잠시 후 코너도 그들과 함께 차를 타고 떠났습니다.
disk37	NO76	2230	17	クラ－ク「暗くなってもコ－ナ－や貴方達が戻らないので、てっきりまかれたと思いスト－ンサ－クルに来てみたら、白い布をかぶった人間に会って驚きましたよ」	disk37/ﾖﾐﾁ.png	main/ｸﾗｰｸ.png	KO	클라크: 날이 어두워져도 코너도 당신들도 돌아오지 않아서 흔적을 놓친 줄 알고, 스톤 서클에 와 봤더니 흰 천을 뒤집어쓴 사람들이 있어서 깜짝 놀랐습니다.
disk37	NO76	2240	18	クラ－ク「それに巨石の間から貴方達が逃げるように現れて来たので、これは事件だと思い、相手を拳銃で威嚇したのですよ」	disk37/ﾖﾐﾁ.png	main/ｸﾗｰｸ.png	KO	클라크: 게다가 거석 사이에서 당신들이 도망쳐 나오길래, 무슨 일이 벌어졌다고 판단해 그들을 권총으로 위협한 겁니다.
disk37	NO76	2250	19	ヴィンス「僕はデビッドさんの大ファンですから、巨石から走って来た姿を見てすぐにわかりましたよ。だからドアを開けて待っていたのです。まさか命を狙われていたとは知りませんでした」	disk37/ﾖﾐﾁ.png	main/ｳｲﾝｽ.png	KO	빈스: 전 데이비드 씨의 열렬한 팬이라 뛰어오는 모습만 보고도 바로 알아봤죠. 그래서 미리 뒷문을 열어 둔 겁니다. 설마 목숨이 노려지고 있는 상황인 줄은 몰랐지만요.
disk37	NO76	2260	20	デビッド「そうでしたか・・・貴方達が来てくれなかったら、今頃北の王の呪文で殺されていたでしょう。本当にありがとうございました」	disk37/ﾖﾐﾁ.png	main/davL.png	KO	데이비드: 그랬군요... 두 분이 오지 않았다면 지금쯤 북방의 왕의 주문에 죽었을 겁니다. 정말 감사합니다.
disk37	NO76	2270	21	デビッド「できましたら、どこかレンタ－・カ－のある所まで乗せて行って頂けませんか？　俺の車は壊されて動かせないのでお願いします」	disk37/ﾖﾐﾁ.png	main/davL.png	KO	데이비드: 죄송하지만, 렌터카를 빌릴 수 있는 곳까지만 태워 주실 수 있을까요? 제 차는 망가져서 움직일 수가 없습니다.
disk37	NO76	2280	22	クラ－ク「それより警察に行った方が安全ですよ。俺達が証人になってあげますから・・・」	disk37/ﾖﾐﾁ.png	main/ｸﾗｰｸ.png	KO	클라크: 그것보다 경찰에 가는 편이 낫지 않을까요? 저희가 증인이 되어 드릴 테니...
disk37	NO76	2290	23	スシャ－ナ「警察に行けば無理に引き止められ、かくまってくれるでしょう。しかし、北の王の呪いの呪文は離れた所からでも、居場所さえわかれば私達を殺す事ができるのです」	disk37/ﾖﾐﾁ.png	main/linR.png	KO	수잔나: 경찰에 가면 우리를 보호하려고 안전한 곳에 붙잡아 두겠죠. 하지만 북방의 왕의 저주의 주문은 어디에 있든 우리의 위치만 알면 죽일 수 있어요.
disk37	NO76	2300	24	スシャ－ナ「魔導の力の事を警察に言っても、信じて頂けないでしょう。だから北の王の気づかない所まで逃げるしか助かる道はないのです」	disk37/ﾖﾐﾁ.png	main/linR.png	KO	수잔나: 경찰한테 마도니 저주니 말해 봐야 믿어 주지도 않겠죠. 결국 북방의 왕이 찾지 못할 곳까지 도망치는 수밖에 없어요.
disk37	NO76	2310	25	クラ－ク「呪文で人を殺せるのですか？　俺でも信用しませんよ。どうも貴方達の話は神秘めいて、どこまで信用していいのか・・・いいでしょう。レンタ－・カ－の所まで行きましょう」	disk37/ﾖﾐﾁ.png	main/ｸﾗｰｸ.png	KO	클라크: 주문만으로 사람을 죽인다고요? 쉽게 믿기 힘든 이야기군요. 두 분 이야기는 갈수록 오컬트 같아서 어디까지 믿어야 할지... 좋아요, 렌터카 영업소까지 모셔다드리죠.
disk37	NO76	2320	26	魔王の事をある程度調べたクラ－ク達でさえ、呪文の事は信用する事ができないでいるようだ。	disk37/ﾖﾐﾁ.png	main/ｸﾗｰｸ.png	KO	마왕에 대해 어느 정도 파악한 탐정들조차 주문에 대한 이야기를 믿을 수 없는 듯했다.
disk37	NO76	2330	27	クラ－クの車はレンタ－・カ－のネオンの下で止まった。	disk37/Kﾚﾝﾀ.png	main/ｸﾗｰｸ.png	KO	클라크의 차는 렌터카 영업소의 네온사인 아래에 멈춰 섰다.
disk37	NO76	2340	28	クラ－ク「・・・ではここで。我々には魔導の事はよくわかりませんが、無事に逃げてください」	disk37/Kﾚﾝﾀ.png	main/ｸﾗｰｸ.png	KO	클라크: ...그럼, 여기서 헤어지죠. 저희는 마도의 일은 잘 모르지만, 무사히 피하시길 바랍니다.
disk37	NO76	2350	29	スシャ－ナ「今夜の事は北の王に知られたでしょう。私達を助けた事で、貴方達にも危険がないとはいえません。できるだけはやくイギリスから遠ざかった方が安全です」	disk37/Kﾚﾝﾀ.png	main/linR.png	KO	수잔나: 오늘 밤의 일은 북방의 왕에게 알려졌을 거예요. 저희를 도와준 이상 두 분의 안전도 장담할 수 없어요. 가능하면 빨리 영국을 떠나세요.
disk37	NO76	2360	30	クラ－ク「我々も今夜で貴方達の調査はやめます。危険を感じたらどこかに隠れていますから心配いりません。では・・・」	disk37/Kﾚﾝﾀ.png	main/ｸﾗｰｸ.png	KO	클라크: 저희도 오늘로 두 분의 조사를 그만둡니다. 위험해지면 알아서 몸을 숨길 테니 걱정하지 마십시오. 그럼 이만...
disk37	NO76	2370	31	クラ－ク達の車は走り去った。	disk37/ﾚﾝﾀｶ.png	main/ｸﾗｰｸ.png	KO	탐정들의 차가 어둠 속으로 사라졌다.
disk37	NO76	2380	32	デビッドは、レンタ－・カ－を借りてロンドンに向けて走った。	disk37/ﾐﾁ1.png	main/linR.png	KO	데이비드는 렌터카를 빌려 런던을 향해 달렸다.
disk37	NO76	2500	33	スシャ－ナ「北の一族はデビッドに照準を絞ったみたいだから、アパ－トに帰るのは危険だと思うの。だから、ハワ－ズの私の田舎に行かない？　そこには母の友達の魔導師達がいるからデビッドを守ってくれるわ」	disk37/ﾐﾁ1.png	main/linR.png	KO	수잔나: 북방 일족이 데이비드를 표적으로 정한 것 같으니 아파트로 돌아가는 건 위험해요. 그러니 하워스에 있는 제 고향으로 가요. 거기에는 어머니의 친구인 마도사들이 있으니 데이비드를 지켜 줄 거예요.
disk37	NO76	2510	34	デビッド「北の王がセント・ラドフ教会の大司教とわかった以上、逃げるのをやめて話し合った方がいいと思うんだが・・・」	disk37/ﾐﾁ1.png	main/davL.png	KO	데이비드: 북방의 왕이 세인트 라도프 교회의 대주교라는 것을 알게 된 이상, 도망치지 말고 대화를 해 보는 편이 낫지 않을까...
disk37	NO76	2520	35	スシャ－ナ「北の王は貴方を殺そうとしているのよ。いまさら話合っても・・・デビッドが戦うと言うのなら別だけど・・・田舎に行く？　それとも戦うの・・・？」	disk37/ﾐﾁ1.png	main/linR.png	KO	수잔나: 북방의 왕은 이미 당신을 죽이려고 했어요. 이제 와서 대화가 통할 리가 있을까요... 싸우겠다는 거라면 이야기가 다르겠지만... 하워스로 갈래요? 아니면 싸울 건가요?
disk37	NO76	2530	36	デビッドの車は、田舎へ行くハワーズへの道と、セント・ラドフ教会のあるストラトフォードへの別れ道に来た。	disk37/ﾜｶﾚ.png	main/linR.png	KO	얼마 후, 차는 하워스로 향하는 길과 세인트 라도프 교회가 있는 스트랫퍼드로 향하는 길이 갈라지는 갈림길에 도착했다.
disk37	NO76	2535	37	デビッドは思案した。田舎に行くか、セント・ラドフ教会に行くか・・・。	disk37/ﾜｶﾚ.png	main/linR.png	KO	"데이비드는 고민했다.
하워스로 갈 것인가, 세인트 라도프 교회로 갈 것인가..."
disk37	NO76	2540	38	スシャ－ナの田舎に逃げる。	disk37/ﾜｶﾚ.png	main/linR.png	KO	수잔나의 고향으로 피신한다.
disk37	NO76	2540	39	セント・ラドフ教会に行って戦う。	disk37/ﾜｶﾚ.png	main/linR.png	KO	세인트 라도프 교회로 가서 싸운다.
disk37	NO76	3000	40	ＣＤ－ＲＯＭよりＤＡＴＡの読み込みを始めます。ＨＩＴ　ＡＮＹ　ＫＥＹ	disk37/ﾜｶﾚ.png	main/linR.png	KO	CD-ROM에서 데이터 읽습니다. 아무 키나 눌러주세요.
disk37	NO76	3010	41	　　　　　　　　ＣＤ－ＲＯＭよりＤＡＴＡを読み込み中	disk37/ﾜｶﾚ.png	main/linR.png	KO	데이터를 읽는 중...
disk37	NO76	3060	43	ＣＤ－ＲＯＭよりＤＡＴＡの読み込みを始めます。ＨＩＴ　ＡＮＹ　ＫＥＹ	disk37/ﾜｶﾚ.png	main/linR.png	KO	CD-ROM에서 데이터 읽습니다. 아무 키나 눌러주세요.
disk37	NO76	3070	44	　　　　　　　　ＣＤ－ＲＯＭよりＤＡＴＡを読み込み中	disk37/ﾜｶﾚ.png	main/linR.png	KO	데이터를 읽는 중...
disk37	NO76	10000	68	ＤＡＴＡをＳＡＶＥしますか？　Ｙ／Ｎ	disk37/ﾜｶﾚ.png	main/linR.png	KO	
disk37	NO76	10040	74	ドライブ１に、ＳＡＶＥ・ディスクを入れて下さい。	disk37/ﾜｶﾚ.png	main/linR.png	KO	
disk37	NO76	10070	76	ドライブ１のディスクが違います。	disk37/ﾜｶﾚ.png	main/linR.png	KO	드라이브 1의 디스크가 다릅니다.
disk37	NO76	10110	77	ＳＡＶＥしました。ドライブ１のディスクに、ＭＡＩＮディスクを入れて下さい。	disk37/ﾜｶﾚ.png	main/linR.png	KO	
disk37	NO76	10150	79	ドライブ１のディスクが違います。	disk37/ﾜｶﾚ.png	main/linR.png	KO	드라이브 1의 디스크가 다릅니다.
disk38	NO77	900	0	デビッドが話す。			KO	데이비드가 말한다.
disk38	NO77	900	1	スシャ－ナが話す。			KO	수잔나가 말한다.
disk38	NO77	900	2	コ－ナ－が話す。			KO	코너가 말한다.
disk38	NO77	900	3	北の王が話す。			KO	북방의 왕이 말한다.
disk38	NO77	1000	4	デビッドは高速道路を通らずにＡ３４の道路を走り、オックスフオ－ドを通過して、ストラトフォ－ドに向かっていた。	disk38/ﾖﾐﾁ.png		KO	데이비드는 고속도로를 피한 채 A34 도로를 달려 옥스퍼드를 지나 스트랫퍼드로 향했다.
disk38	NO77	1010	5	深夜の道路は車が少なく、デビッドの右足はアクセルを強く踏み続けていた。	disk38/ﾖﾐﾁ.png		KO	심야의 도로에는 차가 거의 없었고, 데이비드는 액셀에서 좀처럼 발을 떼지 않았다.
disk38	NO77	1200	6	スシャ－ナ「ストラトフォ－ドに着いたら、エイボン川ぞいを走るの。セント・ラドフ教会がすぐに見えてくるわ」	disk38/ﾖﾐﾁ.png	main/linR.png	KO	수잔나: 스트랫퍼드에 도착해서 에이번강을 따라가면 곧 세인트 라도프 교회가 보일 거예요.
disk38	NO77	1210	7	デビッド「スシャ－ナ、俺は悪夢の中にいるようでこうして車を運転していても現実とは思えないんだ・・・」	disk38/ﾖﾐﾁ.png	main/davL.png	KO	데이비드: 수잔나, 난 지금 악몽 속에 있는 것 같아. 지금 이렇게 운전하고 있는데도 현실 같지 않아...
disk38	NO77	1220	8	スシャ－ナ「私も悪夢であって欲しいわ。北の一族があそこまで計画しているなんて・・・私は田舎で暗黒の魔導師を集めて、デビッドを守る計画を建てようとしてたの」	disk38/ﾖﾐﾁ.png	main/linR.png	KO	수잔나: 저도 전부 악몽이었으면 좋겠어요. 북방 일족이 이렇게까지 치밀하게 움직일 줄은 몰랐어요... 원래 고향으로 돌아가서 암흑의 마도사들을 모아 데이비드를 지킬 방법을 찾으려 했어요.
disk38	NO77	1230	9	デビッド「スシャ－ナは魔導師だろう。どんな力が使えるのか、教えてくれよ」	disk38/ﾖﾐﾁ.png	main/davL.png	KO	데이비드: 수잔나는 마도사잖아. 어떤 힘을 쓸 수 있는지 가르쳐줘.
disk38	NO77	1240	10	スシャ－ナ「北の王のような人を呪い殺せる力はないけど、いろんな薬がつくれるわ。それに呪文から守る力や催眠術みたいに人を操る力で、攻撃的な力はないの」	disk38/ﾖﾐﾁ.png	main/linR.png	KO	수잔나: 북방의 왕처럼 사람을 저주해서 죽일 수 없어요. 대신 여러 가지 약을 만들 수 있고, 주문을 막거나 최면술처럼 사람을 조종할 수 있지만 공격적인 능력은 거의 없어요.
disk38	NO77	1250	11	スシャ－ナ「フロオス王が言ったでしょう。北の一族の血を見る事で、魔王の力が現れると・・・私達が生きのびるには、デビッドに魔王の力が現れるのを待つしかないみたい・・・」	disk38/ﾖﾐﾁ.png	main/linR.png	KO	수잔나: 플로스 왕이 말했잖아요. 북방 일족의 피를 보면 당신 안의 마왕의 힘이 깨어난다고... 저희가 살아남으려면 결국 그 힘이 깨어나길 기다리는 수밖에 없는 것 같아요...
disk38	NO77	1260	12	デビッド「俺もそのつもりでストラトフォ－ドに来たんだ。いざとなった時、俺に人殺しができるかだな。今の俺ではその前に殺されてしまうかも知れないよ」	disk38/ﾖﾐﾁ.png	main/davL.png	KO	데이비드: 나도 그래서 스트랫퍼드로 가는 거야. 문제는 막상 그때가 왔을 때 내가 사람을 죽일 수 있느냐는 거겠지. 지금 상태라면 그 전에 내가 먼저 죽을지도 몰라.
disk38	NO77	1270	13	スシャ－ナ「私の魔導の力とデビッドに現れている魔王の力を合わせれば、武器に使えるかも知れないわ。もし、失敗してもデビッドと一緒に死ぬのだから、私には未練が残らないわ・・・」	disk38/ﾖﾐﾁ.png	main/linR.png	KO	수잔나: 제 마도의 힘과 당신에게 나타나기 시작한 마왕의 힘을 합치면 어떻게든 될 거예요. 설령 실패해도 당신과 함께 죽을 수 있다면 후회하지 않아요...
disk38	NO77	1280	14	デビッド「スシャ－ナ、俺達にはフロオス王が守ってくれているよ。もし探偵の車より先に、北の王の車が来ていたら死んでいた筈だ。あんな偶然は作らないがぎり無理だよ」	disk38/ﾖﾐﾁ.png	main/davL.png	KO	데이비드: 수잔나, 플로스 왕도 우리를 지켜 주는 것 같아. 탐정들보다 북방의 왕이 먼저 왔다면 우린 죽었겠지. 우연이라고 하기엔 너무 절묘해.
disk38	NO77	1290	15	車の前方にエイボン川が見えてきた。デビッドの車は右に川を見ながら上流へと走っている。	disk38/ｶﾜﾐﾁ.png	main/davL.png	KO	얼마 후, 앞쪽으로 에이번강이 보였다. 데이비드는 강을 오른편에 둔 채 상류 방향으로 차를 몰았다.
disk38	NO77	1300	16	しばらく走ると、セント・ラドフ教会が見えてきた。	disk38/ｷｮｳS.png	main/davL.png	KO	조금 더 달리자, 세인트 라도프 교회가 모습을 드러냈다.
disk38	NO77	1310	17	デビッド「歩いて行ける所まで車で行こう。その後は様子を見ながら近づくんだ。夜が明けると町の人に怪しまれて、大司教に知らされると大変だから急ごう」	disk38/ｷｮｳS.png	main/davL.png	KO	데이비드: 차로 갈 수 있는 데까지 최대한 가까이 가서 상황을 살피며 접근하자. 날이 밝으면 마을 사람들이 수상하게 여겨 대주교에게 알리면 큰일이니까 서둘러야 해.
disk38	NO77	1320	18	デビッドの車はセント・ラドフ教会の近くで止まった。	disk38/ｷｮｳｶ.png	main/davL.png	KO	차는 세인트 라도프 교회 근처에서 멈춰 섰다.
disk38	NO77	1330	19	ストラトフォ－ドは、もともと小さな町だ。その町から少し外れた所にあるセント・ラドフ教会の近くを歩いている人などいる筈がない。	disk38/ｷｮｳｶ.png	main/davL.png	KO	스트랫퍼드는 원래부터 작은 마을이었기에, 외곽 지역에 있는 교회 근처에는 인적이 드물 수밖에 없었다.
disk38	NO77	1340	20	時計の針が午前３時を示している。デビッドとスシャ－ナは車から降りて教会に向かった。	disk38/ｷｮｳｶ.png	main/davL.png	KO	시계 바늘이 오전 3시를 가리키고 있었다. 두 사람은 차에서 내려 교회로 향했다.
disk38	NO77	1350	21	二人は教会の前に来た。	disk38/ﾄﾞｱ1.png	main/davL.png	KO	두 사람은 교회 앞에 도착했다.
disk38	NO77	1500	22	スシャ－ナ「もし大司教が北の王なら、まだ戻ってないでしょう。教会の中を調べるのなら今がチャンスね。でも、北の者が北の王の帰りを待っているかも知れないわ」	disk38/ﾄﾞｱ1.png	main/linR.png	KO	수잔나: 정말 메리즈 대주교가 북방의 왕이라면 아직 돌아오지 않았을 거예요. 교회를 조사하려면 지금이 기회예요. 하지만 북방 일족이 안에서 기다리고 있을지도 몰라요.
disk38	NO77	1510	23	デビッド「いずれ北の王と戦う事になるのだから、教会の中を調べていれば役にたつかも知れない。もし北の者に見つかっても大勢でなければ戦う事もできるさ」	disk38/ﾄﾞｱ1.png	main/davL.png	KO	데이비드: 어차피 언젠가는 북방의 왕과 싸워야 해. 미리 교회 안을 조사해 두면 분명 도움이 될 거야. 설령 들켜도 상대가 많지만 않다면 어떻게든 싸울 수 있어.
disk38	NO77	1520	24	デビッドは正面の扉を押してみた。	disk38/ﾄﾞｱ1.png	main/davL.png	KO	데이비드는 정면의 문을 밀었다.
disk38	NO77	1530	25	扉は少し開き、カギはかかっていなかった。デビッドは思いきって扉を開けて中に入った。	disk38/ﾄﾞｱ1.png	main/davL.png	KO	문은 잠겨 있지 않아 쉽게 열렸다. 데이비드는 각오를 다지고 안으로 들어갔다.
disk38	NO77	1540	26	礼拝堂には小さな明かりがついている。突きあたりにドアが見える。	disk38/ﾅｶ.png	main/davL.png	KO	예배당 안에는 희미한 촛불만 켜져 있었다. 끝쪽에 문이 보였다.
disk38	NO77	1550	27	スシャ－ナ「もし北の王が大司教なら、北の魔導の祭壇があるわ。でもここは教会でしょう。人の目につく所に魔導の祭壇など飾れないから、地下にあると思うの」	disk38/ﾅｶ.png	main/linR.png	KO	수잔나: 메리즈 대주교가 정말 북방의 왕이라면 어딘가에 북방 마도의 제단이 있을 거예요. 여긴 교회라서 사람들 눈에 띄는 곳에 그런 걸 둘 수는 없을 테니, 아마 지하에 숨겨 놨을 거예요.
disk38	NO77	1560	28	デビッド達は、奥のドアを開けて中に入って行った。	disk38/ﾛｳｶA.png	main/linR.png	KO	두 사람은 예배당 안쪽의 문을 열고 더 깊숙이 들어갔다.
disk38	NO77	1600	29	通路には明かりがなく暗いのでデビッドは、ローソクを取りに礼拝堂に戻った。	disk38/ﾛｳｶA.png	main/linR.png	KO	통로에는 불빛이 없어 어두웠기 때문에 데이비드는 촛불을 가지러 예배당으로 돌아갔다.
disk38	NO77	1605	30	デビッドがロ－ソクに火をともして戻って来た。	disk38/ﾛｳｶA.png	main/davL.png	KO	잠시 후, 데이비드가 촛불에 불을 붙여 돌아왔다.
disk38	NO77	1610	31	デビッド「どこかに電気のスイッチがあるだろうが、電気がつくと怪しまれる。ロ－ソクの明かりの方が安全だ」	disk38/ﾛｳｶA.png	main/davL.png	KO	데이비드: 전등 스위치가 있겠지만, 불을 켜면 수상하게 여길 거야. 촛불이 더 안전해.
disk38	NO77	1620	32	廊下のつきあたりを左に曲がると右の壁にドアが見えた。廊下はまだ先に続いている。	disk38/ﾄﾞｱ2.png	main/davL.png	KO	복도 끝에서 왼쪽으로 꺾자, 오른쪽 벽에 문이 보였다. 복도는 아직 앞쪽으로 계속 이어지고 있었다.
disk38	NO77	1650	33	デビッドはドアを開けて中に入った。	disk38/ﾄﾞｱ2.png	main/davL.png	KO	데이비드는 그 문을 열고 안으로 들어갔다.
disk38	NO77	1800	34	スシャ－ナ「この部屋は事務室よ。書類が一杯だし、大司教の部屋ならもっと豪華なはずよ」	disk38/ｼﾞﾑ.png	main/linR.png	KO	수잔나: 여긴 그냥 사무실 같아요. 서류만 잔뜩 있고, 대주교의 방이라면 훨씬 화려할 거예요.
disk38	NO77	1810	35	デビッド「もしかして北の一族の名簿があるかも知れない。探してみるよ」	disk38/ｼﾞﾑ.png	main/davL.png	KO	데이비드: 혹시 북방 일족의 명단 같은 게 있을지도 몰라. 한 번 찾아보자.
disk38	NO77	1820	36	デビッドはロ－ソクの明かりで書類をめくりながら探していたが、それらしき物はなかった。	disk38/ｼﾞﾑ.png	main/davL.png	KO	데이비드는 촛불에 의지해 서류를 뒤졌지만, 원하는 것은 찾을 수 없었다.
disk38	NO77	1830	37	デビッド「落ち着いて探さないと無理だ。部屋を出よう」	disk38/ｼﾞﾑ.png	main/davL.png	KO	데이비드: 이렇게 급하게 찾아서는 안 될 것 같아. 일단 나가자.
disk38	NO77	1840	38	二人は廊下に出て先を急いだ。	disk38/ﾛｳｶA.png	main/davL.png	KO	두 사람은 복도로 나와 안쪽으로 걸음을 재촉했다.
disk38	NO77	1850	39	廊下は右に曲がっている。ロ－ソクの明かりでは、廊下のつきあたりまでは届かかず、奥は暗くて見えなかった。	disk38/ﾛｳｶB.png	main/davL.png	KO	복도는 다시 오른쪽으로 꺾여 있었다. 촛불이 복도 끝까지 닿지 않아 안쪽은 어두워 보이지 않았다.
disk38	NO77	1860	40	少し歩くと右の壁にまたドアがあり、最初のドアより豪華な模様で造られていた。廊下はまだ先に続いている。	disk38/ﾄﾞｱ3.png	main/davL.png	KO	조금 더 가자, 오른쪽 벽에 또 다른 문이 나타났다. 방금 문보다 화려하게 장식되어 있었다. 복도는 그 너머로도 계속 이어져 있었다.
disk38	NO77	1870	41	デビッド「スシャ－ナ、ここは大司教の部屋かも知れない。入って調べよう」	disk38/ﾄﾞｱ3.png	main/davL.png	KO	데이비드: 수잔나, 여기가 대주교의 방일지도 몰라. 들어가보자.
disk38	NO77	1880	42	スシャ－ナ「ドアの隙間から光がもれてるわ。誰かいるのかも知れないから気をつけて・・・」	disk38/ﾄﾞｱ3.png	main/linR.png	KO	수잔나: 문틈으로 빛이 새어 나와요. 누가 있을지도 모르니까 조심해요...
disk38	NO77	1890	43	デビッドは部屋の中の様子を調べるために、ドアのそばに近より神経を集中させた。	disk38/ﾄﾞｱ3.png	main/linR.png	KO	데이비드는 안쪽의 기척을 살피기 위해 문에 가까이 다가가 온 신경을 집중했다.
disk38	NO77	1900	44	デビッド「・・・人の気配を感じない。入ろう」	disk38/ﾄﾞｱ3.png	main/davL.png	KO	데이비드: ...아무도 없는 것 같아. 들어가자.
disk38	NO77	1910	45	デビッドはドアを開けた。	disk38/ﾄﾞｱ3.png	main/davL.png	KO	데이비드는 문을 열었다.
disk38	NO77	10000	79	ＤＡＴＡをＳＡＶＥしますか？　Ｙ／Ｎ	disk38/ﾄﾞｱ3.png	main/davL.png	KO	
disk38	NO77	10040	85	ドライブ１に、ＳＡＶＥ・ディスクを入れて下さい。	disk38/ﾄﾞｱ3.png	main/davL.png	KO	
disk38	NO77	10070	87	ドライブ１のディスクが違います。	disk38/ﾄﾞｱ3.png	main/davL.png	KO	드라이브 1의 디스크가 다릅니다.
disk38	NO77	10110	88	ＳＡＶＥしました。ドライブ１のディスクに、ＭＡＩＮディスクを入れて下さい。	disk38/ﾄﾞｱ3.png	main/davL.png	KO	
disk38	NO77	10150	90	ドライブ１のディスクが違います。	disk38/ﾄﾞｱ3.png	main/davL.png	KO	드라이브 1의 디스크가 다릅니다.
disk38	NO78	900	0	デビッドが話す。	disk38/ﾄﾞｱ3.png	main/davL.png	KO	데이비드가 말한다.
disk38	NO78	900	1	スシャ－ナが話す。	disk38/ﾄﾞｱ3.png	main/davL.png	KO	수잔나가 말한다.
disk38	NO78	1070	2	スシャ－ナ「すごく豪華な部屋ね。たぶん大司教の部屋のようだけど、誰もいないわね・・・」	disk38/ｷﾀﾍﾔ.png	main/linR.png	KO	수잔나: 정말 화려한 방이에요. 대주교의 방이 맞는 것 같은데, 아무도 없네요...
disk38	NO78	1080	3	デビッド「灯りがつけられたままだから、誰かがいたはずだ。礼拝堂から、ここまでは誰にも会っていないから、廊下の奥にまだ部屋があるのかも知れない」	disk38/ｷﾀﾍﾔ.png	main/davL.png	KO	데이비드: 불을 켜 둔 걸 보면 분명 누군가 있었어. 예배당에서 여기까지 오는 동안 아무도 못 봤으니, 복도 안쪽에 다른 방이 더 있을지도 몰라.
disk38	NO78	1090	4	スシャ－ナ「私、この部屋のどこかに隠しドアがあって、そこから地下に行けるような気がするの。この部屋からだと人目につかないでしょう？」	disk38/ｷﾀﾍﾔ.png	main/linR.png	KO	수잔나: 왠지 이 방 어딘가에 지하로 내려갈 수 있는 비밀문이 있을 것 같아요. 여기라면 남들 눈에 띄지 않잖아요?
disk38	NO78	1100	5	デビッド「確かにそうだが、この部屋にはそれらしい仕掛けがどこにも見あたらないよ」	disk38/ｷﾀﾍﾔ.png	main/davL.png	KO	데이비드: 확실히 그렇긴 한데 그런 장치가 전혀 안 보여.
disk38	NO78	1110	6	二人は部屋の中を探してみたが、そのような仕掛けは見つからなかった。	disk38/ｷﾀﾍﾔ.png	main/davL.png	KO	두 사람은 방 안을 살펴봤지만, 특별한 장치는 찾지 못했다.
disk38	NO78	1120	7	デビッド「スシャ－ナ、時間がないから部屋を出て先を調べよう」	disk38/ｷﾀﾍﾔ.png	main/davL.png	KO	데이비드: 수잔나, 시간이 없으니 방을 나가서 안쪽을 확인해 보자.
disk38	NO78	1130	8	二人は部屋を出て廊下を先に進んだ。	disk38/ﾛｳｶC.png	main/davL.png	KO	두 사람은 방을 나와 복도 안쪽으로 나아갔다.
disk38	NO78	1140	9	廊下を歩いて行くと、行き止まりの壁に扉があった。	disk38/ﾄﾞｱ4.png	main/davL.png	KO	복도 끝의 막다른 곳에 문 하나가 나타났다.
disk38	NO78	1240	10	スシャ－ナ「最後の扉よ。もし人がいるとしたら、ここに違いないから気をつけて・・・」	disk38/ﾄﾞｱ4.png	main/linR.png	KO	수잔나: 마지막 문이에요. 누군가 있다면 분명 여기에 있을 테니 조심해요...
disk38	NO78	1250	11	デビッドは扉に耳をあてて、向こうから音が聞こえないか調べている。	disk38/ﾄﾞｱ4.png	main/davL.png	KO	데이비드는 문에 귀를 바짝 대고 안쪽의 소리를 들었다.
disk38	NO78	1260	12	デビッド「大丈夫だ。扉の中には誰もいないようだ」	disk38/ﾄﾞｱ4.png	main/davL.png	KO	데이비드: 괜찮아, 안에는 아무도 없는 것 같아.
disk38	NO78	1270	13	デビッドは扉を静かに開けた。	disk38/ﾄﾞｱ4.png	main/davL.png	KO	데이비드는 문을 조용히 열었다.
disk38	NO78	1280	14	デビッド「階段だ。地下に降りる階段があったよ」	disk38/ﾄﾞｱ4.png	main/davL.png	KO	데이비드: 계단이야. 지하로 내려가는 계단이 있어.
disk38	NO78	1290	15	スシャ－ナ「真っ暗で人の気配がないみたいね」	disk38/ﾄﾞｱ4.png	main/linR.png	KO	수잔나: 너무 어둡고 아무 기척도 안 느껴져요.
disk38	NO78	1300	16	デビッドとスシャ－ナは、足もとをロ－ソクで照らしながら階段を降りて行った。	disk38/ﾄﾞｱ4.png	main/linR.png	KO	두 사람은 촛불로 발밑을 비추며 조심스럽게 계단을 내려갔다.
disk38	NO78	1310	17	スシャ－ナ「ここは地下の倉庫よ。祭壇を飾るような場所ではないわ」	disk38/ﾁｶ.png	main/linR.png	KO	수잔나: 그냥 지하 창고예요. 마도의 제단이 있을 만한 곳은 아닌 것 같아요.
disk38	NO78	1320	18	デビッド「残念だが、地下には祭壇などないようだ。もどろう」	disk38/ﾁｶ.png	main/davL.png	KO	데이비드: 아무래도 지하에는 제단 같은 건 없는 것 같아. 돌아가자.
disk38	NO78	1330	19	デビッドとスシャ－ナは階段を上がって、もとの廊下に戻った。	disk38/ﾛｳｶC.png	main/davL.png	KO	두 사람은 계단을 올라 다시 복도로 돌아왔다.
disk38	NO78	1460	20	スシャ－ナ「デビッド、この廊下には二階に上がる階段がなかったわね。礼拝堂のどこかに別のドアがあったのかしら？」	disk38/ﾛｳｶC.png	main/linR.png	KO	수잔나: 데이비드, 이 복도에는 2층으로 올라가는 계단이 없었어요. 예배당 어딘가에 다른 문이 있었던 걸까요?
disk38	NO78	1470	21	デビッド「気がつかなかったよ。それより俺はもう一度、大司教の部屋を調べてみたいんだ。きっと地下に降りる階段があるような気がするんだ」	disk38/ﾛｳｶC.png	main/davL.png	KO	데이비드: 놓친 게 있던 걸까? 그런데 난 대주교의 방이 계속 마음에 걸려. 그 방 어딘가에 지하로 통하는 길이 있을 것 같아.
disk38	NO78	1480	22	スシャ－ナ「私もよ。ここは教会でしょう。魔導師達が人に気づかれずに出入りするのには、大司教の部屋からが一番都合がいいはずよ」	disk38/ﾛｳｶC.png	main/linR.png	KO	수잔나: 저도 동감이에요. 여긴 교회니까 마도사들이 남들 눈에 띄지 않고 드나들려면 대주교의 방에 비밀 통로를 만드는 게 가장 자연스럽겠죠.
disk38	NO78	1490	23	二人は、もう一度、大司教の部屋に入って行った。	disk38/ｷﾀﾍﾔ.png	main/linR.png	KO	두 사람은 다시 대주교의 방으로 돌아갔다.
disk38	NO78	1500	24	スシャ－ナ「本棚に並んている本を取ってみない？　後ろになにか仕掛けがあるかも知れないわ」	disk38/ｷﾀﾍﾔ.png	main/linR.png	KO	수잔나: 책장에 꽂힌 책들을 빼 봐요. 뒤쪽에 뭔가 장치가 숨겨져 있을지도 몰라요.
disk38	NO78	1510	25	二人は本の後ろを調べてみたが何もなかった。	disk38/ｷﾀﾍﾔ.png	main/linR.png	KO	두 사람은 책 뒤쪽을 조사해 봤지만, 아무것도 없었다.
disk38	NO78	1520	26	スシャ－ナ「デビッド、見て！　本棚が動き出したわ！　誰かが、この部屋に入って来るのよ。どこかに隠れないと見つかってしまうわ！」	disk38/ｷﾀﾍﾔ.png	main/linR.png	KO	수잔나: 데이비드, 저기 봐요! 책장이 움직이고 있어요! 누군가 나오려고 해요. 빨리 숨지 않으면 들킬 거예요!
disk38	NO78	1530	27	デビッド「机の下だ！　急げスシャ－ナ！」	disk38/ｷﾀﾍﾔ.png	main/davL.png	KO	데이비드: 책상 밑으로! 서둘러, 수잔나!
disk38	NO78	1540	28	二人は大司教が使う大きな机の下に隠れた。	disk38/ｷﾀﾍﾔ.png	main/davL.png	KO	두 사람은 급히 대주교의 커다란 책상 밑으로 몸을 숨겼다.
disk38	NO78	1550	29	本棚は横にスライドしながら動いている。その後ろに廊下が見えてきた。本棚は人が通れるくらい開くと、そこで止まった。	disk38/ｷﾀﾍﾔ.png	main/davL.png	KO	책장이 옆으로 미끄러지면서 열리자, 그 뒤에서 비밀 통로가 모습을 드러냈다. 사람 한 명이 충분히 지나갈 만큼 열린 뒤 움직임이 멈췄다.
disk38	NO78	1560	30	中から７０才ぐらいの老人が現れ、部屋の壁に指をあてると、本棚が入口を隠すように閉じた。	disk38/ｷﾀﾍﾔ.png	main/davL.png	KO	안에서 일흔 살 정도의 노인이 나와서 벽에 손가락을 누르자, 책장이 입구를 완전히 가렸다.
disk38	NO78	1570	31	老人は部屋の外に出ると、天井の照明にスイッチを入れたのか、廊下が明るくなった。老人が部屋のドアを閉めた後、足音が遠ざかっていった。	disk38/ｷﾀﾍﾔ.png	main/davL.png	KO	노인이 방 밖으로 나가자 스위치를 켰는지 복도의 천장 조명이 켜졌다. 잠시 후, 문이 닫히고 그의 발소리도 점점 멀어져갔다.
disk38	NO78	1580	32	息を殺していた二人は、机の下から出ると老人が指で押していた壁に近づいた。	disk38/ｷﾀﾍﾔ.png	main/davL.png	KO	숨을 죽이고 있던 두 사람은 책상 밑에서 나와 노인이 손가락으로 눌렀던 벽 쪽으로 다가갔다.
disk38	NO78	1590	33	デビッド「壁にスイッチを埋めこんでいたのか・・・スシャ－ナ、地下を調べに行こう。きっと魔導の祭壇がある筈だ」	disk38/ｷﾀﾍﾔ.png	main/davL.png	KO	데이비드: 벽 속에 스위치를 숨겨 놨던 건가... 수잔나, 지하를 조사해 보자. 분명 마도의 제단이 있을 거야.
disk38	NO78	1600	34	スシャ－ナ「ええ、北の祭壇を見れば魔導の力がどの程度のものかわかるかも知れないわ。行きましょう」	disk38/ｷﾀﾍﾔ.png	main/linR.png	KO	수잔나: 네, 북방의 제단을 보면 마도의 권능이 어느 수준인지 알아낼 수 있을 거예요. 어서 가죠.
disk38	NO78	1610	35	デビッドは壁をなでるようにスイッチを探した。本棚が僅かな音をたてて開きはじめた。	disk38/ｷﾀﾍﾔ.png	main/linR.png	KO	데이비드는 벽을 더듬으며 숨겨진 스위치를 찾았다. 책장이 작은 소리를 내며 열리기 시작했다.
disk38	NO78	1620	36	二人は中に入った。	disk38/ｷﾀﾍﾔ.png	main/linR.png	KO	두 사람은 안으로 들어갔다.
disk38	NO78	1630	37	スシャ－ナ「やはり地下に降りる階段があったわね」	disk38/ｷﾀﾍﾔ.png	main/linR.png	KO	수잔나: 역시 지하로 내려가는 계단이 있었네요.
disk38	NO78	1640	38	デビッド「本棚を閉じるスイッチがどこにあるのかわからないよ。でも、急いで調べて戻れば見つからないな」	disk38/ｷﾀﾍﾔ.png	main/linR.png	KO	데이비드: 책장을 닫는 스위치가 어디 있는지 모르겠지만, 서둘러 조사하고 돌아오면 들키지 않을 거야.
disk38	NO78	1650	39	二人は階段を降りた。	disk38/ｷﾀﾍﾔ.png	main/linR.png	KO	두 사람은 계단을 내려갔다.
disk38	NO78	1660	40	地下はフロアになっていて、奥にドアが見える。	disk38/ﾁｶﾄｱ.png	main/linR.png	KO	계단 아래에는 넓은 지하 공간이 펼쳐져 있었고, 그 안쪽에 문 하나가 보였다.
disk38	NO78	1670	41	デビッドはドアを開けて中に入った。	disk38/ﾁｶﾄｱ.png	main/linR.png	KO	데이비드는 문을 열고 안으로 들어갔다.
disk38	NO78	3000	42	ＣＤ－ＲＯＭよりＤＡＴＡの読み込みを始めます。ＨＩＴ　ＡＮＹ　ＫＥＹ	disk38/ﾁｶﾄｱ.png	main/linR.png	KO	CD-ROM에서 데이터 읽습니다. 아무 키나 눌러주세요.
disk38	NO78	3010	43	　　　　　　　　ＣＤ－ＲＯＭよりＤＡＴＡを読み込み中	disk38/ﾁｶﾄｱ.png	main/linR.png	KO	데이터를 읽는 중...
disk38	NO78	10000	71	ＤＡＴＡをＳＡＶＥしますか？　Ｙ／Ｎ	disk38/ﾁｶﾄｱ.png	main/linR.png	KO	
disk38	NO78	10040	77	ドライブ１に、ＳＡＶＥ・ディスクを入れて下さい。	disk38/ﾁｶﾄｱ.png	main/linR.png	KO	
disk38	NO78	10070	79	ドライブ１のディスクが違います。	disk38/ﾁｶﾄｱ.png	main/linR.png	KO	드라이브 1의 디스크가 다릅니다.
disk38	NO78	10110	80	ＳＡＶＥしました。ドライブ１のディスクに、ＭＡＩＮディスクを入れて下さい。	disk38/ﾁｶﾄｱ.png	main/linR.png	KO	
disk38	NO78	10150	82	ドライブ１のディスクが違います。	disk38/ﾁｶﾄｱ.png	main/linR.png	KO	드라이브 1의 디스크가 다릅니다.
disk39	NO79	900	0	デビッドが話す。			KO	데이비드가 말한다.
disk39	NO79	900	1	スシャ－ナが話す。			KO	수잔나가 말한다.
disk39	NO79	900	2	北の王が話す。			KO	북방의 왕이 말한다.
disk39	NO79	900	3	コ－ナ－が話す。			KO	코너가 말한다.
disk39	NO79	1000	4	デビッド「うわぁ！！」	disk39/ｸﾙｼﾑ.png		KO	데이비드: 으아악!!
disk39	NO79	1010	5	デビッドは胸を押さえて、床にしゃがみこんでしまった。	disk39/ｸﾙｼﾑ.png		KO	데이비드는 가슴을 움켜쥐고, 바닥에 주저앉았다.
disk39	NO79	1020	6	デビッド「心臓が！・・・胸に刃物を突き刺されたみたいだ！！」	disk39/ｸﾙｼﾑ.png		KO	데이비드: 가슴이...! 심장에 칼이 꽂힌 것 같아!!
disk39	NO79	1200	7	スシャ－ナ「デビッド！　大丈夫！？」	disk39/ｸﾙｼﾑ.png		KO	수잔나: 데이비드! 괜찮아요!?
disk39	NO79	1210	8	スシャ－ナはデビッドの胸を見ると、シャツから血が流れてはいるが、刃物など刺さっていなかった。	disk39/ｸﾙｼﾑ.png		KO	수잔나가 그의 가슴을 살폈다. 셔츠는 피로 젖어 가고 있었지만, 어디에도 칼은 보이지 않았다.
disk39	NO79	1220	9	スシャ－ナ「北の呪文・・・デビッド！　我慢していて！！」	disk39/ｸﾙｼﾑ.png		KO	수잔나: 북방의 저주... 데이비드! 조금만 참아줘요!!
disk39	NO79	1230	10	デビッド「スシャ－ナ、目がかすんできたよ・・・俺はもう駄目だ。スシャ－ナ、俺にかまわず逃げてくれ・・・！」	disk39/ｸﾙｼﾑ.png		KO	데이비드: 수잔나, 눈앞이 흐려져... 난 이미 틀렸어. 나 신경 쓰지 말고 어서 도망쳐...!
disk39	NO79	1240	11	スシャ－ナ「変だわ・・・呪文を返そうとしても呪文を感じないの・・・」	disk39/ｸﾙｼﾑ.png		KO	수잔나: 이상해... 저주를 되돌리려고 해도 저주 자체가 느껴지지 않아...
disk39	NO79	1250	12	スシャ－ナは部屋の中を見回した。四方の壁には祭壇のようなものはなかった。	disk39/ｸﾙｼﾑ.png		KO	수잔나는 방 안을 둘러봤다. 주위 어디에도 마도의 제단 같은 것은 보이지 않았다.
disk39	NO79	1260	13	中央のテ－ブルに短剣が刺されている。	disk39/ｼｬｼﾝ.png		KO	방 한가운데의 테이블에 단검 하나가 꽂혀 있었다.
disk39	NO79	1270	14	スシャ－ナ「魔導の写し身の呪い！？・・・デビッド！　いま助けるから！！」	disk39/ｼｬｼﾝ.png		KO	수잔나: 대리체를 이용한 저주!? ...데이비드, 지금 구해 줄게요!!
disk39	NO79	1280	15	スシャ－ナは、短剣を必死になってテ－ブルから抜こうとしているが、短剣はテ－ブルにくいこんで、スシャ－ナの力では簡単に抜けそうになかった。	disk39/ﾅｲﾌ.png		KO	수잔나는 필사적으로 단검을 테이블에서 뽑으려 했지만, 단검은 테이블에 깊이 박혀 있어 아무리 힘을 줘도 쉽게 빠지지 않았다.
disk39	NO79	1290	16	テ－ブルを見ると、短剣はデビッドの写真の心臓にテ－ブルごと刺されている。	disk39/ﾅｲﾌ.png		KO	자세히 보니, 단검은 데이비드의 사진에서 심장 부분을 관통한 채 테이블에 박혀 있었다.
disk39	NO79	1300	17	スシャ－ナが短剣を動かすたびに、デビッドがもがき苦しむのでスシャ－ナは力を入れる事ができなかった。	disk39/ﾅｲﾌ.png		KO	수잔나가 단검을 움직일 때마다 데이비드가 몸부림치며 괴로워했기 때문에 그녀는 제대로 힘을 줄 수 없었다.
disk39	NO79	1310	18	デビッドから流れる血が床を汚しはじめた時、デビッドは死んだように動かなくなってしまった。	disk39/Dｼﾇ.png		KO	데이비드의 피가 바닥을 붉게 물들이기 시작했을 때, 그는 죽은 사람처럼 미동조차 하지 않았다.
disk39	NO79	1320	19	それを見届けるように入口から数人の男達が入って来た。その中にはあの芸能記者のコ－ナ－もいた。	disk39/Dｼﾇ.png		KO	그 순간을 기다리고 있었다는 듯 입구에서 여러 남자가 모습을 드러냈다. 그들 사이에는 기자 코너도 있었다.
disk39	NO79	1600	20	男「私が大司教のメリ－ズだ。魔導師達は、私の事を北の王と呼んでいるようだ」	disk39/ﾌﾀﾘ.png		KO	남자: 내가 메리즈 대주교다. 마도사들 사이에서는 나를 북방의 왕이라 부르지.
disk39	NO79	1610	21	北の王「デビッドが魔王の血を受け継ぐ者とわかった以上、殺さねばならなかったのだ。残るはスシャ－ナだけだが・・・」	disk39/ﾌﾀﾘ.png		KO	북방의 왕: 데이비드가 마왕의 계승자라는 사실을 안 이상 죽일 수밖에 없었다. 이제 남은 것은 수잔나, 너뿐이다...
disk39	NO79	1620	22	北の王「お前が妊娠している事を私は知っている。だから死んでもらうしかないのだ」	disk39/ﾌﾀﾘ.png		KO	북방의 왕: 네가 아이를 가진 것도 알고 있다. 그러니 너 역시 여기서 죽어줘야겠다.
disk39	NO79	1630	23	スシャ－ナ「やはり貴方が北の王・・・なぜ私達がここに来るとわかったのですか？」	disk39/ﾌﾀﾘ.png		KO	수잔나: 역시 당신이 북방의 왕이었군요... 어떻게 저희가 여기 올 거라는 걸 알았죠?
disk39	NO79	1640	24	コ－ナ－「メリ－ズ様から聞くと、あの車の男達は私達が雇った探偵だそうですね。それもメリ－ズ様を良く知っている方とか。私も言われてみれば記憶にあった人でした」	disk39/ﾌﾀﾘ.png		KO	코너: 메리즈 님께서 말씀하기론 그때 그 차에 탄 사람들은 우리가 고용했던 탐정들이라더군요. 게다가 메리즈 님과도 안면이 있는 사람들이었고. 저 역시 그 이야기를 듣고 나니 낯익은 얼굴이라는 게 생각났습니다.
disk39	NO79	1650	25	コ－ナ－「その男なら、私達の事を貴方達に話すだろうと思って、教会に電話を入れて貴方達を待っていたのですよ。この部屋のドアが開くと呪いがかかるようにね」	disk39/ﾌﾀﾘ.png		KO	코너: 그 탐정이라면 분명 우리 정보를 흘릴 거라고 예상이 되어 교회에 연락해 기다리고 있었습니다. 이 방의 문이 열리면 저주가 발동되도록 준비를 마친 채로.
disk39	NO79	1660	26	北の王「スシャ－ナ、お前達二人が死ぬ事で魔王の血は断たれ、静かな世を迎える事になるのだ。この戦いには正義も悪もない。あるのは復讐の念だけだった」	disk39/ﾌﾀﾘ.png		KO	북방의 왕: 수잔나, 너희 둘이 죽으면 마왕의 피는 끊어지고, 세상도 다시 평온해진다. 이 싸움에 선과 악 따위는 없다. 오직 고대로부터 이어져 온 복수심만 존재할 뿐이다.
disk39	NO79	1670	27	北の王「私はお前を殺さなければならないが、私も神につかえる者。デビッドとスシャ－ナを天国で楽しく暮らせるように祈りながら送ってしんぜよう」	disk39/ﾌﾀﾘ.png		KO	북방의 왕: 나는 너를 죽이지 않으면 안 되지만, 나 또한 신을 섬기는 몸. 데이비드와 함께 천국에서 평안히 지낼 수 있도록 기도하며 보내 주마.
disk39	NO79	1680	28	北の王「コ－ナ－、今となってはスシャ－ナに呪いの呪文を使うには可愛そうだ。お前の短剣で神のもとに送りなさい」	disk39/ﾌﾀﾘ.png		KO	북방의 왕: 코너, 수잔나에게까지 끔찍한 저주를 쓰는 것은 너무 가엾구나. 네 단검으로 신의 곁에 보내 주거라.
disk39	NO79	1690	29	コ－ナ－「私達は後学のため、呪いの呪文を見たかったのですが・・・メリ－ズ様がそうおっしゃるのなら諦めましょう」	disk39/ﾌﾀﾘ.png		KO	코너: 훗날의 공부 삼아 저주의 주문을 직접 보고 싶었습니다만... 메리즈 님의 뜻이 그러시다면 따르겠습니다.
disk39	NO79	1700	30	コ－ナ－は短剣を取り出し、スシャ－ナに近づいた。	disk39/ﾌﾀﾘ.png		KO	코너는 단검을 꺼내 들고 수잔나에게 다가갔다.
disk39	NO79	1710	31	コ－ナ－「スシャ－ナ、悪いがこれもあの方の命令だ。私があの方の言葉を断れないないのは知っているだろう。私を怨まないでくれよ」	disk39/ﾌﾀﾘ.png		KO	코너: 수잔나, 미안하지만 이것도 메리즈 님의 명령이다. 내가 그분의 말을 거역할 수 없다는 건 잘 알고 있겠지. 나를 원망하지 마라.
disk39	NO79	1720	32	コ－ナ－がスシャ－ナに短剣を振るった瞬間、スシャ－ナはテ－ブルの短剣を一気に抜いてコ－ナ－に身体ごと飛びこんだ。	disk39/Rﾅｲﾌ.png		KO	코너가 칼을 휘두르는 순간, 수잔나는 테이블에 박힌 단검을 단숨에 뽑아 코너에게 온몸으로 던졌다.
disk39	NO79	1730	33	コ－ナ－の短剣がスシャ－ナに、スシャ－ナの短剣がコ－ナ－に、互いの心臓に突き刺さっていた。	disk39/Rﾅｲﾌ.png		KO	코너의 단검은 수잔나의 심장에, 수잔나의 단검은 코너의 심장에 박혔다.
disk39	NO79	1740	34	二人の体がデビッドのそばの床に倒れ、血が床に流れた。	disk39/RINｼ.png		KO	두 사람의 몸이 데이비드의 옆 바닥에 쓰러졌고, 그들의 피가 바닥 위로 번져 나갔다.
disk39	NO79	1750	35	北の王「しまった！　私が心を許したばかりにコ－ナ－を殺してしまったか！・・・むっ！・・・デビッド！　お前はまだ生きていたのか！！」	disk39/RINｼ.png		KO	북방의 왕: 이런! 내가 방심한 탓에 코너를 죽게 만든 건가! ...음!? ...데이비드! 네놈 아직 살아 있었나!!
disk39	NO79	1760	36	死んだように動かなかったデビッドが、胸から血を流しながら立ち上がっていた。	disk39/Dﾏｴ.png		KO	죽은 줄 알았던 데이비드가 가슴에서 피를 흘리며 몸을 일으켰다.
disk39	NO79	2000	37	デビッド「俺の血をあまく見ていたようだな。デビッドの心臓はまだかすかに動いているわ。写し身の呪いが心臓を刺しても、俺の力が心臓を動かしていたのだ！」	disk39/Dﾏｴ.png		KO	데이비드: 내 피를 너무 얕봤군. 데이비드의 심장은 아직 미약하게나마 뛰고 있다. 대리체의 저주가 심장을 꿰뚫었지만, 내 힘이 심장을 계속 뛰게 만든 것이다!
disk39	NO79	2010	38	デビッド「北の王よ。お前のあまさがコ－ナ－の血を俺に見せてくれた。デビッドの心臓が動き続けるかぎりデビッドは魔王となり、お前に呪いの呪文をとなえ続けるだろう！」	disk39/Dﾏｴ.png		KO	데이비드: 북방의 왕이여, 네 안일함이 코너의 피를 내게 보여 주었구나. 데이비드의 심장이 계속 뛰는 한 그는 마왕이 되어 네게 저주의 주문을 계속 외울 것이다!
disk39	NO79	2020	39	血を流し続けるデビッドは、北の王に向かって呪文をとなえはじめた。	disk39/Dﾏｴ.png		KO	피를 쏟으면서도 데이비드는 북방의 왕을 향해 주문을 외우기 시작했다.
disk39	NO79	2030	40	北の王「うおっ！！・・・」	disk39/ｷﾀｼﾇ.png		KO	북방의 왕: 으윽...!!
disk39	NO79	2040	41	北の王の顔から、血がにじむように吹き出しはじめた。	disk39/ｷﾀｼﾇ.png		KO	북방의 왕의 얼굴에서 피가 배어 나오더니, 이내 솟구치기 시작했다.
disk39	NO79	2045	42	北の王の顔から血が流れる。それを見た北の魔導師達は我先に地下の部屋から逃げだした。	disk39/ｷﾀｼﾇ.png		KO	북방의 왕의 얼굴이 피로 뒤덮였다. 그것을 본 북방의 마도사들은 서로 먼저 도망치겠다며 밖으로 달아났다.
disk39	NO79	2050	43	北の王の身体からも血が吹き出しているのか、着ている服が血で染まり、床に血が流れはじめた。	disk39/ｷﾀｼﾇ.png		KO	북방의 왕의 몸에서도 피가 뿜어져 나오는지 옷은 피로 물들었고, 바닥에 피가 고이기 시작했다.
disk39	NO79	2070	44	しかし、北の王の身体から全ての血を出しきった時、デビッドの身体は崩れるように血の中に倒れていった。	disk39/DSｼﾇ.png		KO	그러나 북방의 왕의 몸에서 모든 피가 빠져나왔을 때, 데이비드의 몸도 힘을 다한 듯 피바다 속으로 무너져내렸다.
disk39	NO79	2080	45	古代からの復讐の怨念が、いまストラトフォ－ドのセント・ラドフ教会の地下で消えていった。	disk39/DSｼﾇ.png		KO	그렇게 고대로부터 이어져 온 복수의 원념은 스트랫퍼드의 세인트 라도프 교회 지하에서 조용히 종말을 고했다.
disk39	NO79	3000	46	ＣＤ－ＲＯＭよりＤＡＴＡの読み込みを始めます。ＨＩＴ　ＡＮＹ　ＫＥＹ	disk39/DSｼﾇ.png		KO	CD-ROM에서 데이터 읽습니다. 아무 키나 눌러주세요.
disk39	NO79	3010	47	　　　　　　　　ＣＤ－ＲＯＭよりＤＡＴＡを読み込み中	disk39/DSｼﾇ.png		KO	데이터를 읽는 중...
disk39	NO79	10000	93	ＤＡＴＡをＳＡＶＥしますか？　Ｙ／Ｎ	disk39/DSｼﾇ.png		KO	
disk39	NO79	10040	99	ドライブ１に、ＳＡＶＥ・ディスクを入れて下さい。	disk39/DSｼﾇ.png		KO	
disk39	NO79	10070	101	ドライブ１のディスクが違います。	disk39/DSｼﾇ.png		KO	드라이브 1의 디스크가 다릅니다.
disk39	NO79	10110	102	ＳＡＶＥしました。ドライブ１のディスクに、ＭＡＩＮディスクを入れて下さい。	disk39/DSｼﾇ.png		KO	
disk39	NO79	10150	104	ドライブ１のディスクが違います。	disk39/DSｼﾇ.png		KO	드라이브 1의 디스크가 다릅니다.
disk40	NO80	900	0	デビッドが話す。			KO	데이비드가 말한다.
disk40	NO80	900	1	スシャ－ナが話す。			KO	수잔나가 말한다.
disk40	NO80	900	2	羊飼いが話す。			KO	양치기가 말한다.
disk40	NO80	1000	3	デビッド「スシャ－ナの言う通りにするよ。いまの俺では、セント・ラドフ教会で北の一族と戦っても殺されるだけだ。田舎に逃げてから対策を考えよう」	disk40/ｺｳｿｸ.png	main/davL.png	KO	데이비드: 수잔나가 말한 대로 할게. 지금 세인트 라도프 교회로 가서 싸워 봐야 죽기밖에 더하겠어. 하워스로 피한 뒤 대책을 생각하자.
disk40	NO80	1010	4	デビッドはストラトフォ－ドを避けて、深夜のロンドンに入りＭ１高速道路を北に向けて車を走らせた。	disk40/ｺｳｿｸ.png	main/davL.png	KO	데이비드는 스트랫퍼드로 향하지 않고 한밤중의 런던을 거쳐 M1 고속도로를 타고 북쪽으로 차를 몰았다.
disk40	NO80	1020	5	マンチェスタ－を越えた頃、地平線が明るくなってきた。	disk40/ｺｳｿｸ.png	main/davL.png	KO	맨체스터를 지나갈 무렵, 지평선이 밝아지기 시작했다.
disk40	NO80	1200	6	スシャ－ナ「デビッド、疲れたでしょう？　少し明るくなってきたから、私が運転するわ」	disk40/ｺｳｿｸ.png	main/linR.png	KO	수잔나: 데이비드, 피곤하죠? 이제 날도 밝았으니 제가 운전할게요.
disk40	NO80	1210	7	デビッド「空が明るくなると気がゆるんで疲れが出てきたようだ。事故を起こさない内に運転を代わろう」	disk40/ｺｳｿｸ.png	main/davL.png	KO	데이비드: 동이 트니까 긴장이 풀렸는지 갑자기 피곤해지네. 사고가 나기 전에 바꾸는 게 좋겠어.
disk40	NO80	1220	8	デビッドは車を止めて、スシャ－ナと代わった。	disk40/ｺｳｿｸ.png	main/davL.png	KO	데이비드는 차를 세우고 수잔나와 자리를 바꿨다.
disk40	NO80	1225	9	スシャ－ナが運転する車で走る。	disk40/ﾐﾁ1.png	main/linR.png	KO	수잔나가 운전하는 차가 다시 달리기 시작했다.
disk40	NO80	1230	10	デビッド「北の王達は追いつけなかったのか、それとも何かたくらんでいるのか・・・どちらにしても油断ができる相手じゃないから気をつけて行こう」	disk40/ﾐﾁ1.png	main/davL.png	KO	데이비드: 북방의 왕 놈들이 우릴 놓친 건지, 아니면 또 뭔가 꾸미는 건지... 어느 쪽이든 방심할 수 없는 상대니까 계속 조심해서 가자고.
disk40	NO80	1240	11	スシャ－ナ「ええ。でも明るくなってきたから、まさか白昼に襲って来る事はないと思うわ」	disk40/ﾐﾁ1.png	main/linR.png	KO	수잔나: 네, 그래도 이제 날이 밝았으니까 설마 대낮부터 습격해 오진 않겠죠.
disk40	NO80	1250	12	デビッド「北の王か・・・悪夢がこんな事につながっていたなんて想像もしなかったよ・・・」	disk40/ﾐﾁ1.png	main/davL.png	KO	데이비드: 북방의 왕이라니... 악몽이 이렇게 이어질 거라고 상상도 못 했어...
disk40	NO80	1260	13	スシャ－ナ「私だって母の話を夢物語ぐらいにしか受けとめてなかったわ。でも暗黒の魔導師を知るようになって現実に思えてきたけど・・・半信半擬でいたのね」	disk40/ﾐﾁ1.png	main/linR.png	KO	수잔나: 저도 어머니의 이야기를 구전 설화 정도로밖에 받아들이지 않았어요. 암흑의 마도사들을 알게 된 뒤에는 사실처럼 느끼기 시작했지만... 솔직히 반신반의하고 있었어요.
disk40	NO80	1270	14	スシャ－ナ「でも私達より先に北の一族の方が知り尽くしていたなんて、運命を信じなかった私の迷いがここまで追込まれたのだわ。もっと早くデビッドに相談していれば・・・」	disk40/ﾐﾁ1.png	main/linR.png	KO	수잔나: 그런데 북방 일족은 먼저 모든 걸 알고 있었어요. 제가 운명을 믿지 못하고 망설이는 바람에 여기까지 몰린 거예요. 진작 당신에게 모든 걸 털어놨더라면...
disk40	NO80	1280	15	デビッド「俺達は今、別の世界に生きているような感じがする・・・現実の世界が夢のように思えるんだ・・・」	disk40/ﾐﾁ1.png	main/davL.png	KO	데이비드: 이제는 우리가 전혀 다른 세계에 들어와 있는 것 같아... 오히려 평범한 현실이 꿈처럼 느껴질 정도야...
disk40	NO80	1290	16	スシャ－ナ「目が覚めたら北の王なんかいなかったりして・・・デビッド、しばらく眠ったら？　ハワ－ズに入ったら起こすから・・・」	disk40/ﾐﾁ1.png	main/linR.png	KO	수잔나: 눈을 떴을 때 북방의 왕 같은 건 전부 꿈이었다면 좋겠어요... 데이비드, 잠시 눈 좀 붙여요. 하워스에 도착하면 깨워 줄게요...
disk40	NO80	1300	17	デビッド「夜になると何が起こるかも知れないから、すこし寝るか・・・」	disk40/ﾐﾁ1.png	main/davL.png	KO	데이비드: 밤이 되면 또 무슨 일이 일어날지 모르니 조금 자둘까...
disk40	NO80	1320	18	デビッドは疲れをとるため、目を閉じてシ－トにもたれていた。スシャ－ナが運転する車は田園の中を走り続けた。	disk40/ﾊﾀｹ.png	main/davL.png	KO	데이비드는 눈을 감고 좌석에 몸을 기대 휴식을 취했다. 수잔나가 모는 차는 시골길을 계속 달려갔다.
disk40	NO80	1330	19	その田園の風景が草原に変わり、曲がりくねった道が荒野の丘を昇り下りしながら続いているのが見えてきた。	disk40/ﾊﾀｹ.png	main/davL.png	KO	시골 풍경은 드넓은 초원으로 바뀌고, 구불구불한 길이 황야의 언덕을 따라 오르내리며 끝없이 이어졌다.
disk40	NO80	1340	20	車は大自然に包まれたハワ－ズに入ってきた。緑の濃い草原には羊が群れをなしている。	disk40/ﾋﾂｼﾞ.png	main/davL.png	KO	차는 대자연에 둘러싸인 하워스에 들어섰다. 짙푸른 녹색 초원에는 양 떼가 무리를 이루고 있었다.
disk40	NO80	1350	21	スシャ－ナの叫び声と車の急ブレ－キでデビッドは目をさました。窓の外を見ると、土地の羊飼い達が車を取り囲むように集まっている。	disk40/ｶｺﾑ.png	main/davL.png	KO	수잔나의 비명과 함께 차가 급정거했고, 데이비드는 화들짝 잠에서 깼다. 창밖을 보니 양치기들이 차를 포위하듯 몰려들고 있었다.
disk40	NO80	1600	22	デビッド「何が起こったんだ！？　こいつ等ら何者なんだ？」	disk40/ｶｺﾑ.png	main/davL.png	KO	데이비드: 무슨 일이야!? 이 녀석들은 뭐야?
disk40	NO80	1610	23	スシャ－ナ「この人達がいきなり車の前にたちふさがって・・・もう少しで車に衝突する所だったの・・・」	disk40/ｶｺﾑ.png	main/linR.png	KO	수잔나: 이 사람들이 갑자기 차 앞을 가로막아서... 조금만 늦었으면 그대로 들이받을 뻔했어요...
disk40	NO80	1620	24	一人の羊飼がデビッドのそばに来て言った。	disk40/ｶｺﾑ.png	main/linR.png	KO	양치기 한 명이 데이비드 쪽으로 다가와 말했다.
disk40	NO80	1630	25	羊飼「あんたがデビッドだろう。この荒野の丘に、あんたを入れるわけにはいかないんだ。ここから戻ってくれ！」	disk40/ｶｺﾑ.png	main/linR.png	KO	양치기: 네가 데이비드구나. 이 황야의 언덕에 널 들여보낼 수는 없다. 당장 돌아가!
disk40	NO80	1640	26	デビッド「なぜ通れないんだ！　この道を通るだけで、貴方達の土地に入るわけでもないのに・・・それになぜ俺がこの車に乗っているのを知っていたんだ！」	disk40/ｶｺﾑ.png	main/davL.png	KO	데이비드: 왜 지날 수 없다는 거지! 그저 공공 도로를 지나가는 것뿐이고, 당신들 사유지에 들어가는 것도 아닌데... 게다가 내가 이 차에 타고 있다는 걸 어떻게 알았어!?
disk40	NO80	1650	27	羊飼「ハワ－ズの荒野の丘は、北の王の土地だと言ったら全てがわかると、神は言ったが・・・」	disk40/ｶｺﾑ.png	main/davL.png	KO	양치기: 하워즈의 황야 언덕은 북방의 왕의 땅이라고 말하면 알아들을 것이라고 신께서 말씀하셨다...
disk40	NO80	1660	28	デビッド「なに！　北の王だと！？　お前達は北の一族か！！」	disk40/ｶｺﾑ.png	main/davL.png	KO	데이비드: 뭐! 북방의 왕이라고!? 너희도 북방 일족이냐!!
disk40	NO80	1670	29	羊飼「俺達はただの羊飼いさ。神である北の王のお告げを聞いただけだ。俺一人だけではない、村の者が全員聞いたんだ」	disk40/ｶｺﾑ.png	main/davL.png	KO	양치기: 우리는 그저 평범한 양치기다. 신이신 북방의 왕의 계시를 들었을 뿐이다. 나만 들은 게 아니다. 마을 사람 모두가 들었다.
disk40	NO80	1680	30	羊飼「お前達を通すとデビッドが魔王となり、神と戦うためにこの土地に暗黒の嵐を呼び、緑を消すと予言した。この丘の草が消えたら俺達は羊が飼えなくなってしまう」	disk40/ｶｺﾑ.png	main/davL.png	KO	양치기: 너희를 지나가게 두면 네가 마왕으로 변해 신과 싸우기 위해 이 땅에 암흑의 폭풍을 불러 녹음을 없애 버린다고 예언했다. 초원의 풀이 모두 사라지면 우리는 양을 기를 수 없게 된다.
disk40	NO80	1690	31	スシャ－ナ「貴方達は北の王の催眠術にかかってるのよ。北の王は神ではありません。魔導師なのです」	disk40/ｶｺﾑ.png	main/linR.png	KO	수잔나: 여러분은 북방의 왕에게 최면을 당한 거예요. 그 자는 신이 아니에요. 마도사일 뿐이라고요!
disk40	NO80	1700	32	羊飼「神が魔導師・・・お前こそ魔導師ではないか！　お前の母が魔導師だった事は村の者が全員知っている！」	disk40/ｶｺﾑ.png	main/linR.png	KO	양치기: 신이 마도사라고...? 오히려 마도사는 너이지 않나! 네 어머니가 마도사였다는 건 마을 사람 모두가 알고 있다!
disk40	NO80	1710	33	羊飼「その母親は魔女となり、身体から血を吹きだし、もがき苦しんで死んだと言われている。神である北の王の罰を受けたのだ！」	disk40/ｶｺﾑ.png	main/linR.png	KO	양치기: 네 어머니도 마녀가 되어 온몸에서 피를 쏟으며 고통스럽게 죽었다고 들었다. 그건 신이신 북방의 왕께서 벌을 내리신 거다!
disk40	NO80	1720	34	羊飼い達の目が急に殺気だち、手に持っていたクワをふり上げ、いまにも車を破壊しようと迫ってきた。	disk40/ｶｺﾑ.png	main/linR.png	KO	눈빛이 돌변한 양치기들은 손에 든 괭이를 치켜들고 당장이라도 차를 부술 기세로 몰려들었다.
disk40	NO80	1730	35	スシャ－ナ「デビッド、この人達は北の王の呪文に操られ、私達を殺そうとしているわ！　車を戻せば北の王達が必ず待ち伏せしているに違いないし・・・」	disk40/ｶｺﾑ.png	main/linR.png	KO	수잔나: 데이비드, 이 사람들은 북방의 왕의 주문에 조종당해 우리를 죽이려고 하고 있어요! 그렇다고 차를 돌리면 북방의 일족들이 분명 길목에서 매복하고 있을 텐데...
disk40	NO80	1740	36	スシャ－ナ「デビッド、車を走らせるわ。しっかりつかまって！」	disk40/ｶｺﾑ.png	main/linR.png	KO	수잔나: 데이비드, 그대로 돌파할게요. 꽉 잡아요!
disk40	NO80	1750	37	スシャ－ナはエンジンを吹かして、羊飼いを押しのけるように車を動かした。	disk40/ｶｺﾑ.png	main/linR.png	KO	수잔나는 엑셀을 세게 밟으며 양치기들을 밀어내듯 차를 몰았다.
disk40	NO80	1760	38	羊飼い達は逃げる事もせず立ちはだかり、棒のような物を車に投げつけた。	disk40/ﾅｹﾞﾙ.png	main/linR.png	KO	양치기들은 피하기는커녕 길을 막아선 채 막대기 같은 것을 차에 집어던졌다.
disk40	NO80	1770	39	車のフロント・ガラスは割れ、スシャ－ナはブレ－キをかけて車を止めてしまった。	disk40/ﾜﾚﾀ.png	main/linR.png	KO	앞 유리가 깨지자, 놀란 수잔나는 급히 브레이크를 밟아 차를 세우고 말았다.
disk40	NO80	1780	40	スシャ－ナ「デビッド！　車から出て走って逃げるのよ！」	disk40/ﾜﾚﾀ.png	main/linR.png	KO	수잔나: 데이비드! 차에서 내려 뛰어서 도망쳐요!
disk40	NO80	1790	41	デビッドが車のドアを開けた時、いつの間にか羊飼が中世の兵士になってデビッドに襲ってきた。	disk40/ﾍｲｼ.png	main/linR.png	KO	데이비드가 문을 여는 순간, 눈앞의 양치기들이 어느새 중세의 병사들로 변해 그를 덮쳐 왔다.
disk40	NO80	1800	42	デビッド「うわぁ！！」	disk40/ﾍｲｼ.png	main/linR.png	KO	데이비드: 으아악!!
disk40	NO80	1810	43	デビッドはものすごいショックを受けて車の中に倒れてしまった。	disk40/ﾍｲｼ.png	main/linR.png	KO	데이비드는 엄청난 충격을 받고, 그대로 차 안에 쓰러졌다.
disk40	NO80	2000	44	スシャ－ナ「デビッド！　夢から覚めて！！」	disk40/ﾐﾁｵｶ.png	main/linR.png	KO	수잔나: 데이비드! 악몽에서 깨어나요!
disk40	NO80	2010	45	デビッド「夢・・・？」	disk40/ﾐﾁｵｶ.png	main/davL.png	KO	데이비드: 꿈...?
disk40	NO80	2020	46	デビッドは車の窓の外を見た。車が急ブレ－キをかけたので土煙が車を覆っている。土煙が消えて見渡すかぎりの草原が現れ、その前方に丘が見えていた。	disk40/ﾐﾁｵｶ.png	main/davL.png	KO	데이비드는 차창 밖을 보았다. 급정거로 일어난 흙먼지가 차를 뒤덮고 있었다. 흙먼지가 사라지자, 끝없이 펼쳐진 초원이 나타났고 그 앞쪽에는 언덕이 보였다.
disk40	NO80	2030	47	デビッド「俺達はあの丘で羊飼い達に殺されそうになったんだ。羊飼い達が北の王の呪文で操られていた夢が・・・もしフロオス王が見せてくれた予知夢なら・・・」	disk40/ﾐﾁｵｶ.png	main/davL.png	KO	데이비드: 우리는 저 언덕에서 양치기들에게 죽을 뻔했어. 양치기들이 북방의 왕의 주문에 조종당해서 우리를 공격했어... 만약 그 꿈이 플로스 왕이 보여 준 예지몽이라면...
disk40	NO80	2040	48	スシャ－ナ「フロオス王の予知夢？・・・あの丘の上で私達を殺そうとしている羊飼いが待ち伏せしているの？」	disk40/ﾐﾁｵｶ.png	main/linR.png	KO	수잔나: 플로스 왕의 예지몽이요...? 그렇다면 저 언덕 너머에서 우리를 죽이려는 양치기들이 매복하고 있다는 건가요?
disk40	NO80	2050	49	デビッド「夢の中ではスシャ－ナが運転をしていたから、ここからは俺が運転するよ」	disk40/ﾐﾁｵｶ.png	main/davL.png	KO	데이비드: 꿈속에서는 수잔나가 운전하고 있었으니까, 여기서부터는 내가 몰게.
disk40	NO80	2060	50	運転を替わったデビッドは、車のスピ－ドを押さえて丘に向かった。	disk40/ﾐﾁｵｶ.png	main/davL.png	KO	다시 운전대를 잡은 데이비드는 천천히 차를 몰아 언덕으로 향했다.
disk40	NO80	2070	51	車が丘の上にあがると、前方が開けて平たい草原になっていた。	disk40/ｺｳｿｸ.png	main/davL.png	KO	언덕 정상에 오르자, 시야가 확 트이며 넓고 평평한 초원이 펼쳐졌다.
disk40	NO80	2080	52	デビッド「もう少し先だ。草原の緑が濃くて羊の群れが・・・たしかあのあたりだったが・・・」	disk40/ｺｳｿｸ.png	main/davL.png	KO	데이비드: 조금 더 앞이야. 풀이 짙게 우거져 있고 양 떼가... 분명 이 근처였는데...
disk40	NO80	2090	53	デビッドは車を止めて、羊の群れを眺めていた。	disk40/ﾋﾂﾐﾁ.png	main/davL.png	KO	데이비드는 차를 멈추고 양 떼를 바라봤다.
disk40	NO80	2095	54	すると、その群れの中から数人の羊飼いが道に現れ、デビッド達の車を見た。	disk40/ﾋﾂﾐﾁ.png	main/davL.png	KO	그러자, 양 떼 사이에서 몇 명의 양치기가 길 쪽으로 나오더니 데이비드의 차를 바라봤다.
disk40	NO80	2100	55	デビッド「やはりあの夢はフロオス王が見せた予知夢だったんだ。スシャ－ナ、行くのは危険だ。引き返そう！」	disk40/ﾋﾂﾐﾁ.png	main/davL.png	KO	데이비드: 역시 그 꿈은 플로스 왕이 보여 준 예지몽이었어. 수잔나, 이대로 가는 건 위험해. 돌아가자!
disk40	NO80	2110	56	スシャ－ナ「でも、ここを通らないと私の田舎の家に帰れないわ。それに引き返すと、北の一族の車に出会うかもしれないのよ」	disk40/ﾋﾂﾐﾁ.png	main/linR.png	KO	수잔나: 하지만 여기를 지나지 않으면 고향으로 갈 수 없어요. 그렇다고 뒤돌아가면 북방 일족과 마주칠지도 몰라요.
disk40	NO80	2120	57	デビッドは夢と現実の狭間の中にいるようで、行く事も戻る事もできずにいた。	disk40/ﾋﾂﾐﾁ.png	main/linR.png	KO	데이비드는 꿈과 현실의 경계에 갇힌 듯했다. 앞으로 갈 수도 뒤로 돌아갈 수도 없었다.
disk40	NO80	2130	58	スシャ－ナ「もしかして、デビッドの見た夢は北の王が作りだした幻夢だとしたら・・・戻れば捕まってしまうわ」	disk40/ﾋﾂﾐﾁ.png	main/linR.png	KO	수잔나: 만약 데이비드가 본 꿈이 북방의 왕이 만들어 낸 환몽이라면... 되돌아가면 붙잡히고 말 거예요.
disk40	NO80	2140	59	スシャ－ナ「見て！　羊飼いの人達が増えて、こっちに近づいて来るわ。デビッド！　行くの？　戻るの！？」	disk40/ｶｺﾑ.png	main/linR.png	KO	수잔나: 저것 봐요! 양치기들이 계속 늘어나면서 이쪽으로 다가와요! 데이비드, 이대로 돌파할 건가요, 아니면 돌아갈 건가요!?
disk40	NO80	2150	60	デビッドは決断を迫られた。	disk40/ｶｺﾑ.png	main/linR.png	KO	데이비드는 지금 당장 선택해야만 했다.
disk40	NO80	9910	97	デビッド「ウワァッ！！・・・ハァ、ハァ・・・」	main/MEU4.png	main/linR.png	KO	데이비드: 으아악!! ...하아, 하아...
disk40	NO80	10000	104	ＤＡＴＡをＳＡＶＥしますか？　Ｙ／Ｎ	main/MEU4.png	main/linR.png	KO	
disk40	NO80	10040	110	ドライブ１に、ＳＡＶＥ・ディスクを入れて下さい。	main/MEU4.png	main/linR.png	KO	
disk40	NO80	10070	112	ドライブ１のディスクが違います。	main/MEU4.png	main/linR.png	KO	드라이브 1의 디스크가 다릅니다.
disk40	NO80	10110	113	ＳＡＶＥしました。ドライブ１のディスクに、ＭＡＩＮディスクを入れて下さい。	main/MEU4.png	main/linR.png	KO	
disk40	NO80	10150	115	ドライブ１のディスクが違います。	main/MEU4.png	main/linR.png	KO	드라이브 1의 디스크가 다릅니다.
disk40	NO81	900	0	デビッドが話す。	main/MEU4.png	main/linR.png	KO	데이비드가 말한다.
disk40	NO81	900	1	スシャ－ナが話す。	main/MEU4.png	main/linR.png	KO	수잔나가 말한다.
disk40	NO81	900	2	エミリ－が話す。	main/MEU4.png	main/linR.png	KO	에밀리가 말한다.
disk40	NO81	900	3	ランズが話す。	main/MEU4.png	main/linR.png	KO	랜즈가 말한다.
disk40	NO81	1000	4	デビッドは、車を羊の群れに向けてハンドルを切った。	disk40/ｳｶｲ.png	main/linR.png	KO	데이비드는 핸들을 양 떼 쪽으로 꺾었다.
disk40	NO81	1005	5	車は、羊の群れの中を猛スピ－ドで走った。	disk40/ｳｶｲ.png	main/linR.png	KO	차는 양 떼 속을 맹렬한 속도로 달렸다.
disk40	NO81	1010	6	スシャ－ナは目を閉じている。デビッドはスピ－ドを落とさずに草原の中を走った。	disk40/ﾓﾄﾞﾙ.png	main/linR.png	KO	수잔나는 눈을 감아 버렸다. 데이비드는 속도를 줄이지 않고 초원 속을 내달렸다.
disk40	NO81	1020	7	車は、羊飼い達をうかいするように草原を走った。道路に戻ると羊飼い達を後にして走り去った。	disk40/ﾓﾄﾞﾙ.png	main/linR.png	KO	차는 양치기들을 우회해 초원을 가로질렀다. 다시 도로로 올라온 뒤, 그들을 뒤로 하고 달려나갔다.
disk40	NO81	1200	8	スシャ－ナ「車が草でスリップした時、横転すると思ったわ。でも逆ハンドルでかわすなんて、デビッドの腕はレ－サ－並ね！」	disk40/ﾐﾁB.png	main/linR.png	KO	수잔나: 차가 풀밭에서 미끄러졌을 때 뒤집히는 줄 알았어요. 그런데 역핸들로 바로 잡다니, 당신의 운전 실력은 레이서 못지 않은데요?
disk40	NO81	1210	9	デビッド「そうでもないよ。瞬間的に草原を走ろうと決めたが、車のスピ－ドが出過ぎてスリップした時はヒヤっとしたよ。カウンタ－をあてていたなんて・・・偶然だよ」	disk40/ﾐﾁB.png	main/davL.png	KO	데이비드: 그 정도는 아니야. 순간적으로 초원으로 빠지긴 했는데, 차가 너무 빨라서 미끄러졌을 때는 나도 식겁했어. 카운터 스티어가 들어간 건... 우연이야.
disk40	NO81	1220	10	スシャ－ナ「でも羊飼いの人達は、何が起こったのか驚いていたわ。べつに敵意のある様子はなかったようだけど・・・」	disk40/ﾐﾁB.png	main/linR.png	KO	수잔나: 그런데 양치기들은 갑자기 무슨 일인가 싶어 놀란 표정이었어요. 딱히 적의가 있는 것 같지 않았는데...
disk40	NO81	1230	11	デビッド「計画通りいかなかったので、知らぬふりをしていたんだよ。もし奴等の前で車を止めていたら、俺達は殺されていたよ」	disk40/ﾐﾁB.png	main/davL.png	KO	데이비드: 예상과 다르게 움직이니까 시치미를 뗀 거겠지. 거기서 차를 세웠으면 꿈에서 본 것처럼 당했을 거야.
disk40	NO81	1240	12	車は荒野の丘を走り続けている。すでに車はハワ－ズの荒野に入っていた。	disk40/ﾐﾁA.png	main/davL.png	KO	차는 황야의 언덕을 계속 달리고 있었다. 어느새 차는 하워스의 황야로 들어갔다.
disk40	NO81	1250	13	デビッド「荒野に時々農家が見えるけど、畑がないだろう？　仕事は何をしているのかな？」	disk40/ﾐﾁA.png	main/davL.png	KO	데이비드: 중간중간 농가가 보이는데 밭은 하나도 없잖아? 뭘 하면서 사는 걸까?
disk40	NO81	1260	14	スシャ－ナ「この地方の村はみんな牧羊農家なの。でも村の中心には雑貨屋や郵便局もあって住むのには困らないけどね。もちろん、ライブ・ハウスなどはないわ」	disk40/ﾐﾁA.png	main/linR.png	KO	수잔나: 이 지역 사람들은 대부분 양을 키우며 살아요. 그래도 마을 중심에는 잡화점이나 우체국도 있어서 사는 데 불편하지는 않아요. 물론 라이브 하우스 같은 건 없지만.
disk40	NO81	1270	15	しばらく同じような景色を走り続けて行くと、鉄道の線路が見えてきた。線路をたどると石造りの家が集落している。ハワ－ズの村の中心のようだ。	disk40/ﾑﾗﾐﾙ.png	main/linR.png	KO	한동안 비슷한 풍경 속을 계속 달리자, 철도 선로가 보이기 시작했다. 선로를 따라 돌로 지은 집들이 모여 있는 곳이 보였는데, 하워스 마을의 중심가인 듯했다.
disk40	NO81	1280	16	スシャ－ナ「デビッド、村に入って食糧を買いましょう。それにしばらく生活するから必需品も揃えなければいけないわね」	disk40/ﾑﾗﾐﾙ.png	main/linR.png	KO	수잔나: 데이비드, 마을에 들러서 먹을 걸 사죠. 당분간 여기서 지낼 테니까 필요한 생활용품도 챙기고요.
disk40	NO81	1290	17	デビッドは車を村に向けて走らせた。	disk40/ﾑﾗﾐﾙ.png	main/linR.png	KO	데이비드는 차를 마을로 몰았다.
disk40	NO81	1300	18	村に着くと、車を降りたデビッドとスシャ－ナは雑貨屋に入った。手あたりしだいに買い物をして車に詰め込んだ。	disk40/ﾑﾗﾅｶ.png	main/linR.png	KO	두 사람은 마을에 도착하자, 잡화점으로 들어가 필요한 물건들을 닥치는 대로 사서 차에 실었다.
disk40	NO81	1310	19	スシャ－ナ「デビッド、この村に母の友達で魔導師のランズさんの家があるの。これからランズさん夫婦には世話になるから、一緒に行って会ってね」	disk40/ﾑﾗﾅｶ.png	main/linR.png	KO	수잔나: 데이비드, 이 마을에 어머니의 친구인 마도사 랜즈 씨가 살아요. 앞으로 그 부부에게 신세를 질 테니까 같이 가서 인사해요.
disk40	NO81	1320	20	デビッド「いいとも、俺からもお願いするよ」	disk40/ﾑﾗﾅｶ.png	main/davL.png	KO	데이비드: 그래, 나도 직접 부탁드려야겠네.
disk40	NO81	1330	21	二人はランズの家に向かった。	disk40/ﾑﾗﾅｶ.png	main/davL.png	KO	두 사람은 랜즈의 집으로 향했다.
disk40	NO81	1340	22	ランズの家に着くと、スシャ－ナはドアをノックしてランズを呼んだ。	disk40/ﾄﾞｱ.png	main/davL.png	KO	집에 도착한 수잔나는 문을 두드려 랜즈를 불렀다.
disk40	NO81	1350	23	ドアが開いて、中年の女性が現れスシャ－ナを見て驚いた。	disk40/ｱｹﾙ.png	main/davL.png	KO	문이 열리고 나타난 중년 여성은 수잔나를 보고 깜짝 놀랐다.
disk40	NO81	1370	24	女性が話す。	disk40/ｱｹﾙ.png	main/davL.png	KO	여자가 말한다.
disk40	NO81	1600	25	女性「まあ！　スシャ－ナね！　どうしたの？・・・デビッドさんと一緒に来られると言ってたけど、こんなにはやく来るなんて・・・」	disk40/ｱｹﾙ.png	main/davL.png	KO	여자: 어머, 수잔나! 어떻게 된 일이죠? ...데이비드 씨와 함께 온다고는 했지만 이렇게 일찍 올 줄은...
disk40	NO81	1610	26	スシャ－ナ「エミリ－さん。ごぶさたしています。わけがあって予定よりはやく来てしまったの。御主人はいらっしゃいますか？」	disk40/ｱｹﾙ.png	main/linR.png	KO	수잔나: 에밀리 씨, 오랜만이에요. 사정이 있어서 예정했던 것보다 빨리 와 버렸어요. 랜즈 씨는 계세요?
disk40	NO81	1620	27	エミリ－「ええ、いますわ。どうぞ・・・こちらの方がデビッドさんね。初めまして。私はランズの妻のエミリ－です。主人は中にいますから、どうぞお入り下さい」	disk40/ｱｹﾙ.png	main/linR.png	KO	에밀리: 네, 안에 있어요. 어서 들어와요... 이분이 데이비드 씨군요. 처음 뵙겠습니다. 저는 랜즈의 아내 에밀리예요. 남편은 안에 있으니 들어오세요.
disk40	NO81	1630	28	デビッドが挨拶をしようとしたが、エミリ－はランズを呼びに中に入ってしまった。スシャ－ナはデビッドの手を引くように家の中に入った。	disk40/ﾄﾞｱ.png	main/linR.png	KO	데이비드가 인사를 건네기도 전에 에밀리는 남편을 부르러 안으로 들어가 버렸다. 수잔나는 데이비드의 손을 이끌며 집 안으로 들어갔다.
disk40	NO81	1640	29	隣の部屋からランズがエミリ－と一緒に出てきた。	disk40/ﾍﾔﾅｶ.png	main/linR.png	KO	옆방에서 랜즈가 에밀리와 함께 나왔다.
disk40	NO81	1650	30	エミリ－「スシャ－ナがデビッドさんを連れてきたのよ。デビッドさん、主人のランズです」	disk40/ﾍﾔﾅｶ.png	disk43/ｴﾐﾘｰ.png	KO	에밀리: 수잔나가 데이비드 씨를 데려왔어요. 데이비드 씨, 제 남편 랜즈예요.
disk40	NO81	1660	31	デビッド「私がデビッドです。突然お伺いして申しわけありません」	disk40/ﾍﾔﾅｶ.png	main/davL.png	KO	데이비드: 데이비드라고 합니다. 갑자기 찾아와서 죄송합니다.
disk40	NO81	1670	32	スシャ－ナ「ランズさん。私のミスでデビッドの事が北の王に知れて、追われるようになってしまいました」	disk40/ﾍﾔﾅｶ.png	main/linR.png	KO	수잔나: 랜즈 씨, 제 실수로 데이비드의 정체가 북방의 왕에게 발각되어서 쫓기는 처지가 되어버렸어요.
disk40	NO81	1680	33	ランズ「そうですか・・・私も昨夜、暗黒の星のエネルギ－を占っていましたが、ロ－ソクの炎が激しくゆれ、凶運のきざしが現れたので何か起こったのではないかと心配していたのです」	disk40/ﾍﾔﾅｶ.png	disk43/ﾗﾝｽﾞ.png	KO	랜즈: 그랬군요... 저도 어젯밤 암흑의 별의 힘을 점치고 있었는데 촛불이 심하게 흔들리면서며 불길한 징조가 나타나 무슨 일이 생긴 것이 아닌가 걱정하고 있었습니다.
disk40	NO81	1690	34	ランズ「まさか貴方達が北の王に追われていたとは・・・くわしく話して下さい」	disk40/ﾍﾔﾅｶ.png	disk43/ﾗﾝｽﾞ.png	KO	랜즈: 설마 당신들이 북방의 왕에게 쫓기고 있었다니... 무슨 일이 있었는지 자세히 말해 주십시오.
disk40	NO81	1700	35	スシャ－ナは芸能記者のコ－ナ－の手紙の事から、探偵のクラ－クが話したセント・ラドフ教会のメリ－ズ大司教が、北の王かも知れない事まで全てを話した。	disk40/ﾍﾔﾅｶ.png	main/linR.png	KO	수잔나는 연예 기자 코너의 편지 이야기부터 탐정 클라크가 말한 세인트 라도프 교회의 메리즈 대주교가 북방의 왕일지도 모른다는 것까지 전부 이야기했다.
disk40	NO81	1710	36	ランズ「ロンドンの魔導師達が北の一族に・・・凶運の現れた事をロンドンに知らせようとしても連絡がつかなかったのは、そのためでしたか・・・」	disk40/ﾍﾔﾅｶ.png	disk43/ﾗﾝｽﾞ.png	KO	랜즈: 런던의 마도사들이 북방 일족에게 당했다니... 불길한 징조가 나타났다고 알리려 해도 연락이 되지 않았던 게 그 때문이었군요...
disk40	NO81	1720	37	スシャ－ナ「イギリスにいる暗黒の魔導師は、貴方とホ－リ－さんとグレッグさんだけになりました。残った私達の力でデビッドの受け継がれた血を復活させねばなりません」	disk40/ﾍﾔﾅｶ.png	main/linR.png	KO	수잔나: 이제 영국에 남은 암흑의 마도사는 랜즈 씨와 홀리 씨, 그렉 씨뿐이에요. 남은 사람들의 힘을 모아서 데이비드의 피를 깨워야 해요.
disk40	NO81	1730	38	ランズ「ホ－リ－さんは暗黒の魔導師としては力が弱すぎる。頼みはグレッグだけだが・・・デビッドさんの血が復活すれば北の王を倒せるが、私達の力で北の血を・・・」	disk40/ﾍﾔﾅｶ.png	disk43/ﾗﾝｽﾞ.png	KO	랜즈: 홀리 씨는 암흑의 마도사라고 해도 힘이 너무 약합니다. 의지할 만한 사람은 그렉 씨뿐인데... 데이비드 씨의 피가 깨어난다면 북방의 왕을 쓰러뜨릴 수 있겠지만, 우리 힘만으로 북방의 피를 어찌할 수 없습니다...
disk40	NO81	1740	39	スシャ－ナ「北の王の居場所がわかっているのです。計画をたてて行けば、北の者を捕らえてデビッドが血を見る事ができる筈です」	disk40/ﾍﾔﾅｶ.png	main/linR.png	KO	수잔나: 북방의 왕이 있는 곳은 알고 있어요. 계획을 세워 움직인다면 북방 일족의 한 명쯤 붙잡아서 데이비드에게 그 피를 보게 할 수 있을 거예요.
disk40	NO81	1750	40	ランズ「北が気づいていない時なら、それも可能かも知れませんが、今となっては無理だと思いませんか？」	disk40/ﾍﾔﾅｶ.png	disk43/ﾗﾝｽﾞ.png	KO	랜즈: 북방 쪽이 눈치채지 못했을 때라면 가능했을지도 모르지만 지금은 무리라고 생각됩니다.
disk40	NO81	1760	41	ランズ「どうでしょう。暗黒の星が地球から去るまで、貴方達がイギリスから離れるのです。戦う事だけが全てではないです。血を守る事も大切です」	disk40/ﾍﾔﾅｶ.png	disk43/ﾗﾝｽﾞ.png	KO	랜즈: 차라리 암흑의 별이 지구에서 멀어질 때까지 영국을 떠나는 건 어떻습니까? 싸우는 것만이 능사가 아니라 피를 지키는 것도 중요합니다.
disk40	NO81	1770	42	ランズ「今までも、戦いを避けて血を守ってきたのです。ここまで追いつめられては勝目はありません。今となってはフロオス王でも戦いを避けるでしょう」	disk40/ﾍﾔﾅｶ.png	disk43/ﾗﾝｽﾞ.png	KO	랜즈: 지금까지도 싸움을 피해 피를 지켜 왔습니다. 지금처럼 궁지에 몰린 상태로는 승산이 없습니다. 플로스 왕이라도 지금 상황이라면 싸움을 피했을 겁니다.
disk40	NO81	1780	43	スシャ－ナ「北の王を目の前にして逃げろと言うのですか？　それでは私達の子孫に、また同じ苦しみを味合わせる事になるのですよ。今なら北の王を倒せるチャンスがあるかも知れないのに・・・」	disk40/ﾍﾔﾅｶ.png	main/linR.png	KO	수잔나: 북방의 왕이 눈앞에 있는데 도망치라는 건가요? 그러면 우리 자손들이 똑같은 고통을 또 겪을 거예요. 지금이야말로 북방의 왕을 쓰러뜨릴 기회일지도 모르는데...
disk40	NO81	1790	44	ランズ「暗黒の星のエネルギ－が消えれば、北の魔導師達も暗黒の魔導師達も争いの血が静まり、もとの生活にもどれるのです。北の王の事は３００年後の者達に任せましょう」	disk40/ﾍﾔﾅｶ.png	disk43/ﾗﾝｽﾞ.png	KO	랜즈: 암흑의 별의 에너지가 사라지면 북방의 마도사들도 암흑의 마도사들도 충동이 가라앉아 원래 생활로 돌아갈 겁니다. 북방의 왕의 복수는 300년 뒤의 후손들에게 맡기도록 합시다.
disk40	NO81	1800	45	スシャ－ナ「私達は母の城に戻って考えてみます。ランズさん、グレッグさんを呼んで一緒に相談しましょう。北の者を一人捕らえる事ができれば北の王を倒せるのですから・・・」	disk40/ﾍﾔﾅｶ.png	main/linR.png	KO	수잔나: 일단 어머니의 성으로 돌아가서 생각해 볼게요. 랜즈 씨, 그렉 씨를 불러서 함께 상의해봐요. 북방 일족을 한 명만 붙잡을 수 있다면 북방의 왕을 쓰러뜨릴 수 있어요...
disk40	NO81	1810	46	ランズ「北の一族の呪文を防ぐ事ができても、北の王の呪文には・・・すぐにグレッグさんに連絡をとってから城に伺います。決断を急がねば手遅れになってしまいますよ」	disk40/ﾍﾔﾅｶ.png	disk43/ﾗﾝｽﾞ.png	KO	랜즈: 북방 일족의 주문은 막을 수 있어도 북방의 왕의 주문은 무리입니다... 바로 그렉 씨에게 연락한 뒤 성으로 찾아가겠습니다. 늦기 전에 결정을 서두르지 않으면 돌이킬 수 없게 됩니다.
disk40	NO81	1820	47	スシャ－ナはランズから城のカギを受け取り、デビッドと家を出て城に向かった。	disk40/ﾐﾁC.png	disk43/ﾗﾝｽﾞ.png	KO	수잔나는 랜즈에게 성 열쇠를 건네받은 뒤 데이비드와 집을 나와 성으로 향했다.
disk40	NO81	1830	48	スシャ－ナはランズに期待していたのか、おもわぬ言葉に力を落としている。	disk40/ﾐﾁC.png	disk43/ﾗﾝｽﾞ.png	KO	수잔나는 랜즈가 힘을 보태 줄 거라 기대했던 모양인지 뜻밖의 대답에 크게 낙담하고 있었다.
disk40	NO81	2000	49	スシャ－ナ「ランズさんが一緒に戦ってくれると思っていたのに、年を取りすぎたのね。でもグレッグさんならまだ若いから、きっと北の者の一人くらい捕らえてくれるわ」	disk40/ﾐﾁC.png	main/linR.png	KO	수잔나: 랜즈 씨가 함께 싸워 줄 줄 알았는데 너무 나이가 먹었나 봐요. 그래도 그렉 씨는 아직 젊으니까 분명 북방 일족 한 명 정도는 붙잡아 줄 거예요.
disk40	NO81	2010	50	デビッド「スシャ－ナ、俺もいま戦う事に賛成できないような気がするんだ。北の一族に全ての情報が握られているし、味方の魔導師で戦えるのが二人だけでは・・・」	disk40/ﾐﾁC.png	main/davL.png	KO	데이비드: 수잔나, 나도 지금 당장 싸우는 건 무리라고 생각해. 북방 일족은 이미 우리에 관한 모든 것을 전부 알고 있는데, 우리 편에서 제대로 싸울 수 있는 마도사는 둘뿐이잖아...
disk40	NO81	2020	51	デビッド「俺に現れている力といっても、俺自身が使えるわけでないし・・・魔王の血は俺の中でどう思っているのか知りたいよ・・・」	disk40/ﾐﾁC.png	main/davL.png	KO	데이비드: 게다가 내 안에서 깨어나는 힘도 내 의지대로 쓸 수도 없고... 내 안의 마왕이 무슨 생각을 하고 있는지 알고 싶을 정도야...
disk40	NO81	2030	52	スシャ－ナ「魔王の力はデビッドが寝ている時とか、意識を失った時に現れるみたいね。意識の共存が出来た時に、初めてデビッドが魔王の力を使えるのかも知れないわ」	disk40/ﾐﾁC.png	main/linR.png	KO	수잔나: 마왕의 힘은 데이비드가 잠들었을 때나 의식을 잃었을 때 나타나는 것 같아요. 두 의식이 공존하게 되었을 때, 비로소 마왕의 힘을 쓸 수 있을지도 몰라요.
disk40	NO81	2040	53	デビッド「スシャ－ナ、城が見えてきた。あれがスシャ－ナの家かい？・・・あの城はどこかで見たような気がするが、ハワ－ズは初めてだし・・・どこで見たのか・・・」	disk40/ｼﾛｲ.png	main/davL.png	KO	데이비드: 수잔나, 성이 보여. 저게 당신 집이야? ...저 성 어디선가 본 것 같아. 하워스에는 처음 왔는데... 어디서 봤지?
disk40	NO81	2050	54	なにもない荒野の丘に小さな城が見えて来た。デビッドはハンドルを右に切って、城に向かう道に入るとスピ－ドを上げて走り始めた。	disk40/ｼﾛｲ.png	main/davL.png	KO	텅 빈 황야의 언덕 위로 작은 성 하나가 모습을 드러냈다. 데이비드는 오른쪽으로 핸들을 꺾어 성으로 이어지는 길에 접어든 뒤 속도를 높였다.
disk40	NO81	2060	55	城の門の前で車を止め、スシャ－ナがカギを回して門を開けた。	disk40/ｲﾘｸﾁ.png	main/davL.png	KO	성문 앞에 차를 세우자, 수잔나가 열쇠로 문을 열었다.
disk40	NO81	2070	56	車が門をくぐった後、スシャ－ナは門を閉じてカギをかけた。	disk40/ｲﾘｸﾁ.png	main/davL.png	KO	차가 성 안으로 들어가자, 수잔나가 다시 성문을 닫고 자물쇠를 채웠다.
disk40	NO81	10000	95	ＤＡＴＡをＳＡＶＥしますか？　Ｙ／Ｎ	disk40/ｲﾘｸﾁ.png	main/davL.png	KO	
disk40	NO81	10040	101	ドライブ１に、ＳＡＶＥ・ディスクを入れて下さい。	disk40/ｲﾘｸﾁ.png	main/davL.png	KO	
disk40	NO81	10070	103	ドライブ１のディスクが違います。	disk40/ｲﾘｸﾁ.png	main/davL.png	KO	드라이브 1의 디스크가 다릅니다.
disk40	NO81	10110	104	ＳＡＶＥしました。ドライブ１のディスクに、ＭＡＩＮディスクを入れて下さい。	disk40/ｲﾘｸﾁ.png	main/davL.png	KO	
disk40	NO81	10150	106	ドライブ１のディスクが違います。	disk40/ｲﾘｸﾁ.png	main/davL.png	KO	드라이브 1의 디스크가 다릅니다.
disk40	NO82	900	0	デビッドが話す。	disk40/ｲﾘｸﾁ.png	main/davL.png	KO	데이비드가 말한다.
disk40	NO82	900	1	スシャ－ナが話す。	disk40/ｲﾘｸﾁ.png	main/davL.png	KO	수잔나가 말한다.
disk40	NO82	900	2	ランズが話す。	disk40/ｲﾘｸﾁ.png	main/davL.png	KO	랜즈가 말한다.
disk40	NO82	1000	3	二人は城の中を調べるように見て回った。ランズ夫妻は食堂とスシャ－ナの部屋だけは掃除を済ませていたので、スシャ－ナは、さっそく食事の支度を始めた。	disk40/ｼﾛﾅｶ.png	main/davL.png	KO	두 사람은 성 안을 천천히 둘러봤다. 랜즈 부부가 미리 청소해 둔 곳은 식당과 수잔나의 방뿐이었고, 수잔나는 곧바로 식사 준비에 들어갔다.
disk40	NO82	1200	4	スシャ－ナ「私達が予定よりはやく来たので、ランズさん達は掃除がまにあわなかったみたい。でも寝る部屋と食堂がきれいだから、しばらく住む事ができるわ」	disk40/ｼﾛﾅｶ.png	main/linR.png	KO	수잔나: 우리가 예정보다 일찍 와서 랜즈 씨 부부가 청소를 다 못 끝낸 모양이에요. 그래도 잘 방과 식당은 깨끗하니까 당분간 지내는 데는 문제없겠네요.
disk40	NO82	1210	5	デビッド「北の王が現れなかったら、こうして休暇が楽しめたのに、どうしてこんな事になってしまったのか・・・」	disk40/ｼﾛﾅｶ.png	main/davL.png	KO	데이비드: 북방의 왕이 나타나지 않았다면 지금쯤 휴가를 즐기고 있었을 텐데, 어쩌다 이렇게 되어 버린 걸까...
disk40	NO82	1220	6	スシャ－ナ「さあ出来たわ。昨夜から食事の時間も切り詰めて走ったから、お腹がすいたでしょう」	disk40/ｼﾛﾅｶ.png	main/linR.png	KO	수잔나: 다 됐어요. 어젯밤부터 제대로 먹지도 못하고 계속 운전했잖아요, 많이 배고프죠?
disk40	NO82	1230	7	デビッドは北の王に追われているような気がして、食事もとらずに車を走らせてきたのに食欲がなかった。でもスシャ－ナの料理を見ると急に食欲がわき、あさるように食べはじめる。	disk40/ｼﾛﾅｶ.png	main/davL.png	KO	데이비드는 북방의 왕에게 계속 쫓기는 기분 때문에 제대로 먹지 못하고 차를 몰았지만, 이상하게 식욕은 없었다. 그러나 수잔나의 요리를 보자, 갑자기 허기가 몰려와 정신없이 손을 움직였다.
disk40	NO82	1240	8	食事が終わるとデビッドは眠くなってきたが、また悪夢を見るような気がして寝るのが怖くてがまんしていた。	disk40/ｼﾛﾅｶ.png	main/davL.png	KO	배를 채우자 금세 졸음이 몰려왔지만, 또 악몽을 꾸게 될까 두려워 데이비드는 억지로 졸음을 쫓아냈다.
disk40	NO82	1250	9	スシャ－ナ「お腹が一杯になったら眠たくなったわ。デビッド、私の部屋で一緒に寝ない」	disk40/ｼﾛﾅｶ.png	main/linR.png	KO	수잔나: 배가 부르니까 졸리네요. 데이비드, 제 방에서 같이 잘래요?
disk40	NO82	1260	10	デビッド「俺も眠たくて仕方がないのだが、悪夢に襲われそうで・・・スシャ－ナと一緒なら悪夢でうなされた時に起こしてもらえるから、少し寝るとするか」	disk40/ｼﾛﾅｶ.png	main/davL.png	KO	데이비드: 나도 너무 졸린데 또 악몽에 시달릴 것 같아서 두려워... 그래도 당신이 옆에 있으면 악몽에 빠졌을 때 깨워 줄 텐가 잠깐 눈을 붙여 볼까.
disk40	NO82	1270	11	デビッドとスシャ－ナは部屋で寝る事にした。	disk40/ﾍﾞｯﾄ.png	main/davL.png	KO	데이비드와 수잔나는 쉬기 위해 방으로 갔다.
disk40	NO82	1280	12	どのくらいたったのか、デビッドはスシャ－ナに起こされた。	disk40/ﾍﾞｯﾄ.png	main/davL.png	KO	얼마나 지났을까, 데이비드는 수잔나가 깨우는 소리에 눈을 떴다.
disk40	NO82	1290	13	デビッド「うっ、何か起こったのか・・・」	disk40/ﾍﾞｯﾄ.png	main/davL.png	KO	데이비드: 으음, 무슨 일이라도 생겼어?
disk40	NO82	1300	14	スシャ－ナ「ごめんなさい。デビッドがよく寝ていたので起こすのやめようと思ったの。でも一人にして、もし悪夢を見たら大変でしょう。だから・・・」	disk40/ﾍﾞｯﾄ.png	main/linR.png	KO	수잔나: 미안해요. 깊이 자고 있어서 그냥 두려고 했는데, 혼자 두었다가 악몽이라도 꾸면 큰일이잖아요. 그래서...
disk40	NO82	1310	15	デビッド「あれ、もう夜に・・・夢も見ないで熟睡していたんだ。なぜフロオス王が現れなかったのかな、こんなときにこそ現れて、どうすればいいのか教えてくれてもいい筈なのに」	disk40/ﾍﾞｯﾄ.png	main/davL.png	KO	데이비드: 어라, 벌써 밤이네... 꿈도 꾸지 않고 푹 잤어. 왜 플로스 왕은 나타나지 않은 거지? 이럴 때야말로 나타나서 어떻게 해야 하는지 가르쳐 주면 좋을 텐데.
disk40	NO82	1320	16	スシャ－ナ「私達が迷っているように、フロオス王も迷ってるのよ。下に降りてランズさんを待ちましょう」	disk40/ﾍﾞｯﾄ.png	main/linR.png	KO	수잔나: 우리가 망설이는 것처럼 플로스 왕도 망설이는 거겠죠. 아래로 내려가서 랜즈 씨를 기다리도록 하죠.
disk40	NO82	1330	17	スシャ－ナは火のともったロ－ソクを持って、デビッドと食堂に降りて行った。スシャ－ナは眠気を覚ますためにコ－ヒ－を入れている。	disk40/ｼﾛﾅｶ.png	main/linR.png	KO	수잔나는 촛불을 들고 데이비드와 함께 식당으로 내려갔다. 수잔나는 잠을 깨기 위해 커피를 끓였다.
disk40	NO82	1340	18	デビッドの腕時計が午後１１時を越えたが、ランズは来なかった。城には電話が無いので、ただ待つしかない。	disk40/ｼﾛﾅｶ.png	main/linR.png	KO	데이비드의 손목시계가 오후 11시를 넘겼지만, 랜즈는 돌아오지 않았다. 성에는 전화도 없었기에 두 사람은 그저 기다릴 수밖에 없었다.
disk40	NO82	1350	19	１２時を越えた時、車のエンジンの音がして、門が開くのが見えた。ヘッドライトの明かりが食堂の窓から見える。	disk40/ｼﾛﾅｶ.png	main/linR.png	KO	자정이 지나자, 밖에서 자동차 엔진 소리가 들렸다. 성문이 열리고 헤드라이트 불빛이 식당 창문을 비췄다.
disk40	NO82	1360	20	車を門の外に置いたまま、ランズが走ってくる。スシャ－ナは慌ててドアをあけに行った。	disk40/ｼﾛﾅｶ.png	main/linR.png	KO	랜즈는 차를 성문 밖에 세워 두고 급히 달려오고 있었다. 수잔나는 서둘러 문을 열어 주러 나갔다.
disk40	NO82	1370	21	食堂にスシャ－ナとランズが入って来た。	disk40/ｼﾛﾅｶ.png	main/linR.png	KO	잠시 후, 수잔나와 랜즈가 식당으로 들어왔다.
disk40	NO82	1600	22	ランズ「グレッグが殺されました。北の王の呪文にやられたのに違いありません」	disk40/ｼﾛﾅｶ.png	disk43/ﾗﾝｽﾞ.png	KO	랜즈: 그렉 씨가 죽었습니다. 북방의 왕의 저주에 당한 게 분명합니다.
disk40	NO82	1610	23	ランズ「グレッグに電話を入れると、すぐに私の所に来ると言ったのに、いつまでたっても来ないので心配していました。しばらくしてグレッグから電話があったのですが」	disk40/ｼﾛﾅｶ.png	disk43/ﾗﾝｽﾞ.png	KO	랜즈: 그렉 씨에게 전화했더니 곧바로 제게 오겠다고 했는데, 아무리 기다려도 오지 않아서 걱정하고 있었습니다. 그러다가 그렉 씨에게서 전화가 왔는데...
disk40	NO82	1620	24	ランズ「グレッグはハワ－スに入る前から車に尾けられたと、レストランから電話をしていたのです。私が迎えに行くからそこから動かないように言ったのですが」	disk40/ｼﾛﾅｶ.png	disk43/ﾗﾝｽﾞ.png	KO	랜즈: 그렉 씨는 하워스에 들어오기 전부터 자동차에 미행당하고 있다면서 레스토랑에서 전화했습니다. 제가 데리러 갈 테니 거기서 움직이지 말라고 했는데...
disk40	NO82	1630	25	ランズ「グレッグは危険だから迎えに来るなと言って電話を切りましたけれど、私は急いで車に乗って、そのレストランに迎えに行きました」	disk40/ｼﾛﾅｶ.png	disk43/ﾗﾝｽﾞ.png	KO	랜즈: 그렉 씨는 위험하니 오지 말라고 말한 뒤 전화를 끊었지만, 저는 황급히 차를 타고 그 레스토랑으로 갔습니다.
disk40	NO82	1640	26	ランズ「ハワ－ズに入った荒野の入口で、グレッグさんの死体と破壊された車を見たのです。近くには誰もいませんでしたが、この辺りで強盗が出た話はありませんから」	disk40/ｼﾛﾅｶ.png	disk43/ﾗﾝｽﾞ.png	KO	랜즈: 그런데 하워스 황야로 들어오는 길목에서 그렉 씨의 시신과 부서진 차를 발견했습니다. 근처에는 아무도 없었고, 이 외딴 시골에 강도 따위가 있을 리가 만무하니...
disk40	NO82	1650	27	ランズ「グレッグを殺したのは間違いなく北の一族です。スシャ－ナさん、デビッドさんを連れて逃げてください。相談をする時間などありません。イギリスから逃げるしかないのです」	disk40/ｼﾛﾅｶ.png	disk43/ﾗﾝｽﾞ.png	KO	랜즈: 그렉 씨를 죽인 건 틀림없이 북방 일족입니다. 수잔나 씨, 당장 데이비드 씨를 데리고 피하십시오. 이제 의논할 시간조차 없습니다. 영국을 떠나는 수밖에 없습니다.
disk40	NO82	1660	28	スシャ－ナ「逃げると言っても、パスポ－トは事務所に置いたままで国外に出られないわ」	disk40/ｼﾛﾅｶ.png	main/linR.png	KO	수잔나: 하지만 여권을 사무실에 두고 와서 영국을 떠날 수 없어요.
disk40	NO82	1670	29	デビッド「ロンドンに戻ろう。車をフルスピ－ドで走らせれば、北の王も手だしは出来ないよ」	disk40/ｼﾛﾅｶ.png	main/davL.png	KO	데이비드: 런던으로 돌아가자. 최대한 빨리 달리면 북방의 왕도 쉽게 손대진 못할 거야.
disk40	NO82	1680	30	ランズ「とんでもない。ロンドンと反対のスコットランドに行くのです。そこからパスポ－トを郵送してもらえば、船で国外に出られます」	disk40/ｼﾛﾅｶ.png	disk43/ﾗﾝｽﾞ.png	KO	랜즈: 안 됩니다. 런던과 반대쪽인 스코틀랜드로 가십시오. 거기로 여권을 우편으로 보낼 테니, 배를 타고 영국을 빠져나가면 됩니다.
disk40	NO82	1690	31	スシャ－ナ「デビッド、どうするの。北の王から逃げるの・・・」	disk40/ｼﾛﾅｶ.png	main/linR.png	KO	수잔나: 데이비드, 어떻게 할 거죠? 북방의 왕에게서 도망칠 건가요...?
disk40	NO82	1700	32	デビッド「スシャ－ナと一緒に暮らせるのなら地球の果てでも行くよ」	disk40/ｼﾛﾅｶ.png	main/davL.png	KO	데이비드: 수잔나와 함께 살 수만 있다면 세상 끝까지라도 갈 거야.
disk40	NO82	1710	33	スシャ－ナ「でも一度も戦わないで逃げるのは悔しいわ。私達の為に死んで行った暗黒の魔導師達になんてお詫びをしたらいいの」	disk40/ｼﾛﾅｶ.png	main/linR.png	KO	수잔나: 하지만 한 번도 싸우지 않고 도망치는 건 너무 분해요. 우리 때문에 죽어 간 암흑의 마도사들을 볼 면목이...
disk40	NO82	1720	34	ランズ「私達、暗黒の魔導師達は受け継がれた血を守ために生まれてきたのです。私もこのハワ－ズで北の一族を足止めするために命をかけるつもりです。それが私達の定められた運命なのです」	disk40/ｼﾛﾅｶ.png	disk43/ﾗﾝｽﾞ.png	KO	랜즈: 우리 암흑의 마도사들은 계승된 피를 지키기 위해 태어났습니다. 저 역시 하워스에 남아 목숨을 걸고 북방 일족의 발을 묶을 겁니다. 그것이 우리에게 주어진 운명입니다.
disk40	NO82	1730	35	デビッド「俺達のために命を捨てる事はない。誰も死ぬ必要がないのに・・・ちくしょう！　北の王さえいなければ」	disk40/ｼﾛﾅｶ.png	main/davL.png	KO	데이비드: 우리를 위해 목숨을 버릴 필요는 없어요. 아무도 죽을 이유가 없는데... 젠장! 북방의 왕만 없었다면...
disk40	NO82	1740	36	ランズ「デビッドさん、逃げるのも運命です。無理に運命に逆らうと血が断たれフロオス王の魂は永遠にさまよい続けるでしょう」	disk40/ｼﾛﾅｶ.png	disk43/ﾗﾝｽﾞ.png	KO	랜즈: 데이비드 씨, 도망치는 것도 운명입니다. 억지로 맞서다 피가 끊겨 버리면, 플로스 왕의 영혼은 영원히 구천을 떠돌게 될 겁니다.
disk40	NO82	1750	37	デビッドには運命などどうでもよかったが、デビッドの為に死んで行った魔導師の仇をうちたかった。しかしランズの泣きだしそうな顔を見て留まる事もできなかった。	disk40/ｼﾛﾅｶ.png	disk43/ﾗﾝｽﾞ.png	KO	데이비드에게 운명 같은 것은 아무래도 좋았지만, 자신을 위해 죽어 간 마도사들의 원수를 갚고 싶었다. 하지만 금방이라도 눈물을 터뜨릴 듯한 랜즈의 얼굴을 보고 성에 남겠다고 할 수도 없었다.
disk40	NO82	1760	38	スシャ－ナ「決めるのはデビッドよ。私達は貴方の指示に従うように生まれてきたのだから、デビッドが決断する運命はフロオス王が決めた運命なのよ」	disk40/ｼﾛﾅｶ.png	main/linR.png	KO	수잔나: 결정은 당신이 내리세요. 우리는 당신의 뜻을 따르도록 태어난 사람들이에요. 그러니까 당신이 선택하는 길이 곧 플로스 왕이 정한 운명이에요.
disk40	NO82	1770	39	デビッドはスシャ－ナの言葉を聞いて、決断する事が運命だと信じた。	disk40/ｼﾛﾅｶ.png	main/davL.png	KO	수잔나의 말을 들은 데이비드는 결단하는 것 자체가 운명이라고 믿었다.
disk40	NO82	1780	40	北の王を倒すために城に残る。	disk40/ｼﾛﾅｶ.png	main/davL.png	KO	북방의 왕을 쓰러뜨리기 위해 성에 남는다.
disk40	NO82	1780	41	魔王の血を守ために逃げる。	disk40/ｼﾛﾅｶ.png	main/davL.png	KO	마왕의 피를 지키기 위해 도망친다.
disk40	NO82	3000	42	ＣＤ－ＲＯＭよりＤＡＴＡの読み込みを始めます。ＨＩＴ　ＡＮＹ　ＫＥＹ	disk40/ｼﾛﾅｶ.png	main/davL.png	KO	CD-ROM에서 데이터 읽습니다. 아무 키나 눌러주세요.
disk40	NO82	3010	43	　　　　　　　　ＣＤ－ＲＯＭよりＤＡＴＡを読み込み中	disk40/ｼﾛﾅｶ.png	main/davL.png	KO	데이터를 읽는 중...
disk40	NO82	3060	45	ＣＤ－ＲＯＭよりＤＡＴＡの読み込みを始めます。ＨＩＴ　ＡＮＹ　ＫＥＹ	disk40/ｼﾛﾅｶ.png	main/davL.png	KO	CD-ROM에서 데이터 읽습니다. 아무 키나 눌러주세요.
disk40	NO82	3070	46	　　　　　　　　ＣＤ－ＲＯＭよりＤＡＴＡを読み込み中	disk40/ｼﾛﾅｶ.png	main/davL.png	KO	데이터를 읽는 중...
disk40	NO82	10000	68	ＤＡＴＡをＳＡＶＥしますか？　Ｙ／Ｎ	disk40/ｼﾛﾅｶ.png	main/davL.png	KO	
disk40	NO82	10040	74	ドライブ１に、ＳＡＶＥ・ディスクを入れて下さい。	disk40/ｼﾛﾅｶ.png	main/davL.png	KO	
disk40	NO82	10070	76	ドライブ１のディスクが違います。	disk40/ｼﾛﾅｶ.png	main/davL.png	KO	드라이브 1의 디스크가 다릅니다.
disk40	NO82	10110	77	ＳＡＶＥしました。ドライブ１のディスクに、ＭＡＩＮディスクを入れて下さい。	disk40/ｼﾛﾅｶ.png	main/davL.png	KO	
disk40	NO82	10150	79	ドライブ１のディスクが違います。	disk40/ｼﾛﾅｶ.png	main/davL.png	KO	드라이브 1의 디스크가 다릅니다.
disk41	NO83	900	0	デビッドが話す。			KO	데이비드가 말한다.
disk41	NO83	900	1	スシャ－ナが話す。			KO	수잔나가 말한다.
disk41	NO83	900	2	ランズが話す。			KO	랜즈가 말한다.
disk41	NO83	1200	3	デビッド「スシャ－ナ、国外に出よう。今ここで北の王と戦えば殺されて、血は断たれてしまう。北の王から逃げる事が出来れば、北の王に勝つ事にもなるんだ」	disk41/ｼﾛﾅｶ.png	main/davL.png	KO	데이비드: 수잔나, 영국을 떠나자. 지금 북방의 왕과 싸우면 우리만 죽고 피까지 끊겨 버려. 끝까지 살아서 도망치는 것 역시 북방의 왕을 이기는 방법이야.
disk41	NO83	1210	4	スシャ－ナ「北の王に勝つ？・・・。私達は逃げるのよ。どうしてなの？」	disk41/ｼﾛﾅｶ.png	main/linR.png	KO	수잔나: 북방의 왕에게 이긴다고요...? 도망치는 것뿐인데, 왜 이긴다는 거죠?
disk41	NO83	1220	5	デビッド「北の王は魔王の血を断つ事で勝利をつかめるんだ。俺達が子供を作り血を受け継いでいく事ができれば、フロオス王はまた出発点に戻り、北の王にいずれ勝つ事になるんだ。」	disk41/ｼﾛﾅｶ.png	main/davL.png	KO	데이비드: 북방의 왕이 원하는 건 마왕의 피를 완전히 끊는 거야. 우리가 살아남아 아이를 낳고 그 피를 계속 이어 간다면, 플로스 왕은 다시 출발점으로 돌아가서 언젠가는 북방의 왕을 쓰러뜨릴 수 있을 거야.
disk41	NO83	1230	6	ランズ「そうです。血を守る事が出来れば、いずれ血を受け継ぐ者が北の王の血を断つでしょう。一時の怒りで運命に逆らうのは愚かな者がする事です。」	disk41/ｼﾛﾅｶ.png	disk43/ﾗﾝｽﾞ.png	KO	랜즈: 맞습니다. 피만 지켜 낸다면 언젠가 후손 중 누군가가 북방의 왕의 피를 끊을 겁니다. 순간의 분노 때문에 운명을 거스르는 건 어리석은 선택입니다.
disk41	NO83	1240	7	スシャ－ナ「わかったわ。デビッドの言葉を信じてスコットランドに行きましょう。」	disk41/ｼﾛﾅｶ.png	main/linR.png	KO	수잔나: 알겠어요. 데이비드의 말을 믿고 스코틀랜드로 갈게요.
disk41	NO83	1250	8	ランズ「今から出発すれば、昼までには着けます。何が起こっても引き返さないで逃げのびて下さい。」	disk41/ｼﾛﾅｶ.png	disk43/ﾗﾝｽﾞ.png	KO	랜즈: 지금 출발하면 정오쯤에는 도착할 수 있을 겁니다. 무슨 일이 있어도 되돌아오지 말고 끝까지 도망쳐 살아남으십시오.
disk41	NO83	1260	9	デビッドとスシャ－ナは夜の闇にまぎれて、スコットランドへと車を走らせた。	disk41/ﾖﾐﾁ1.png	disk43/ﾗﾝｽﾞ.png	KO	데이비드와 수잔나는 어둠을 틈타 스코틀랜드를 향해 출발했다.
disk41	NO83	1270	10	深夜の荒野を走る車はデビッドの運転する車だけで前から来る車もなく、後ろから追いかけて来るライトの光もなかった。	disk41/ﾖﾐﾁ1.png	disk43/ﾗﾝｽﾞ.png	KO	한밤중의 황야에는 그들의 차밖에 보이지 않았고 마주 오는 차도, 뒤를 쫓는 불빛도 없었다.
disk41	NO83	1400	11	スシャ－ナ「ランズさんの車が城にあるから、北の王は私達がイングランドに向かっているとは思っていない筈よ。でも城に入って調べられたら、この道は一つだけだから追って来るわ」	disk41/ﾖﾐﾁ1.png	main/linR.png	KO	수잔나: 랜즈 씨 차가 성에 남아 있으니 북방의 왕은 우리가 스코틀랜드로 떠났다는 걸 모를 거예요. 하지만 성 안을 확인하면 이쪽으로 빠지는 길은 하나뿐이니 곧 뒤쫓아 올 거예요.
disk41	NO83	1410	12	スシャ－ナ「イングランドに着いたらエディンバラから海に出る？・・・それとも一番北にあるインバネスに行く？」	disk41/ﾖﾐﾁ1.png	main/linR.png	KO	수잔나: 도착하면 에든버러에서 배를 탈까요? ...아니면 아예 더 북쪽의 인버네스까지 갈까요?
disk41	NO83	1420	13	デビッド「パスポ－トがあれば、エディンバラ空港から国外に逃げられるが、あれだけの都会だ。北の王の手が回っているかも知れない。裏をかいてインバネスから船を借りてロンドンに戻ろう。」	disk41/ﾖﾐﾁ1.png	main/davL.png	KO	데이비드: 여권만 있었으면 에든버러 공항에서 바로 외국으로 나가면 되겠지만, 워낙 큰 도시라 북방의 일족에서 이미 손을 써 놨을지도 몰라. 허를 찔러 인버네스에서 배를 빌려 런던으로 돌아가자.
disk41	NO83	1430	14	スシャ－ナ「えっ！　ロンドンに戻るの！？」	disk41/ﾖﾐﾁ1.png	main/linR.png	KO	수잔나: 네!? 런던으로 돌아간다고요!?
disk41	NO83	1440	15	デビッド「スシャ－ナが驚く位だから、北の王も気がつかないよ。」	disk41/ﾖﾐﾁ1.png	main/davL.png	KO	데이비드: 수잔나가 놀랄 정도라면 북방의 왕도 눈치채지 못할 거야.
disk41	NO83	1450	16	スシャ－ナ「ロンドンでパスポ－トを取りに行って、空港から国外にでるのね。ロンドンの北の一族の者はみんなハワ－ズに来ているから、かえって安全ね」	disk41/ﾖﾐﾁ1.png	main/linR.png	KO	수잔나: 런던으로 몰래 돌아가 여권을 챙긴 뒤 공항으로 빠져나가자는 거군요. 런던 쪽의 북방 일족이 지금은 하워스에 모두 몰려 있을 테니 오히려 안전할 수도 있겠네요.
disk41	NO83	1460	17	スシャ－ナ「ランズさんが捕まって自白の呪文をかけられても、船で国外に出たとしか知らないから・・・」	disk41/ﾖﾐﾁ1.png	main/linR.png	KO	수잔나: 설령 랜즈 씨가 붙잡혀 자백의 주문을 당해도 우리가 배로 떠난다는 것밖에 모를 테니...
disk41	NO83	1465	18	スシャ－ナ「デビッド、どうしたの？・・・ハンドルをしっかり握って！　眠ったらだめよ！」	disk41/ｸｻ2.png	main/linR.png	KO	수잔나: 데이비드, 무슨 일이에요? ...핸들 똑바로 잡아요! 잠들면 안 돼요!
disk41	NO83	1470	19	デビッドの運転は道からはずれ、車は草原をフルスピ－ドで走り始めた。	disk41/ｸｻ2.png	main/linR.png	KO	데이비드의 차가 도로를 이탈해 초원 위를 전속력으로 질주하기 시작했다.
disk41	NO83	1480	20	スシャ－ナ「どうしたの！　デビッド！　スピ－ドを落とすのよ！」	disk41/ｸｻ2.png	main/linR.png	KO	수잔나: 데이비드! 왜 그래요! 속도를 줄여요!
disk41	NO83	1490	21	デビッドの目は、うつろになっている。スシャ－ナの言葉も聞いていないようだ。	disk41/ｸｻ1.png	main/linR.png	KO	데이비드의 눈은 초점을 잃은 채 텅 비어 있었다. 수잔나의 목소리조차 들리지 않는 듯했다.
disk41	NO83	1500	22	スシャ－ナ「まさか北の王の呪文が・・・デビッド！　車を止めて！！」	disk41/ｸｻ1.png	main/linR.png	KO	수잔나: 설마 북방의 왕의 저주가...! 데이비드, 차 세워요!!
disk41	NO83	1510	23	スシャ－ナはデビッドを押しのけるようにして、足をのばしブレ－キを踏んだが、車が止まるほど強くは踏めなかった。	disk41/ｸｻ1.png	main/linR.png	KO	수잔나는 데이비드를 밀쳐 내듯 발을 뻗어 브레이크를 밟았지만, 차를 세울 만큼 힘을 줄 수 없었다.
disk41	NO83	1520	24	前方に大きな岩が見えてきた。	disk41/ｲﾜ1.png	main/linR.png	KO	앞쪽에 커다란 바위가 보이기 시작했다.
disk41	NO83	1525	25	デビッドはハンドルを岩に向けた。スシャ－ナが必死になってハンドルを動かそうとしたがビクともしない。	disk41/ｲﾜ2.png	main/linR.png	KO	데이비드는 핸들을 바위 쪽으로 돌렸다. 수잔나가 필사적으로 핸들을 움직이려 했지만 꿈쩍도 하지 않았다.
disk41	NO83	1530	26	岩が目の前に迫った時、スシャ－ナは思わず目を閉じてしまった。その時、デビッドが悲鳴のような叫びをあげた。	disk41/ｲﾜ5.png	main/linR.png	KO	바위가 바로 눈앞까지 닥치자, 수잔나는 본능적으로 눈을 감았다. 바로 그 순간, 데이비드가 비명을 질렀다.
disk41	NO83	1540	27	デビッド「うわぁ！！」	disk41/ｲﾜ5.png	main/linR.png	KO	데이비드: 으아악!!
disk41	NO83	1560	28	車はもの凄いスピンを起こし、ハンドルを握っていたスシャ－ナの手がはずれ、ドアに身体をぶつけた。岩に激突した金属音がスシャ－ナの耳を覆った。	disk41/ｲﾜ5.png	main/linR.png	KO	차가 거칠게 회전하면서 수잔나의 손이 핸들에서 튕겨 나갔다. 그녀는 문에 몸을 세게 부딪쳤고, 곧이어 차체가 바위와 충돌하는 요란한 금속음이 귀를 때렸다.
disk41	NO83	1570	29	倒れて意識を失っていたスシャ－ナにデビッドの声が聞こえた。気がついたのか、スシャ－ナは目を開いた。	disk41/ｲﾜ5.png	main/linR.png	KO	잠시 정신을 잃었던 수잔나의 귀에 데이비드의 목소리가 들렸다. 그녀는 힘겹게 눈을 떴다.
disk41	NO83	1800	30	スシャ－ナ「・・・まだ私達、生きているの・・・？」	disk41/ﾖｹﾀ.png	main/linR.png	KO	수잔나: ...우리 아직 살아 있는 건가요...?
disk41	NO83	1810	31	デビッド「フロオス王が北の王の呪文から守ってくれたんだ」	disk41/ﾖｹﾀ.png	main/davL.png	KO	데이비드: 플로스 왕이 북방의 왕의 저주에서 날 지켜줬어.
disk41	NO83	1820	32	スシャ－ナ「フロオス王が・・・」	disk41/ﾖｹﾀ.png	main/linR.png	KO	수잔나: 플로스 왕이 지켜줬다고요...?
disk41	NO83	1830	33	デビッド「フロオス王の声が俺に聞こえたんだ。［魔王の血よたぎれ！］と。その後で俺の血はたぎるように熱くなり、意識がはっきり戻ってきたんだ」	disk41/ﾖｹﾀ.png	main/davL.png	KO	데이비드: 플로스 왕의 목소리가 들렸어. `마왕의 피여, 끓어올라라!'라고. 그러자 내 피가 끓는 것처럼 뜨거워지면서 의식이 또렷하게 돌아왔어.
disk41	NO83	1840	34	デビッド「意識が戻ると目の前に岩が迫ってきて、慌ててハンドルを切ったけど、車はスピンして後ろのトランクを岩にぶつけたよ。スシャ－ナ、怪我はないかい？」	disk41/ﾖｹﾀ.png	main/davL.png	KO	데이비드: 정신을 차렸을 때는 이미 바위가 코앞이어서 급히 핸들을 틀었더니 차가 돌아가면서 트렁크 쪽만 바위에 부딪친 거야. 수잔나, 다친 데 없어?
disk41	NO83	1850	35	スシャ－ナ「身体は痛いけど、我慢できるわ。私達はフロオス王に助けられたのね」	disk41/ﾖｹﾀ.png	main/linR.png	KO	수잔나: 온몸이 아프지만 참을 만해요. 우리는 플로스 왕에게 구원받은 거네요.
disk41	NO83	1860	36	デビッド「フロオス王は血を守るために必死だったようだ。最後に、［魔王の血をスシャ－ナに継ぐのだ］と、聞こえたよ。俺達を守ったんでなく血を守ったんだよ」	disk41/ﾖｹﾀ.png	main/davL.png	KO	데이비드: 플로스 왕은 피를 지키기 위해 필사적이었던 것 같아. 마지막에 `마왕의 피를 수잔나에게 이어라'라고 말했어. 우리를 지킨 게 아니라 피를 지킨 거겠지.
disk41	NO83	1870	37	スシャ－ナ「どちらでもいいわ。助かったのだから・・・それより車は動くの？」	disk41/ﾖｹﾀ.png	main/linR.png	KO	수잔나: 이유가 뭐든 우린 살았잖아요. 그것보다... 차는 움직일 수 있어요?
disk41	NO83	1880	38	デビッドはエンジンをかけたが、エンジン音には異常はなかった。ギアを入れてクラッチをつなぐと車は走りはじめた。	disk41/ﾖｹﾀ.png	main/linR.png	KO	데이비드가 시동을 걸자, 엔진은 정상적으로 작동했다. 기어를 넣고 클러치를 연결하니 차가 움직이기 시작했다.
disk41	NO83	1890	39	スシャ－ナ「どこか異常はない？」	disk41/ﾖﾐﾁ1.png	main/linR.png	KO	수잔나: 다른 문제는 없나요?
disk41	NO83	1900	40	デビッド「どこも異常はないようだ。北の王も呪文をはね返されたんで諦めたようだな」	disk41/ﾖﾐﾁ1.png	main/davL.png	KO	데이비드: 딱히 문제가 없는 것 같아. 북방의 왕도 저주가 막힌 걸 알고 포기한 모양이야.
disk41	NO83	1910	41	スシャ－ナ「北の王はデビッドに呪文を返され、魔王の力が現れたと思って用心をしだしたのよ。これで無事に逃げられそうね」	disk41/ﾖﾐﾁ1.png	main/linR.png	KO	수잔나: 북방의 왕도 당신이 저주를 물리친 걸 보고 마왕의 힘이 깨어났다고 판단해서 경계하는 거겠죠. 이제 무사히 도망칠 수 있을지 몰라요.
disk41	NO83	1914	42	スシャ－ナ「でも北の王を倒す事が出来なかったのに、私達はこれから幸わせに暮らしていけるのかしら？」	disk41/ﾖﾐﾁ1.png	main/linR.png	KO	수잔나: 하지만 북방의 왕을 쓰러뜨리지 못했는데, 우리 앞으로 행복하게 살아갈 수 있을까요?
disk41	NO83	1920	43	デビッド「運命に従ったのだからフロオス王だって喜んでいるさ。休暇が終わる頃には、暗黒の星も遠くに行ってしまうだろうし何とかなるさ」	disk41/ﾖﾐﾁ1.png	main/davL.png	KO	데이비드: 운명에 따랐으니 플로스 왕도 기뻐할 거야. 휴가가 끝날 무렵이면 암흑의 별도 멀어질 테니 어떻게든 되겠지.
disk41	NO83	1930	44	スシャ－ナ「そうね。暗黒の星が去れば、たぶんロンドンに戻れるのだから頑張りましょう」	disk41/ﾖﾐﾁ1.png	main/linR.png	KO	수잔나: 그래요, 암흑의 별이 떠나면 런던으로 돌아올 수 있을 테니 조금만 더 힘내볼게요.
disk41	NO83	1940	45	デビッドの運転する車は、インバネスに向かって走り続けた。	disk41/ｲﾝﾊﾞ.png	main/linR.png	KO	두 사람의 차는 다시 인버네스를 향해 달리기 시작했다.
disk41	NO83	1950	46	・・・数年が経て、今や［エレノ・ヴィジョン］の人気は不動のものとなっていた。初夏の柔らかい陽射しをうけながら、ロンドン郊外をサングラスをかけた幸せそうな若夫婦が散歩していた。	disk41/ﾋﾛﾊﾞ.png	main/linR.png	KO	...수년이 지나, 이제 `엘레노 비전'은 부동의 인기를 고수하고 있었다. 초여름의 부드러운 햇살을 받으며 런던 교외를 선글라스를 쓴 행복해 보이는 젊은 부부가 산책하고 있었다.
disk41	NO83	1960	47	スシャ－ナ「ジュニア、よく寝ちゃって・・・あなたと散歩するなんて久しぶりのことね」	disk41/ﾋﾛﾊﾞ.png	main/linR.png	KO	수잔나: 주니어는 잘도 자네요... 당신과 이렇게 산책하는 것도 오랜만이에요.
disk41	NO83	1970	48	デビッドの両腕の中に天使のようにあどけない顔をした、ピンク色の肌の赤ん坊が安らかな寝息を立てている。	disk41/ﾋﾛﾊﾞ.png	main/linR.png	KO	데이비드의 품에는 천사처럼 해맑은 얼굴의 아기가 평온하게 잠들어 있었다.
disk41	NO83	1980	49	１ブロック離れたところから黒い僧服を着た、一団の神父達の姿が見えてきた。先頭には一目で地位の高い僧侶とわかる、敬虔そうでそれでいて威厳のある大司教が歩いてきた。	disk41/ｼｻｲS.png	main/linR.png	KO	한 블록쯤 떨어진 곳에서 검은 사제복을 입은 사제들이 다가오고 있었다. 그 선두에는 한눈에도 높은 지위의 사제임을 알 수 있는, 경건하면서도 위엄 있는 대주교가 걸어오고 있었다.
disk41	NO83	1990	50	デビッドとスシャ－ナは我知らず、サングラスを取りながら大司教の方に走り寄った。	disk41/ｼｻｲ.png	main/linR.png	KO	데이비드와 수잔나는 자신도 모르게 선글라스를 벗으며 대주교 쪽으로 달려갔다.
disk41	NO83	2000	51	スシャ－ナ「大司教様、どうぞこの子にご祝福を」:GOSUB 5100	disk41/ｼｻUP.png	main/linR.png	KO	수잔나: 대주교님, 부디 이 아이에게 축복을 내려 주세요.
disk41	NO83	2010	52	大司教「おお、これはデビッドさん。私のような人間でもあなたのような有名人はよく存じておりますよ。いやいや可愛いお子様じゃ」	disk41/ｼｻUP.png	main/linR.png	KO	대주교: 오, 데이비드 씨 아니십니까. 저 같은 사람도 당신처럼 유명한 분은 잘 알고 있지요. 허허, 참 귀여운 아이로군요.
disk41	NO83	2020	53	大司教「この子に神のお恵みのあらんことを！」	disk41/ｼｻUP.png	main/linR.png	KO	대주교: 이 아이에게 신의 은총이 있기를!
disk41	NO83	2030	54	その時いままで寝ていた赤ん坊の目がパッチリと開き、大司教の頭の中に「また３００年後だな・・・北の一族よ・・・」と、そんな言葉が聞こえたような気がした。	disk41/ｼｻUP.png	main/linR.png	KO	그 순간, 줄곧 잠들어 있던 아기가 눈을 번쩍 떠지더니, 대주교의 머릿속에는 `또 300년 뒤로구나... 북방 일족이여...'라는 소리가 들린 것 같았다.
disk41	NO83	2040	55	大司教は頭を振りながら・・・近頃は年のせいか、なにやら耳鳴りがしおって・・・「私はストラトフォ－ドにある、セント・ラドフ教会のメリ－ズ大司教です。お近くにおいでの時はぜひお立ち寄りを」	disk41/ｼｻUP.png	main/linR.png	KO	"대주교는 머리를 흔들었다. 
...요즘은 나이 탓인지, 자꾸 귀가 울리는군...
""저는 스트랫퍼드에 있는 세인트 라도프 교회의 메리즈 대주교입니다. 근처에 오실 일이 있으면 꼭 들러 주십시오."""
disk41	NO83	2050	56	デビッド「ありがとうございます。大司教様。ねえスシャ－ナ、こんな立派な大司教様に祝福して頂いたんだ。ジュニアはきっと幸せな一生を送れるよ」	disk41/ｼｻUP.png	main/davL.png	KO	데이비드: 감사합니다, 대주교님. 수잔나, 이렇게 훌륭한 대주교님께 축복까지 받았으니 우리 주니어는 분명 행복하게 살 거야.
disk41	NO83	2060	57	スシャ－ナ「メリ－ズ様。きっと教会には寄らせて頂きますわ。さあデビッド、行きましょう」	disk41/ｼｻUP.png	main/linR.png	KO	수잔나: 메리즈 님, 꼭 교회에 들르겠습니다. 데이비드, 이제 가요.
disk41	NO83	2065	58	スシャ－ナ「でも、どうして見ず知らずの大司教様に突然声を掛けたりしたのかしら？　ああ恥ずかしい。あら、ジュニア。起きちゃったのね」	disk41/ｼｻUP.png	main/linR.png	KO	수잔나: 그런데 왜 생전 처음 보는 대주교님에게 갑자기 말을 걸었던 걸까? 아, 부끄러워라. 어머, 주니어 깼구나.
disk41	NO83	2070	59	暗黒の星が去り、あの忌まわしい記憶も去ってしまっていた。	disk41/ｼｻUP.png	main/linR.png	KO	암흑의 별이 멀어진 뒤, 그 끔찍했던 기억도 어느새 희미하게 사라져 버렸다.
disk41	NO83	2080	60	青い、透き通るような空の一隅に光る点が瞬いた。まるで３００年後が見通せるようなまばゆい青の中で鏡（ミラ－）のように・・・・・・。	disk41/ﾎｼ.png	main/linR.png	KO	맑고 투명한 푸른 하늘 한편에서 작은 빛 하나가 반짝였다. 마치 300년 뒤까지 내다볼 수 있을 듯한 눈부신 푸름 속에서의 거울(MIRROR)처럼...
disk41	NO83	3000	61	ＣＤ－ＲＯＭよりＤＡＴＡの読み込みを始めます。ＨＩＴ　ＡＮＹ　ＫＥＹ	disk41/ﾎｼ.png	main/linR.png	KO	CD-ROM에서 데이터 읽습니다. 아무 키나 눌러주세요.
disk41	NO83	3010	62	　　　　　　　　ＣＤ－ＲＯＭよりＤＡＴＡを読み込み中	disk41/ﾎｼ.png	main/linR.png	KO	데이터를 읽는 중...
disk41	NO83	10000	107	ＤＡＴＡをＳＡＶＥしますか？　Ｙ／Ｎ	disk41/ﾎｼ.png	main/linR.png	KO	
disk41	NO83	10040	113	ドライブ１に、ＳＡＶＥ・ディスクを入れて下さい。	disk41/ﾎｼ.png	main/linR.png	KO	
disk41	NO83	10070	115	ドライブ１のディスクが違います。	disk41/ﾎｼ.png	main/linR.png	KO	드라이브 1의 디스크가 다릅니다.
disk41	NO83	10110	116	ＳＡＶＥしました。ドライブ１のディスクに、ＭＡＩＮディスクを入れて下さい。	disk41/ﾎｼ.png	main/linR.png	KO	
disk41	NO83	10150	118	ドライブ１のディスクが違います。	disk41/ﾎｼ.png	main/linR.png	KO	드라이브 1의 디스크가 다릅니다.
disk42	NO84	900	0	デビッドが話す。			KO	데이비드가 말한다.
disk42	NO84	900	1	スシャ－ナが話す。			KO	수잔나가 말한다.
disk42	NO84	900	2	ランズが話す。			KO	랜즈가 말한다.
disk42	NO84	1200	3	スシャ－ナ「デビッド、決心はついたの？」	disk42/ｼﾛﾅｶ.png	main/linR.png	KO	수잔나: 데이비드, 결정했어요?
disk42	NO84	1210	4	デビッド「俺は城に残って北の一族と戦う。たとえ逃げる事ができても悪夢につきまとわれる日々を送りたくない。戦う事がフロオス王の与えてくれた運命なら従うだけだ」	disk42/ｼﾛﾅｶ.png	main/davL.png	KO	데이비드: 난 성에 남아서 북방 일족과 싸우겠어. 도망쳐 살아남는다 해도 평생 악몽에 시달리며 살고 싶진 않아. 싸우는 것이 플로스 왕이 내게 준 운명이라면 받아들이겠어.
disk42	NO84	1220	5	スシャ－ナ「まだ北の王に負けたわけではないのよ。北の一族の血を流せれば魔王の血が復活できるのだから、チャンスはある筈よ」	disk42/ｼﾛﾅｶ.png	main/linR.png	KO	수잔나: 아직 북방의 왕에게 진 것은 아니에요. 북방 일족의 피를 흘리게 할 수 있다면 마왕의 피를 깨울 수 있으니 기회는 있을 거예요.
disk42	NO84	1230	6	ランズ「それが私達の運命なら逆らう事はできません。私も命あるかぎり戦います。北が押しよせても北の王さえいなければ、私の魔導の力が役にたてるでしょう」	disk42/ｼﾛﾅｶ.png	disk43/ﾗﾝｽﾞ.png	KO	랜즈: 그것이 우리의 운명이라면 거스를 수 없겠죠. 저도 목숨이 달할 때까지 싸우겠습니다. 북방 일족이 몰려온다 해도 북방의 왕만 없다면 제 마도의 힘도 도움이 될 겁니다.
disk42	NO84	1240	7	スシャ－ナ「静かに・・・車の音が近づいてくるわ・・・それも一台ではない・・・北の一族が襲って来たのだわ」	disk42/ｼﾛﾅｶ.png	main/linR.png	KO	수잔나: 쉿... 차 소리가 가까워지고 있어요... 그것도 한 대가 아니에요... 북방 일족이 쳐들어온 거예요!
disk42	NO84	1250	8	ランズが外に出て、門の所まで走って行ったがすぐに戻って来た。	disk42/ｼﾛﾅｶ.png	main/linR.png	KO	랜즈는 밖으로 나가 성문으로 달려갔다가 돌아왔다.
disk42	NO84	1260	9	スシャ－ナ「車は何台ですか？」	disk42/ｼﾛﾅｶ.png	main/linR.png	KO	수잔나: 몇 대나 왔죠?
disk42	NO84	1270	10	ランズ「３台です。門の近くまで来ていますので、急いで地下の部屋にかくれて魔導の四方陣を作り、デビッドさんを呪文から守って下さい！」	disk42/ｼﾛﾅｶ.png	disk43/ﾗﾝｽﾞ.png	KO	랜즈: 3대입니다. 성문 바로 앞까지 왔으니 서둘러 지하실로 숨어 마도의 사방진을 만들고 데이비드 씨를 주문으로부터 지켜 주십시오!
disk42	NO84	1280	11	スシャ－ナ「ランズさんも一緒に行きましょう。私達は人数が少ないので分散するのは危険です」	disk42/ｼﾛﾅｶ.png	main/linR.png	KO	수잔나: 랜즈 씨도 같이 가요. 우리는 숫자가 적어 흩어지는 것은 위험해요.
disk42	NO84	1290	12	ランズ「私はここに隠れて、奴等が通り過ぎた後ろから攻撃するつもりです。正面からスシャ－ナさんと二人でかかっても勝ち目はありません」	disk42/ｼﾛﾅｶ.png	disk43/ﾗﾝｽﾞ.png	KO	랜즈: 저는 여기 숨어 있다가 놈들이 지나가면 뒤에서 기습하겠습니다. 수잔나 씨와 함께 정면으로 맞붙어 봐야 승산이 없습니다.
disk42	NO84	1300	13	ランズ「北の者が地下の部屋に呪文を投げかけた時が勝負です。私は呪いの呪文に命を賭けて北の者の血を流してみせます。後の事はよろしくお願いいたします」	disk42/ｼﾛﾅｶ.png	disk43/ﾗﾝｽﾞ.png	KO	랜즈: 놈들이 지하실에 주문을 거는 순간이 기회입니다. 저는 목숨을 걸고 저주의 주문으로 반드시 북방 일족의 피를 흘리게 만들겠습니다. 그 다음은 두 분에게 맡기겠습니다.
disk42	NO84	1310	14	スシャ－ナ「わかりました。私はデビッドの魔王の血を復活させる迄は、死ぬわけにはまいりません。この次、会う時は暗黒の星で会いましょう」	disk42/ｼﾛﾅｶ.png	main/linR.png	KO	수잔나: 알겠어요. 데이비드 안의 마왕의 피를 깨우기 전까지는 저는 죽을 수 없어요. 다시 만날 때는 암흑의 별에서 만나요.
disk42	NO84	1320	15	門の中に車が次々と入って来る。	disk42/ｸﾙﾏ.png	main/linR.png	KO	성문 안으로 차들이 차례차례 들어오기 시작했다.
disk42	NO84	10000	54	ＤＡＴＡをＳＡＶＥしますか？　Ｙ／Ｎ	disk42/ｸﾙﾏ.png	main/linR.png	KO	
disk42	NO84	10040	60	ドライブ１に、ＳＡＶＥ・ディスクを入れて下さい。	disk42/ｸﾙﾏ.png	main/linR.png	KO	
disk42	NO84	10070	62	ドライブ１のディスクが違います。	disk42/ｸﾙﾏ.png	main/linR.png	KO	드라이브 1의 디스크가 다릅니다.
disk42	NO84	10110	63	ＳＡＶＥしました。ドライブ１のディスクに、ＭＡＩＮディスクを入れて下さい。	disk42/ｸﾙﾏ.png	main/linR.png	KO	
disk42	NO84	10150	65	ドライブ１のディスクが違います。	disk42/ｸﾙﾏ.png	main/linR.png	KO	드라이브 1의 디스크가 다릅니다.
disk42	84-1	900	0	デビッドが話す。	disk42/ｸﾙﾏ.png	main/linR.png	KO	데이비드가 말한다.
disk42	84-1	900	1	スシャ－ナが話す。	disk42/ｸﾙﾏ.png	main/linR.png	KO	수잔나가 말한다.
disk42	84-1	900	2	ランズが話す。	disk42/ｸﾙﾏ.png	main/linR.png	KO	랜즈가 말한다.
disk42	84-1	1325	3	スシャ－ナはデビッドの手を握り、ロ－ソクを持って地下に通じる廊下を走るように出て行った。	disk42/ﾛｳｶ2.png	main/linR.png	KO	수잔나는 데이비드의 손을 붙잡고 촛불을 든 채 지하로 이어지는 복도를 서둘러 달려갔다.
disk42	84-1	1330	4	廊下を左に曲がる。	disk42/ﾛｳｶ1.png	main/linR.png	KO	복도에서 왼쪽으로 꺾었다.
disk42	84-1	1335	5	しばらく行くと、扉の前に出た。	disk42/ﾄﾞｱ1.png	main/linR.png	KO	조금 더 가자, 문 하나가 나타났다.
disk42	84-1	1340	6	スシャ－ナが扉を開くと、地下に降りる階段が見えた。	disk42/ﾄﾞｱ1.png	main/linR.png	KO	수잔나가 문을 열자, 지하로 내려가는 계단이 보였다.
disk42	84-1	1350	7	その階段を降りると地下は酒だるが並び、倉庫になっていた。	disk42/ﾁｶ.png	main/linR.png	KO	그 계단을 내려가자, 술통들이 늘어서 있는 지하 창고가 나타났다.
disk42	84-1	1351	8	先に進と、また扉があった。	disk42/ﾄﾞｱ2.png	main/linR.png	KO	안쪽으로 더 들어가자, 또 다른 문이 나타났다.
disk42	84-1	1352	9	スシャ－ナは扉を開いた。中は暗く何も見えない。	disk42/ﾄﾞｱ2.png	main/linR.png	KO	수잔나가 문을 열었다. 안은 어두워 아무것도 보이지 않았다.
disk42	84-1	1353	10	スシャ－ナが壁のロ－ソクに火をつけ、その明かりで祭壇のロ－ソクにも火をともした。祭壇は浮き上がるように現れ、数々の祭器が並べられている。	disk42/ｻｲﾀﾝ.png	main/linR.png	KO	수잔나는 벽에 걸린 촛불을 밝힌 뒤, 제단의 촛불에도 차례로 불을 붙였다. 서서히 모습을 드러낸 제단에는 여러 제기들이 늘어서 있었다.
disk42	84-1	1354	11	スシャ－ナは、その中から４個の土で出来た人形のような物を手にとり、床に印した模様の上に人形を置いていく。その印は東西南北に位置していた。	disk42/ﾄﾞｷ.png	main/linR.png	KO	수잔나는 그중에서 흙으로 만든 인형 네 개를 집어 들고 바닥의 문양 위에 그것들을 놓았다. 네 문양은 동서남북을 향하고 있었다.
disk42	84-1	1370	12	スシャ－ナ「四方陣の用意が出来たわ。この魔導陣は北の呪文を防ぐ最大の力を持ってるから、この陣から出ないかぎり呪文にかかる心配はないの」	disk42/ｻｲﾀﾝ.png	main/linR.png	KO	수잔나: 사방진 준비가 끝났어요. 이건 북방의 주문을 막는 데 가장 강력한 마도진이에요. 이 안에서 벗어나지만 않으면 저주에 당할 걱정은 없어요.
disk42	84-1	1380	13	デビッド「もし北の者が武器を持って、扉を開けて入って来たらどうするんだ？　呪文は防げても拳銃の弾は防ぐ事が出来ないよ」	disk42/ｻｲﾀﾝ.png	main/davL.png	KO	데이비드: 하지만 놈들이 총을 들고 오면 어떻게 하지? 저주는 막아도 총알까지 막을 수는 없잖아.
disk42	84-1	1390	14	スシャ－ナ「北の王は呪いの呪文をとなえ続けているわ。だから入って来るのは北の王と違う人よ。その人は私が呪文をとなえているのを知って、私を殺そうとするに違いないわ」	disk42/ｻｲﾀﾝ.png	main/linR.png	KO	수잔나: 북방의 왕은 밖에서 계속 저주를 걸고 있을 거예요. 직접 들어오는 건 다른 북방 일족이겠죠. 놈들은 제가 주문을 유지하고 있다는 걸 알 테니 가장 먼저 저를 죽이려 들 거예요.
disk42	84-1	1400	15	スシャ－ナ「そのスキを狙って、デビッドがその相手を短剣で刺し、血を見るのよ。私も暗黒の魔導師、北の王を倒すために犠牲になるのは当然の事なの」	disk42/ｻｲﾀﾝ.png	main/linR.png	KO	수잔나: 그 틈을 노려 당신이 상대를 단검으로 찔러 피를 보는 거예요. 저도 암흑의 마도사예요. 북방의 왕을 쓰러뜨리기 위해 희생하는 것도 제 운명이에요.
disk42	84-1	1410	16	デビッド「じゃあスシャ－ナは死ぬつもりで？・・・俺はいやだよ。たとえ北の王を倒す事ができても、スシャ－ナを失うくらいなら逃げた方がましだ！」	disk42/ｻｲﾀﾝ.png	main/davL.png	KO	데이비드: 그럼, 수잔나는 죽을 각오로...? 난 싫어. 설령 북방의 왕을 쓰러뜨릴 수 있다 해도 수잔나를 잃을 바엔 차라리 도망치는 게 나아!
disk42	84-1	1420	17	スシャ－ナ「私が死ぬとはまだ決まっていないわ。フロオス王が私をまだ必要とするのなら助けてくれるでしょう。そのためにも北の王を倒さねばならないわ」	disk42/ｻｲﾀﾝ.png	main/linR.png	KO	수잔나: 제가 죽는다고 아직 정해진 것은 아니에요. 플로스 왕이 아직 저를 필요로 한다면 구해 주겠죠. 그러기 위해서라도 북방의 왕을 쓰러뜨려야 해요.
disk42	84-1	1430	18	スシャ－ナは部屋の扉を閉めて祭壇から短剣を取り、デビッドに渡した。	disk42/ｻｲﾀﾝ.png	main/linR.png	KO	수잔나는 문을 닫고 제단에서 단검을 꺼내 데이비드에게 건넸다.
disk42	84-1	1440	19	スシャ－ナ「これは呪いが入った魔剣ですから、相手に少しでも傷をつければ、その傷口から全ての血が流れて死ぬでしょう。相手に傷をつけるだけならデビッドでもできるわね？」	disk42/ｻｲﾀﾝ.png	main/linR.png	KO	수잔나: 이건 저주가 깃든 단검이라 조금이라도 상처를 내면 그 상처에서 온몸의 피가 빠져나가 결국 죽게 돼요. 상처 하나 정도라면 당신도 해낼 수 있죠?
disk42	84-1	1450	20	デビッド「相手の急所を狙うのは無理だが、どこでもよかったら俺にでもできるよ。だからスシャ－ナも生きのびる事だけを考えて戦ってくれよ！」	disk42/ｻｲﾀﾝ.png	main/davL.png	KO	데이비드: 치명상을 노리는 건 무리지만, 어디든 상관없다면 나도 할 수 있어. 그러니까 당신도 죽지 말고 어떻게든 살아남아줘!
disk42	84-1	1460	21	デビッド「スシャ－ナ、ランズさんはどうしているのか？・・・」	disk42/ｻｲﾀﾝ.png	main/davL.png	KO	데이비드: 수잔나, 랜즈 씨는 어떻게 됐을까...?
disk42	84-1	1465	22	デビッド「うっ！　身体が！・・・血管が・・・焼きつくように・・・うわぁ！！」	disk42/ｸﾙｼﾑ.png	main/davL.png	KO	데이비드: 윽! 몸이...! 혈관이... 타들어 가는 것 같아... 으아악!!
disk42	84-1	1470	23	スシャ－ナ「北の王の呪いの呪文よ！　デビッド！　計画通りにしてね！」	disk42/ｸﾙｼﾑ.png	main/davL.png	KO	수잔나: 북방의 왕의 저주예요! 데이비드, 계획대로 해요!
disk42	84-1	1480	24	スシャ－ナが呪文をとなえ始めると、デビッドの身体はもと通りになっていった。	disk42/ﾄﾞｷ.png	main/davL.png	KO	수잔나가 주문을 외우자, 데이비드를 덮치던 고통이 서서히 가라앉기 시작했다.
disk42	84-1	1490	25	デビッドにはスシャ－ナの呪文は聞こえるが、北の王の呪文は聞えなくなった。	disk42/ｻｲﾀﾝ.png	main/davL.png	KO	데이비드의 귀에는 수잔나의 주문만 들릴 뿐, 북방의 왕의 저주는 느껴지지 않았다.
disk42	84-1	1500	26	時がたつにつれ、スシャ－ナの額から汗がにじみはじめた。呪文の声に力がなくなっていくように感じてきた。	disk42/ｻｲﾀﾝ.png	main/davL.png	KO	시간이 흐를수록 수잔나의 이마에는 식은땀이 맺혔고, 주문을 외우는 목소리에도 점점 힘이 빠져 갔다.
disk42	84-1	1510	27	デビッドは短剣を構えて扉をにらんでいるが、扉からは人の気配すら感じない。その時、扉の外で叫び声が起こった。	disk42/ﾄﾞｱ3.png	main/davL.png	KO	데이비드는 단검을 들고 문을 노려봤지만, 문 너머에서는 사람의 기척조차 느껴지지 않았다. 그때, 문 밖에서 비명이 터졌다.
disk42	84-1	1520	28	デビッドには、その叫び声がランズの声のように思えた。ランズは殺されたのか・・・攻撃は失敗したようだ。	disk42/ﾄﾞｱ3.png	main/davL.png	KO	데이비드는 그 비명이 랜즈의 것이라고 생각했다. 기습이 실패해서... 랜즈가 당한 것 같았다.
disk42	84-1	1530	29	階段から大勢の人間が降りて来る足音が、デビッドに聞こえた。ランズの行動で北の一族が地下に攻撃をかけてきたのだ。	disk42/ﾄﾞｱ3.png	main/davL.png	KO	계단에서 여러 사람이 한꺼번에 내려오는 발소리가 울렸다. 랜즈의 기습으로 북방 일족이 지하실을 알아챈 것이다.
disk42	84-1	1540	30	扉がにぶい音を立てて震えた。北の者が扉に体当たりをかけているようだ。３回目の衝撃で扉が開いた。	disk42/ﾄﾞｱ3.png	main/davL.png	KO	문이 둔탁한 소리를 내며 떨렸다. 북방 일족들이 문에 몸을 부딪치고 있는 듯했다. 결국 세 번째 충격과 함께 문이 열렸다.
disk42	84-1	1550	31	デビッドはスシャ－ナを守るために最初に入ってきた者から殺そうと見構えていたが、誰も入ってこなかった。スシャ－ナを見るとまだ呪文をとなえ続けている。	disk42/ﾄﾞｱ3.png	main/davL.png	KO	데이비드는 수잔나를 지키기 위해 가장 먼저 들어오는 자부터 죽이려고 벼르고 있었지만, 아무도 들어오지 않았다. 수잔나는 여전히 주문을 외우고 있었다.
disk42	84-1	1560	32	その時、鉄の塊が床を転がってデビッドとスシャ－ナのそばで止まった。デビッドはその後も次々と鉄の塊が転がって来るのを見た。	disk42/ﾄﾞｱ3.png	main/davL.png	KO	그때, 쇳덩어리 하나가 바닥을 굴러 두 사람 옆에서 멈췄다. 이어서 똑같은 물건들이 연달아 방 안으로 굴러 들어왔다.
disk42	84-1	1570	33	その瞬間、物凄い爆発が次々と起こり地下の部屋を激震させた。鉄の塊は手留弾だったのだ。デビッドもスシャ－ナもそれを知る事もできず、爆発に巻き込まれていった。	disk42/ﾊﾞｸﾊ.png	main/davL.png	KO	그 순간, 엄청난 폭발이 연이어 일어나 지하실을 격렬하게 뒤흔들었다. 그 쇳덩어리들은 수류탄이었던 것이다. 데이비드와 수잔나는 그것이 무엇인지 깨달을 틈도 없이 폭발에 휩쓸렸다.
disk42	84-1	1580	34	一人の男が地下の階段を降りて来た。セント・ラドフ教会のメリ－ズ大司教だ。魔導師達はメリ－ズ大司教を北の王と呼んでいる。	disk42/ｷﾀｵｳ.png	main/davL.png	KO	잠시 후, 한 남자가 지하 계단을 내려왔다. 세인트 라도프 교회의 메리즈 대주교, 마도사들이 북방의 왕이라 부르는 바로 그 존재였다.
disk42	84-1	1590	35	北の王「馬鹿な奴等だ。時代が変われば、呪文が最大の武器でない時もあるのに・・・科学文明の時代には、それなりの武器を使う者が勝利者となれるのだ」	disk42/ｷﾀｵｳ.png	main/davL.png	KO	북방의 왕: 어리석은 놈들, 시대가 바뀌면 주문만이 최선이 아닐 때도 있는 법이거늘... 과학문명의 시대에는 그 시대에 걸맞은 무기를 사용할 줄 아는 자가 승리를 쟁취하는 것이다.
disk42	84-1	1600	36	北の王「私どもの戦いには善も悪もなかった。ただ北の王の血を断つか、魔王の血を断つかしかないのだ。魔王の血を断ったいま、北の王の血がながらえたとしても、何も意味がない」	disk42/ｷﾀｵｳ.png	main/davL.png	KO	북방의 왕: 우리의 싸움에는 선도 악도 없었다. 결국 어느 쪽 피가 먼저 끊어지느냐뿐이었다. 마왕의 피가 끊어진 이상, 북방의 왕의 피가 이어진다 한들 이제 아무 의미도 없겠지.
disk42	84-1	1610	37	北の王「だが古代からの争いは、私の代で終わりを告げる事ができた。私は神のしもべとしての義務を果たすために、人間でなく暗黒の魔物達を殺したのだ」	disk42/ｷﾀｵｳ.png	main/davL.png	KO	북방의 왕: 하지만 고대로부터의 싸움은 내 대에서 끝을 낼 수 있어 다행이다. 나는 신의 종으로서 의무를 다하기 위해 인간이 아니라 암흑의 마물들을 죽인 것이다.
disk42	84-1	1620	38	北の王「さあ、皆帰ろう。今夜は魔物を退治をした夢を見ているのだ。明日になれば夢はさめ、時が忘れ去らせてくれる・・・」	disk42/ｷﾀｵｳ.png	main/davL.png	KO	북방의 왕: 자, 모두 돌아가자. 오늘 밤 우리는 그저 마물을 퇴치하는 꿈을 꾼 것이다. 내일이 되면 꿈에서 깨어나, 시간이 모든 것을 잊게 해 줄 것이다...
disk42	84-1	1630	39	北の王達は階段を上がって行った。地下の部屋には、デビッドとスシャ－ナの姿は消えていた・・・。	disk42/ｷﾀｵｳ.png	main/davL.png	KO	북방의 왕은 계단을 올라갔다. 지하실에는 데이비드와 수잔나의 모습이 보이지 않았다...
disk42	84-1	1640	40	北の王達の車が去った城は、荒野の中で主人を失った生き物のように、星明かりに照らされ息をひそめて闇に浮かんでいた。	disk42/Sｼﾛ.png	main/davL.png	KO	북방 일족이 떠난 성은 황야 속에서 주인을 잃은 생물처럼 별빛을 받으며 숨을 죽인 채 어둠 속에 떠 있었다.
disk42	84-1	1650	41	暗黒の空の一隅に微かに瞬くすい星が、主を失って悲しむように急速に光を減じていった。	disk42/Sｼﾛ.png	main/davL.png	KO	어두운 하늘 한구석에서 희미하게 빛나던 혜성도 주인을 잃어 슬퍼하듯 급속히 빛을 잃어 갔다.
disk42	84-1	1660	42	まるで壊れた鏡（ミラ－）の破片が深海の奥底に沈んでゆくように、漂いながら・・・深く・・・そしてもっと深く・・・。	disk42/Sｼﾛ.png	main/davL.png	KO	마치 깨진 거울(MIRROR)의 조각이 깊은 바닷속으로 가라앉듯이, 표류하며... 깊이... 그리고 더욱 깊은 곳으로...
disk42	84-1	3000	43	ＣＤ－ＲＯＭよりＤＡＴＡの読み込みを始めます。ＨＩＴ　ＡＮＹ　ＫＥＹ	disk42/Sｼﾛ.png	main/davL.png	KO	CD-ROM에서 데이터 읽습니다. 아무 키나 눌러주세요.
disk42	84-1	3010	44	　　　　　　　　ＣＤ－ＲＯＭよりＤＡＴＡを読み込み中	disk42/Sｼﾛ.png	main/davL.png	KO	데이터를 읽는 중...
disk42	84-1	10000	92	ＤＡＴＡをＳＡＶＥしますか？　Ｙ／Ｎ	disk42/Sｼﾛ.png	main/davL.png	KO	
disk42	84-1	10040	98	ドライブ１に、ＳＡＶＥ・ディスクを入れて下さい。	disk42/Sｼﾛ.png	main/davL.png	KO	
disk42	84-1	10070	100	ドライブ１のディスクが違います。	disk42/Sｼﾛ.png	main/davL.png	KO	드라이브 1의 디스크가 다릅니다.
disk42	84-1	10110	101	ＳＡＶＥしました。ドライブ１のディスクに、ＭＡＩＮディスクを入れて下さい。	disk42/Sｼﾛ.png	main/davL.png	KO	
disk42	84-1	10150	103	ドライブ１のディスクが違います。	disk42/Sｼﾛ.png	main/davL.png	KO	드라이브 1의 디스크가 다릅니다.
disk43	END	1000	2	登　場　人　物			KO	등장인물
disk43	END	1040	4	エレノビジョン・ボ－カル			KO	엘레노 비전 보컬
disk43	END	1050	5	・・・　デビット　・・・			KO	***데이비드***
disk43	END	1100	7	エレノビジョン・マネ－ジャ			KO	엘레노 비전 매니저
disk43	END	1110	8	・・・　スシャ－ナ　・・・			KO	***수잔나***
disk43	END	1160	10	エレノビジョン・メンバ－			KO	엘레노 비전 멤버
disk43	END	1170	11	・・・　アンドリュ－　・・・			KO	***앤드류***
disk43	END	1210	13	エレノビジョン・メンバ－			KO	엘레노 비전 멤버
disk43	END	1220	14	・・・　アラン　・・・			KO	***앨런***
disk43	END	1260	16	エレノビジョン・メンバ－			KO	엘레노 비전 멤버
disk43	END	1270	17	・・・　マ－チン　・・・			KO	***마틴***
disk43	END	1310	19	ＶＩＥＷＳ・レコ－ド　社長			KO	Views 레코드 사장
disk43	END	1320	20	・・・　リチャ－ド　・・・			KO	***리차드***
disk43	END	1360	22	セント・ラドフ教会　大司教			KO	세인트 라도프 교회 대주교
disk43	END	1370	23	・・・　メリ－ズ　・・・			KO	***메리즈***
disk43	END	1410	25	暗黒の魔王			KO	암흑의 마왕
disk43	END	1420	26	・・・　フロオス王　・・・			KO	***플로스 왕***
disk43	END	1460	28	イギリスの探偵			KO	영국 탐정
disk43	END	1470	29	・・・　クラ－ク　・・・			KO	***클라크***
disk43	END	1510	31	探偵クラ－クの助手			KO	탐정 조수
disk43	END	1520	32	・・・　ヴインス　・・・			KO	***빈스***
disk43	END	1560	34	暗黒の魔導師			KO	암흑의 마도사
disk43	END	1570	35	・・・　ギルド　・・・			KO	***길드***
disk43	END	1610	37	暗黒の魔導師			KO	암흑의 마도사
disk43	END	1620	38	・・・　リサ　・・・			KO	***리사***
disk43	END	1660	40	暗黒の魔導師			KO	암흑의 마도사
disk43	END	1670	41	・・・　グレック　・・・			KO	***그렉***
disk43	END	1710	43	暗黒の魔導師			KO	암흑의 마도사
disk43	END	1720	44	・・・　リ－バス　・・・			KO	***리바스***
disk43	END	1760	46	暗黒の魔導師			KO	암흑의 마도사
disk43	END	1770	47	・・・　パロウズ　・・・			KO	***버로스***
disk43	END	1810	49	暗黒の魔導師			KO	암흑의 마도사
disk43	END	1820	50	・・・　エミリ－　・・・			KO	***에밀리***
disk43	END	1860	52	暗黒の魔導師			KO	암흑의 마도사
disk43	END	1870	53	・・・　ランズ　・・・			KO	***랜즈***
disk43	END	1910	55	暗黒の魔導師			KO	암흑의 마도사
disk43	END	1920	56	・・・　アンリ－　・・・			KO	***앙리***
disk43	END	1960	58	暗黒の魔導師			KO	암흑의 마도사
disk43	END	1970	59	・・・　ト－マス　・・・			KO	***토마스***
disk43	END	2010	61	イタリヤの画家			KO	이탈리아 화가
disk43	END	2020	62	・・・　ゲッヘル　・・・			KO	***쾨헬***
disk43	END	2060	64	興行事務所の社員			KO	공연 기획사 직원
disk43	END	2070	65	・・・　ディミ－ル　・・・			KO	***디미르***
disk43	END	2110	67	フロオス王の従者			KO	플로스 왕의 종자
disk43	END	2120	68	・・・　ラフィル　・・・			KO	***라필***
disk43	END	2160	70	フロオス王の従者			KO	플로스 왕의 종자
disk43	END	2170	71	・・・　ホルカイ　・・・			KO	***홀카이***
disk43	END	2510	73	芸能記者（北の魔導師）			KO	연예 기자 (북방의 마도사)
disk43	END	2520	74	・・・　コ－ナ　・・・			KO	***코너***
disk43	END	2560	76	依頼人（北の魔導師）			KO	의뢰인 (북방의 마도사)
disk43	END	2570	77	・・・　ジェイフ　・・・			KO	***제프***
disk43	END	2610	79	フロオス王を裏切った男			KO	플로스 왕을 배신한 남자
disk43	END	2620	80	・・・　フェンリル　・・・			KO	***펜릴***
disk43	END	2660	82	超能力魔術師			KO	초능력 마술사
disk43	END	2670	83	・・・　クロスト　・・・			KO	***크로스트***
disk43	END	2710	85	北の王の部下			KO	북방의 왕의 부하
disk43	END	2720	86	・・・・・・・・・・・			KO	******
disk43	END	3010	88	精神病院の医師			KO	정신병원 의사
disk43	END	3020	89	・・・・・・・・・・・			KO	* * * * * *
disk43	END	3110	91	トランプ賭博師			KO	트럼프 도박사
disk43	END	3120	92	・・・・・・・・・・・			KO	* * * * * *
disk43	END	3160	94	イタリアのレストラン			KO	이탈리아 레스토랑
disk43	END	3170	95	・・・　マスタ－　・・・			KO	***주인***
disk43	END	3210	97	ライブハウス・マギ－の経営者			KO	라이브 하우스 마키의 경영자
disk43	END	3220	98	・・・・・・・・・・・			KO	* * * * * *
disk43	END	3310	100	夢の中の女			KO	꿈속의 여자
disk43	END	3320	101	・・・・・・・・・・・			KO	* * * * * *
disk43	END	3360	103	夢の中の老人			KO	꿈속의 노인
disk43	END	3370	104	・・・・・・・・・・・			KO	* * * * * *
disk43	END	3410	106	夢の中の老人			KO	꿈속의 노인
disk43	END	3420	107	・・・・・・・・・・・			KO	* * * * * *
disk43	END	3460	109	夢の牢獄の男			KO	꿈속의 죄수
disk43	END	3470	110	・・・・・・・・・・・			KO	* * * * * *
menu	menu	1190	0	ＭＩＲＲＯＲＳ　ＭＥＮＵ			KO	MIRRORS MENU
menu	menu	1200	1	ゲームを最初から始める。			KO	처음부터 시작하기
menu	menu	1210	2	ゲームを途中から始める。			KO	중간부터 시작하기
menu	menu	1214	3	場面保存・ディスクを作る。			KO	저장 디스크 만들기
menu	menu	1215	4	システムを設定する。			KO	시스템 설정
menu	menu	1216	5	［８］・［２］のキ－で選択、決定はリタ－ン・キ－です。			KO	[8]/[2]로 선택하고, 엔터를 눌러주세요.
menu	menu	1260	6	ドライブ１に、ブランク・ディスクを入れて下さい。			KO	드라이브 1에 빈 디스크를 넣어주세요.
menu	menu	1261	7	ドライブ１のディスクが消されます。間違いありませんか？　（Ｙ／Ｎ）			KO	드라이브 1의 디스크가 지워집니다. 괜찮으십니까? (Y/N)
menu	menu	1268	13	ドライブ１のディスクに、プログラムをＳＡＶＥしています。			KO	드라이브 1의 디스크에 프로그램을 저장하고 있습니다.
menu	menu	1285	14	　　　場面保存・ディスクが出来ました。			KO	      저장 디스크가 완성되었습니다.
menu	menu	1286	15	　　　ディスクに名前を書いて下さい。			KO	      디스크에 이름을 적어주세요.
menu	menu	1300	16	ドライブ１とドライブ２に、ブランク・ディスクを入れて下さい。			KO	드라이브 1, 2에 빈 디스크를 넣어주세요.
menu	menu	1304	17	ドライブ１とドライブ２のディスクのＤＡＴＡが消されます。			KO	드라이브 1, 2의 디스크 데이터가 삭제됩니다.
menu	menu	1305	18	間違いありませんか？　（Ｙ／Ｎ）			KO	괜찮으십니까? (Y/N)
menu	menu	1320	26	ドライブ１のディスクを、ＦＯＲＭＡＴしています。			KO	드라이브 1의 디스크를 포맷합니다.
menu	menu	1370	27	ドライブ１のディスクに、プログラムをＳＡＶＥしています。			KO	드라이브 1의 디스크에 프로그램을 저장합니다.
menu	menu	1410	30	ドライブ２のディスクを、ＦＯＲＭＡＴしています。			KO	드라이브 2의 디스크를 포맷합니다.
menu	menu	1450	31	ドライブ２のディスクに、プログラムをＳＡＶＥしています。			KO	드라이브 2의 디스크에 프로그램을 저장합니다.
menu	menu	1600	34	ドライブ１のディスクが、ＭＡＩＮ・ディスクです。ＭＡＩＮ・ディスクに名前を書いて下さい。			KO	드라이브 1의 디스크가 메인 디스크입니다. 이름을 적어주세요.
menu	menu	1700	35	ドライブ２のディスクが、ゲ－ム・ディスクです。ゲ－ム・ディスクにも名前を書いて下さい。			KO	드라이브 2의 디스크가 게임 디스크입니다. 이름을 적어주세요.
menu	menu	1750	36	ドライブ１に、ＭＡＩＮ・ディスクを入れて下さい。			KO	드라이브 1에 메인 디스크를 넣어주세요.
menu	menu	1780	37	ドライブ２に、ゲ－ム・ディスクを入れて下さい。			KO	드라이브 2에 게임 디스크를 넣어주세요.
menu	menu	1820	39	  ドライブ１の、ＭＡＩＮ・ディスクが違います。			KO	드라이브 1이 메인 디스크가 아닙니다.
menu	menu	1870	41	ドライブ２の、ゲ－ム・ディスクが違います。			KO	드라이브 2가 게임 디스크가 아닙니다.
menu	menu	2010	43	    ドライブ１に、場面保存・ディスクを入れて下さい。			KO	드라이브 1에 메인 디스크를 넣어주세요.
menu	menu	2026	45	ドライブ１のディスクが、場面ＳＡＶＥ・ディスクと違います。			KO	드라이브 1이 메인 디스크가 아닙니다.
menu	menu	2260	46	場面保存・ディスクの、ＤＡＴＡが不良です。			KO	저장 데이터에 오류가 있습니다.
menu	menu	2265	47	最初から始めて下さい。			KO	처음부터 다시 시작해 주십시오.
menu	menu	2400	48	ドライブ１に、ＭＡＩＮ・ディスク			KO	드라이브 1에 메인 디스크를 넣어주세요.
menu	menu	2405	49	ドライブ２に、ゲ－ム・ディスクを入れて下さい。			KO	드라이브 2에 게임 디스크를 넣어주세요.
menu	menu	2430	51	  ドライブ１の、ディスクが、ＭＡＩＮ・ディスクと違います。			KO	드라이브 1이 메인 디스크가 아닙니다.
menu	menu	3020	53	ドライブ２の、ゲ－ム・ディスクが、ＳＡＶＥした時のディスクと違います。このディスクをゲ－ム・ディスクにしてもいいですか？　（Ｙ／Ｎ）			KO	드라이브 2의 게임 디스크가 저장했을 때와 다릅니다.
menu	menu	3090	59	ドライブ２のディスクに、ゲ－ム・ディスクを入れて下さい。			KO	드라이브 2에 게임 디스크를 넣어주세요.
menu	menu	3105	62	ドライブ２のディスクを、ＦＯＲＭＡＴしています。			KO	드라이브 2의 디스크를 포맷합니다.
menu	menu	3130	63	ドライブ２のディスクに、プログラムをＳＡＶＥしています。			KO	드라이브 2의 디스크에 프로그램을 저장합니다.
menu	menu	4000	64	用意ができたら、リタ－ン・キ－を押して下さい。			KO	준비가 됐으면 엔터를 눌러주세요.
menu	menu	4001	65	ＭＥＮＵに戻る時は、［ＥＳＣ］キ－を押して下さい。			KO	메뉴로 돌아가려면 [ESC] 키를 눌러주세요.
menu	menu	9040	70	ＣＤ音楽リピ－ト　：　ＯＮ  ＯＦＦ			KO	CD 음악 반복재생:
menu	menu	9050	71	文字表示スピ－ド　：　１・２・３			KO	문자 표시 속도:
menu	menu	9100	72	８・２で選択して４・６で設定しリタ－ンで決定して下さい			KO	[8]/[2]로 선택하고 [4]/[6]으로 설정한 뒤, 엔터를 눌러주세요.
disk44	NO21	2010	0	クラ－クが話す。			KO	클라크가 말한다.
disk44	NO21	2010	1	ヴィンスが話す。			KO	빈스가 말한다.
disk44	NO21	2010	2	ホテルの前を見る。			KO	호텔 앞을 살핀다.
disk44	NO21	2020	3	その頃、クラ－クとヴィンスの二人が乗った車が、ホテルの前に止まっている。	disk44/Hｸﾙﾏ.png		KO	그 무렵, 클라크와 빈스가 탄 차가 호텔 앞에 세워져 있었다.
disk44	NO21	2200	4	クラ－ク「今夜も何も起こりそうにないようだ」	disk44/Hｸﾙﾏ.png	main/ｸﾗｰｸ.png	KO	클라크: 오늘 밤도 별일은 없을 것 같군.
disk44	NO21	2210	5	ヴィンス「危なかったですね。所長、あの竜巻がコンサ－トの時にと思うと、ぞっとしますよ」	disk44/Hｸﾙﾏ.png	main/ｳｲﾝｽ.png	KO	빈스: 정말 위험하지 않았나요, 소장님? 그 회오리바람이 공연 때 일어났다고 생각하면 소름이 돋아요.
disk44	NO21	2220	6	クラ－ク「あぁ・・・しかし、あそこで竜巻が起こったなんて、信じられない」	disk44/Hｸﾙﾏ.png	main/ｸﾗｰｸ.png	KO	클라크: 그러게 말일세... 그런 곳에서 회오리바람이 일어나다니 도무지 믿기지가 않는군.
disk44	NO21	2230	7	ヴィンス「ラジオのニュ－スでは竜巻が局地的なもので、すぐに消えたそうです」	disk44/Hｸﾙﾏ.png	main/ｳｲﾝｽ.png	KO	빈스: 라디오 뉴스에 따르면 국지적인 기상이변이라서 금방 사라졌다고 합니다.
disk44	NO21	2240	8	ヴィンスはフランス語・ドイツ語・中国語そして第二の故郷である日本語もペラペラに話せる。	disk44/Hｸﾙﾏ.png	main/ｳｲﾝｽ.png	KO	빈스는 프랑스어, 독일어, 중국어 그리고 제2의 고향인 일본어도 유창하게 말할 수 있었다.
disk44	NO21	2250	9	クラ－ク「確かに連中が来てから、変な事件が起き始めている。何か嫌な予感がするな」	disk44/Hｸﾙﾏ.png	main/ｸﾗｰｸ.png	KO	클라크: 확실히 저 녀석들이 나타난 뒤부터 이상한 사건이 계속 벌어지고 있네. 왠지 불길한 예감이 드는군.
disk44	NO21	2260	10	ヴィンス「嫌な予感がするなら帰りましょうよ。ここは別に怪しい動きもないし」	disk44/Hｸﾙﾏ.png	main/ｳｲﾝｽ.png	KO	빈스: 그렇게 불길하면 그냥 돌아가죠. 여기는 딱히 수상한 움직임도 없잖아요.
disk44	NO21	2270	11	クラ－ク「ヴィンス君！　まったく君は持続力が無いのが欠点だな。もっと情熱をもって仕事をしたまえ」	disk44/Hｸﾙﾏ.png	main/ｸﾗｰｸ.png	KO	클라크: 빈스 군! 자네는 정말 끈기가 없는 게 문제일세. 좀 더 열정을 가지고 일을 하게.
disk44	NO21	2280	12	ヴィンス「所長！　あれを」	disk44/Hｸﾙﾏ.png	main/ｳｲﾝｽ.png	KO	빈스: 소장님, 저것은!
disk44	NO21	2300	13	クラ－ク「スシャ－ナ・リンだ！みてみろ動きだしたぞ」	disk44/Hｸﾙﾏ.png	main/ｸﾗｰｸ.png	KO	클라크: 수잔나 린! 드디어 움직이기 시작했군.
disk44	NO21	2310	14	ヴィンス「ただの買い物と違いますか」	disk44/Hｸﾙﾏ.png	main/ｳｲﾝｽ.png	KO	빈스: 그냥 쇼핑하러 가는 거 아닐까요?
disk44	NO21	2320	15	クラ－ク「馬鹿者が！　こんな夜中に買い物に行く奴がいるか、早く追い掛けるのだ」	disk44/Hｸﾙﾏ.png	main/ｸﾗｰｸ.png	KO	클라크: 이 멍청한 자식! 이런 오밤중에 쇼핑하러 나온 사람이 어디 있나, 빨리 뒤쫓아!
disk44	NO21	2330	16	ヴィンス「は、はい！・・・」	disk44/Hｸﾙﾏ.png	main/ｳｲﾝｽ.png	KO	빈스: 네, 네엡!
disk44	NO21	2340	17	クラ－ク達を乗せた車は、スシャ－ナを尾行するため、ゆっくりと動きだした。	disk44/ｸﾙﾏ.png	main/ｳｲﾝｽ.png	KO	탐정들의 차는 수잔나를 미행하기 위해 조용히 움직이기 시작했다.
disk44	NO21	2350	18	深夜となると、ホテルも玄関の明かりだけ残して外には誰もいない。シ－ンと静まりかえっている。	disk44/Hｸﾙﾏ.png	main/ｳｲﾝｽ.png	KO	한밤중이 되자, 호텔도 현관 불빛만 남아 있었다. 밖에는 인적도 없어 적막만 감돌았다.
disk44	NO21	2360	19	ホテルの玄関から女性が一人、小走りに出て行く・・・	disk44/Hｸﾙﾏ.png	main/ｳｲﾝｽ.png	KO	호텔 출입구에서 한 여자가 빠른 걸음으로 빠져나왔다...
disk44	NO21	2995	20	ヴィンス「リンはどこに行くのでしょうね」	disk44/ｸﾙﾏ.png	main/ｳｲﾝｽ.png	KO	빈스: 린은 어디로 가는 걸까요?
disk44	NO21	3000	21	クラ－ク「気づかれないように静かに走れ、どこかでタクシ－を拾うかも知れない」	disk44/ｸﾙﾏ.png	main/ｸﾗｰｸ.png	KO	클라크: 들키지 않게 천천히 따라가게. 어디선가 택시를 잡을지도 모르네.
disk44	NO21	3010	22	ヴィンス「そうですね。深夜の街を女性が一人で歩くのは危険ですよ」	disk44/ｸﾙﾏ.png	main/ｳｲﾝｽ.png	KO	빈스: 그렇네요. 이런 시간에 여자 혼자 돌아다니는 건 위험하니까요.
disk44	NO21	3020	23	クラ－ク「深夜だというのに、リンは走るように歩いている。タクシ－を拾うのなら明るい所で待てばいい筈なのに・・・」	disk44/ｸﾙﾏ.png	main/ｸﾗｰｸ.png	KO	클라크: 그런데 린이 뛰다시피 걷고 있군. 택시를 잡을 거면 밝은 곳에서 기다리면 될 텐데...
disk44	NO21	3030	24	ヴィンス「そうですよ。タクシ－に乗るのでしたらホテルから電話しています」	disk44/ｸﾙﾏ.png	main/ｳｲﾝｽ.png	KO	빈스: 그렇네요. 택시를 탈 거라면 호텔에서 전화로 불러도 될 텐데...
disk44	NO21	3040	25	クラ－ク「ヴィンス！　リンは誰かと会う為にホテルを出たに違い無い。それも人に気づかれてはまずい相手だ・・・」	disk44/ｸﾙﾏ.png	main/ｸﾗｰｸ.png	KO	클라크: 빈스! 린은 누군가를 몰래 만나러 나온 게 틀림없네. 그것도 남들에게 들켜서는 안 되는 상대겠지...
disk44	NO21	3050	26	ヴィンス「所長！　リンが路地に入りました。車が入れません」	disk44/ｸﾙﾏ.png	main/ｳｲﾝｽ.png	KO	빈스: 소장님! 린이 골목으로 들어갔습니다. 차로는 못 따라갑니다.
disk44	NO21	3060	27	クラ－ク「気づかれたか！　車から降りて追跡するのだ。急げ！」	disk44/ｸﾙﾏ.png	main/ｸﾗｰｸ.png	KO	클라크: 눈치챈 건가! 내려서 쫓아가세, 어서!
disk44	NO21	3070	28	ヴィンス「所長！　待って下さい。シ－トベルトが外れません」	disk44/ｸﾙﾏ.png	main/ｳｲﾝｽ.png	KO	빈스: 소장님! 잠깐만요. 안전벨트가 안 풀려요!
disk44	NO21	3080	29	クラ－クとヴィンスが路地に入った時には、スシャ－ナ・リンの姿は消え、足音も聞こえない。	disk44/ﾛｼﾞ3.png	main/ｳｲﾝｽ.png	KO	클라크와 빈스가 골목에 뛰어들었을 때는 이미 수잔나 린의 모습은 사라졌고 발소리조차 들리지 않았다.
disk44	NO21	3090	30	二人は路地を走り抜ける。	disk44/ﾛｼﾞ3.png	main/ｳｲﾝｽ.png	KO	두 사람은 골목 끝까지 전력으로 달렸다.
disk44	NO21	3095	31	二人が通りにでた時には人影も無く、車のライトが流れているだけだった。	disk44/ﾖﾙﾏﾁ.png	main/ｳｲﾝｽ.png	KO	두 사람이 거리로 나왔을 때는 사람의 그림자도 없었고, 자동차의 불빛만 거리를 스쳐 지나갈 뿐이었다.
disk44	NO21	3100	32	クラ－ク「見失ったか・・・それにしてもどこに行こうとしていたのだ・・・」。	disk44/ﾖﾙﾏﾁ.png	main/ｸﾗｰｸ.png	KO	클라크: 놓친 건가... 그나저나 대체 어디로 가려던 걸까...
disk44	NO21	3110	33	ヴィンス「おかしいな？　この路地は一本道で、他に抜ける道はないのに・・・」	disk44/ﾖﾙﾏﾁ.png	main/ｳｲﾝｽ.png	KO	빈스: 이상한데요? 이 골목은 외길이라 다른 출구가 없을 텐데...
disk44	NO21	3120	34	リンの謎の失そうに、クラ－クの疑惑は、ますます深まっていった。	disk44/ﾖﾙﾏﾁ.png	main/ｳｲﾝｽ.png	KO	흔적도 없이 사라진 린의 모습에 클라크의 의혹은 더욱 깊어져 갔다.
disk44	NO21	9910	61	デビッド「ウワァッ！！・・・・、ハァ、ハァ・・」	main/MEU4.png	main/ｳｲﾝｽ.png	KO	데이비드: 으아악!! ...하아, 하아...
disk44	NO21	10000	68	ＤＡＴＡをＳＡＶＥしますか？　Ｙ／Ｎ	main/MEU4.png	main/ｳｲﾝｽ.png	KO	
disk44	NO21	10040	74	ドライブ１に、ＳＡＶＥ・ディスクを入れて下さい。	main/MEU4.png	main/ｳｲﾝｽ.png	KO	
disk44	NO21	10070	76	ドライブ１のディスクが違います。	main/MEU4.png	main/ｳｲﾝｽ.png	KO	드라이브 1의 디스크가 다릅니다.
disk44	NO21	10110	77	ＳＡＶＥしました。ドライブ１のディスクに、ＭＡＩＮディスクを入れて下さい。	main/MEU4.png	main/ｳｲﾝｽ.png	KO	
disk44	NO21	10150	79	ドライブ１のディスクが違います。	main/MEU4.png	main/ｳｲﾝｽ.png	KO	드라이브 1의 디스크가 다릅니다.
disk44	21-1	1000	0	翌日デビッドは、悪夢を忘れるように、マ－ティンと二人で新曲の詩を練っていた。	disk44/Mﾍﾔ.png	main/ｳｲﾝｽ.png	KO	다음 날, 데이비드는 악몽을 잊으려는 듯 마틴과 함께 신곡의 가사를 다듬고 있었다.
disk44	21-1	1010	1	デビッドが話す。	disk44/Mﾍﾔ.png	main/ｳｲﾝｽ.png	KO	데이비드가 말한다.
disk44	21-1	1010	2	マ－ティンが話す。	disk44/Mﾍﾔ.png	main/ｳｲﾝｽ.png	KO	마틴이 말한다.
disk44	21-1	1100	3	マ－ティン「この新曲の題名は、どうしょう」	disk44/Mﾍﾔ.png	main/marL.png	KO	마틴: 이 신곡 제목은 뭘로 할까?
disk44	21-1	1110	4	デビッド「曲の題名は［ＰＲＡＹＥＲＳ］なんてどうかな」	disk44/Mﾍﾔ.png	main/davL.png	KO	데이비드: `PRAYERS'는 어때?
disk44	21-1	1115	5	デビッドは、悪夢からのがれるための願望からか、そう言ってしまった。	disk44/Mﾍﾔ.png	main/davL.png	KO	데이비드는 악몽에서 벗어나고 싶다는 소망 때문인지 무심코 말해 버렸다.
disk44	21-1	1120	6	マ－ティン「お祈りする人達か、神秘感があっていいな、新曲の題名にぴったしだ。それでいこう」	disk44/Mﾍﾔ.png	main/marL.png	KO	마틴: 기도하는 사람들이라... 신비로운 느낌도 있고 곡 분위기에 딱 맞네. 그걸로 하자.
disk44	21-1	1130	7	デビッド「今日は寝過ぎたので、スシャ－ナに会っていないが、彼女どうしている？」	disk44/Mﾍﾔ.png	main/davL.png	KO	데이비드: 오늘 늦잠을 자는 바람에 수잔나를 못 봤는데, 지금 뭐 하고 있어?
disk44	21-1	1140	8	マ－ティン「明日のコンサ－トの打合せに出掛けると言って、９時頃でていったが、何か用事でも」	disk44/Mﾍﾔ.png	main/marL.png	KO	마틴: 내일 공연 관련 미팅이 있다면서 9시쯤 나갔어. 무슨 볼일이라도 있어?
disk44	21-1	1150	9	デビッド「いや、昼からアンドリュ－と城巡りに行くから、ただ聞いてみただけだ」	disk44/Mﾍﾔ.png	main/davL.png	KO	데이비드: 아니, 오후에 앤드류랑 성 구경을 갈 거라 그냥 물어본 거야.
disk44	21-1	1170	10	その頃、スシャ－ナは街を歩いていた。その後ろを探偵のクラ－クとヴィンスが歩いている。	disk44/ﾏﾁ2.png	main/davL.png	KO	그 무렵, 수잔나는 거리를 걷고 있었다. 그 뒤를 클라크와 빈스가 미행하고 있었다.
disk44	21-1	1180	11	クラ－クが話す。	disk44/ﾏﾁ2.png	main/davL.png	KO	클라크가 말한다.
disk44	21-1	1180	12	ヴィンスが話す。	disk44/ﾏﾁ2.png	main/davL.png	KO	빈스가 말한다.
disk44	21-1	1180	13	スシャ－ナのようすを見る。	disk44/ﾏﾁ2.png	main/davL.png	KO	수잔나의 동향을 살핀다.
disk44	21-1	1400	14	ヴインス「所長、リンはのんびり歩いてますね」	disk44/ﾏﾁ2.png	main/ｳｲﾝｽ.png	KO	빈스: 소장님, 린이 아주 여유롭게 걷고 있네요.
disk44	21-1	1410	15	クラ－ク「俺が調べた所、彼女の行動予定はコンサ－トの打合せに行く事になっている。タクシ－で行けば楽なのに・・・」	disk44/ﾏﾁ2.png	main/ｸﾗｰｸ.png	KO	클라크: 내가 알아본 일정대로라면 공연 미팅에 가는 중이겠지. 택시를 타고 가면 편할 텐데 굳이 걸어가다니...
disk44	21-1	1420	16	ヴィンス「所長、彼女がコンサ－トの打合せに行くと判っているのに、なぜ尾行するのですか、深夜の外出ならともかく・・・」	disk44/ﾏﾁ2.png	main/ｳｲﾝｽ.png	KO	빈스: 소장님, 공연 미팅에 간다는 걸 이미 알고 있는데 굳이 왜 미행하는 겁니까? 지난번처럼 심야의 외출이라면 몰라도...
disk44	21-1	1430	17	スシャ－ナは、ショッピングでも楽しんでるかのように、のんびりと歩いている。	disk44/ﾏﾁ2.png	main/ｳｲﾝｽ.png	KO	수잔나는 마치 한가롭게 쇼핑을 나온 사람처럼 천천히 거리를 걷고 있었다.
disk44	21-1	1440	18	クラ－ク「しかたがない。俺達は彼女の調査を頼まれているのに、何一つ報告できるものが無い。のんびり遊んでいるわけにもいかない・・」	disk44/ﾏﾁ1.png	main/ｸﾗｰｸ.png	KO	클라크: 어쩔 수 없네. 그녀를 조사해 달라는 의뢰를 받고도 아직 보고할 만한 걸 하나도 못 찾지 않았나네. 마냥 손 놓고 있을 수는 없고...
disk44	21-1	1450	19	ヴィンス「そうですね。深夜外出した彼女にまかれたなんて言えませんしね」	disk44/ﾏﾁ1.png	main/ｳｲﾝｽ.png	KO	빈스: 그렇긴 하네요. 지난번에 한밤중에 따라갔다가 놓쳤다고 보고할 수도 없으니...
disk44	21-1	1460	20	スシャ－ナは、商店街を買い物をする様子もなく、ただ歩いているだけだった。時々、腕時計を見て時間を気にしている。	disk44/ﾏﾁ1.png	main/ｳｲﾝｽ.png	KO	수잔나는 상점가를 지나면서도 쇼핑할 생각은 없어 보였다. 가끔 손목시계를 보며 시간을 신경 쓰고 있었다.
disk44	21-1	1465	21	ヴィンス「この尾行は時間の無駄ですよ」	disk44/ﾏﾁ1.png	main/ｳｲﾝｽ.png	KO	빈스: 아무래도 시간 낭비 같은데요.
disk44	21-1	1470	22	クラ－ク「彼女は誰かと待ち合わせをしているのか、しきりと時間を気にしている」	disk44/ﾏﾁ1.png	main/ｸﾗｰｸ.png	KO	클라크: 누군가와 약속이 있는지 계속 시간을 확인하고 있군.
disk44	21-1	1480	23	ヴィンス「コンサ－トの打合せの時間と違いますか、きっと興行主の人ですよ」	disk44/ﾏﾁ1.png	main/ｳｲﾝｽ.png	KO	빈스: 공연 미팅 때문이겠죠. 아마 공연 관계자를 만나러 가는 걸 겁니다.
disk44	21-1	1490	24	スシャ－ナが、また歩き始めた。	disk44/ﾏﾁ1.png	main/ｳｲﾝｽ.png	KO	수잔나가 다시 걷기 시작했다.
disk44	21-1	1500	25	コ－ヒ－ハウスの看板を確かめるようにして、スシャ－ナは店の中に入った。	disk44/ﾃﾝﾅｲ.png	main/ｳｲﾝｽ.png	KO	수잔나는 커피하우스의 간판을 확인한 뒤 안으로 들어갔다.
disk44	21-1	1505	26	ヴィンス「コ－ヒ－ハウスに入りました」	disk44/ﾃﾝﾅｲ.png	main/ｳｲﾝｽ.png	KO	빈스: 커피하우스로 들어갔습니다.
disk44	21-1	1510	27	クラ－ク「ヴィンス、俺達も入ろう」	disk44/ﾃﾝﾅｲ.png	main/ｸﾗｰｸ.png	KO	클라크: 빈스, 우리도 들어가지.
disk44	21-1	1530	28	コ－ヒ－ハウスの中に入ったクラ－クは、スシャ－ナが奥のテ－ブルに座るのを確認して、近くのテ－ブルに座った。	disk44/INｷｯ.png	main/ｸﾗｰｸ.png	KO	커피하우스 안으로 들어간 클라크는 수잔나가 안쪽 테이블에 앉는 것을 확인하고 가까운 테이블에 자리를 잡았다.
disk44	21-1	1540	29	クラ－クがコ－ヒ－を一杯飲み干した時、スシャ－ナのテ－ブルに初老の男が近づき挨拶をすませて同席した。	disk44/INｷｯ.png	main/ｸﾗｰｸ.png	KO	클라크가 커피 한 잔을 비울 무렵, 초로의 남자가 수잔나에게 다가와 간단히 인사를 나눈 뒤 합석했다.
disk44	21-1	1700	30	ヴィンス「男が来ました」	disk44/INｷｯ.png	main/ｳｲﾝｽ.png	KO	빈스: 남자가 왔어요.
disk44	21-1	1710	31	クラ－ク「彼女のテ－ブルに座った男は、興行主と言うよりは、銀行の頭取とか、大きな企業の会長といった所だな」	disk44/INｷｯ.png	main/ｸﾗｰｸ.png	KO	클라크: 저 남자는 공연 기획자라기보다는 은행장이나 대기업 회장 같은 느낌인데.
disk44	21-1	1720	32	ヴィンス「所長の感は抜群ですから、あの男はコンサ－トの打合せと関係ない男になりますね」	disk44/INｷｯ.png	main/ｳｲﾝｽ.png	KO	빈스: 소장님 촉이 워낙 좋으니까, 저 사람은 공연과 관계없는 사람이겠네요.
disk44	21-1	1730	33	スシャ－ナと初老の男は声を潜めて話をしているので、クラ－ク達には二人の会話が聞こえない。	disk44/INｷｯ.png	main/ｳｲﾝｽ.png	KO	수잔나와 남자는 목소리를 낮추고 대화하고 있어서 탐정들은 대화 내용을 들을 수 없었다.
disk44	21-1	1740	34	クラ－ク「ちくしょう！　二人の会話を少しでも聞けたらと思ったのに、小さな声で話しやがって・・・」	disk44/INｷｯ.png	main/ｸﾗｰｸ.png	KO	클라크: 망할! 무슨 말을 하는지 조금이나마 들을 수 있을까 했는데 저렇게 소곤거리다니...
disk44	21-1	1750	35	ヴィンス「人に聞かれると、まずい話ですよ。彼女の謎が見えてきたような気がします」	disk44/INｷｯ.png	main/ｳｲﾝｽ.png	KO	빈스: 남들이 들어서는 곤란한 이야기인가 봅니다. 이제 린의 비밀에 조금 가까워진 것 같네요.
disk44	21-1	1760	36	話が終わったのか、スシャ－ナが席を立って初老の男に挨拶をしている。	disk44/INｷｯ.png	main/ｸﾗｰｸ.png	KO	이야기가 끝난 모양인지, 수잔나가 자리에서 일어나 남자에게 인사를 건넸다.
disk44	21-1	1765	37	ヴィンス「話が終わったようです」	disk44/INｷｯ.png	main/ｳｲﾝｽ.png	KO	빈스: 이야기가 끝난 모양입니다.
disk44	21-1	1770	38	クラ－ク「ヴィンス、見たか、彼女が席を立つ時、あの初老の男が彼女に何か渡したのを」	disk44/INｷｯ.png	main/ｸﾗｰｸ.png	KO	클라크: 빈스, 봤나? 그녀가 자리에서 일어날 때 저 남자가 뭔가를 건네줬네.
disk44	21-1	1780	39	ヴィンス「ずっと見ていましたが、気づきませんでしたよ。所長の目の錯覚ですよ」	disk44/INｷｯ.png	main/ｳｲﾝｽ.png	KO	빈스: 쭉 지켜보고 있었는데 저는 못 봤습니다. 소장님이 착각하신 거 아닙니까?
disk44	21-1	1790	40	スシャ－ナは、店を出ていった。初老の男も席を立った。	disk44/INｷｯ.png	main/ｸﾗｰｸ.png	KO	수잔나가 가게를 나갔고, 초로의 남자도 자리에서 일어났다.
disk44	21-1	1795	41	ヴィンス「所長、どうしますか」	disk44/INｷｯ.png	main/ｳｲﾝｽ.png	KO	빈스: 소장님, 어떻게 할까요?
disk44	21-1	1800	42	クラ－ク「ヴィンス、お前はあの初老の男をつけて何者かを確かめろ。俺は彼女を追う」	disk44/INｷｯ.png	main/ｸﾗｰｸ.png	KO	클라크: 빈스, 자네는 저 남자를 따라가서 신원을 알아보게. 나는 그녀를 쫓아가겠네.
disk44	21-1	1810	43	クラ－クはスシャ－ナを後を追い掛けるために店を出る。あの密かに渡さなければならなかった物が気になっていた。	disk44/ﾃﾝﾅｲ.png	main/ｸﾗｰｸ.png	KO	클라크는 수잔나를 뒤쫓아 가게를 나섰다. 아까 몰래 건네야 했던 물건이 계속 마음에 걸렸다.
disk44	21-1	1830	44	スシャ－ナの乗ったタクシ－は、エレファント興行事務所と書かれた看板のビルの前で止まり、スシャ－ナは、そのビルの中に入った。	disk44/ﾋﾞﾙ.png	main/ｸﾗｰｸ.png	KO	수잔나가 탄 택시는 엘리펀트 흥행사무소라는 간판이 붙은 건물 앞에 멈췄고, 그녀는 그 건물 안으로 들어갔다.
disk44	21-1	1840	45	クラ－ク「興行事務所に入ってしまったか、しばらくは出て来ないだろう。ヴィンスがうまく初老の男を尾行できれば何か出てくるかもしれない」	disk44/ﾋﾞﾙ.png	main/ｸﾗｰｸ.png	KO	클라크: 흥행사무소에 들어가 버렸으니, 당분간 나오지는 않겠군. 빈스가 남자를 제대로 미행한다면 뭔가 나올지도 몰라.
disk44	21-1	1850	46	今のクラ－クは、これ以上スシャ－ナから情報が望めそうにないと判断した。	disk44/ﾋﾞﾙ.png	main/ｸﾗｰｸ.png	KO	클라크는 지금 상태로는 더 이상 수잔나에게서 정보를 얻기 어렵겠다고 판단했다.
disk44	21-1	10000	75	ＤＡＴＡをＳＡＶＥしますか？　Ｙ／Ｎ	disk44/ﾋﾞﾙ.png	main/ｸﾗｰｸ.png	KO	
disk44	21-1	10040	81	ドライブ１に、ＳＡＶＥ・ディスクを入れて下さい。	disk44/ﾋﾞﾙ.png	main/ｸﾗｰｸ.png	KO	
disk44	21-1	10070	83	ドライブ１のディスクが違います。	disk44/ﾋﾞﾙ.png	main/ｸﾗｰｸ.png	KO	드라이브 1의 디스크가 다릅니다.
disk44	21-1	10110	84	ＳＡＶＥしました。ドライブ１のディスクに、ＭＡＩＮディスクを入れて下さい。	disk44/ﾋﾞﾙ.png	main/ｸﾗｰｸ.png	KO	
disk44	21-1	10150	86	ドライブ１のディスクが違います。	disk44/ﾋﾞﾙ.png	main/ｸﾗｰｸ.png	KO	드라이브 1의 디스크가 다릅니다.
disk44	NO22	500	0	デビッドが話す。	disk44/ﾋﾞﾙ.png	main/ｸﾗｰｸ.png	KO	데이비드가 말한다.
disk44	NO22	500	1	アンドリュ－が話す。	disk44/ﾋﾞﾙ.png	main/ｸﾗｰｸ.png	KO	앤드류가 말한다.
disk44	NO22	500	2	古城を見る。	disk44/ﾋﾞﾙ.png	main/ｸﾗｰｸ.png	KO	고성을 바라본다.
disk44	NO22	1000	3	その頃、デビッド達は、アンドリュ－と二人でトゥ－ルの古城めぐり観光（ロワ－ルの古城めぐり）に出かけていた。	disk44/ﾐﾁ1.png	main/ｸﾗｰｸ.png	KO	그 무렵, 데이비드는 앤드류와 함께 투르 일대의 루아르 고성들을 둘러보러 나와 있었다.
disk44	NO22	1020	4	観光バスでと思ったが、トラブルが起こると大変なので、アンドリュ－が本でチエックした城だけをタクシ－で行く事にした。	disk44/ﾐﾁ1.png	main/ｸﾗｰｸ.png	KO	관광버스로 갈까 했지만, 문제가 생기면 큰일이기 때문에 앤드류가 책으로 확인한 성들만 택시로 가기로 했다.
disk44	NO22	1030	5	車で一時間、アンドル川のほとりにたたずむアゼ－・ル・リド－城に着いた。	disk44/ｱｾﾞｰ.png	main/ｸﾗｰｸ.png	KO	차로 한 시간쯤 달린 끝에 두 사람은 앵드르강가에 자리한 아제 르 리도 성에 도착했다.
disk44	NO22	1210	6	城の近くにある池に写るアゼ－・ル・リド－城は、ひっそりと華麗に見える。	disk44/ｱｾﾞｰ.png	main/ｸﾗｰｸ.png	KO	성 근처 연못에 비친 아제 르 리도 성은 고요하면서도 화려한 자태를 뽐냈다.
disk44	NO22	1215	7	アンドリュ－「すげえ！　迫力だぜ」	disk44/ｱｾﾞｰ.png	main/andL.png	KO	앤드류: 쩐다! 정말 멋진데!
disk44	NO22	1220	8	デビッド「城の跳橋がおりてるぜ、格好いい」	disk44/ｱｾﾞｰ.png	main/davL.png	KO	데이비드: 도개교까지 내려와 있어. 정말 멋지다.
disk44	NO22	1230	9	アンドリュ－「この城は外から眺めてる方がいいと書いていた。城の中の部屋は閉ざされて見れないそうだ」	disk44/ｱｾﾞｰ.png	main/andL.png	KO	앤드류: 책에는 이 성은 밖에서 보는 게 더 좋다고 나와 있었어. 내부 방들은 대부분 닫혀 있어서 구경할 수 없대.
disk44	NO22	1240	10	デビッド「ロワ－ルには、こんな城が沢山あると聞いているが、この城は絵本に出てくる城みたいで好きだ」	disk44/ｱｾﾞｰ.png	main/davL.png	KO	데이비드: 루아르에는 이런 성이 많다고 들었는데, 이 성은 꼭 동화책에서 튀어나온 것 같아서 마음에 들어.
disk44	NO22	1250	11	城の入り口近くには観光客が多く、中に入るのには時間がかかりそうだ。	disk44/ｱｾﾞｰ.png	main/davL.png	KO	입구에는 관광객들이 몰려 있어 안으로 들어가려면 오래 기다려야 할 것 같았다.
disk44	NO22	1260	12	アンドリュ－「城巡りは、気分転換に最高だぜ」	disk44/ｱｾﾞｰ.png	main/andL.png	KO	앤드류: 역시 고성 구경만큼 기분 전환에 좋은 것도 없다니까.
disk44	NO22	1265	13	デビッドとアンドリュ－は、古城の近くでソフトクリ－ムを食べながら、のんびりとしていたが、タクシ－が見つかったので次の城に行く事にした。	disk44/ﾐﾁ3.png	main/andL.png	KO	두 사람은 성 근처에서 소프트 아이스크림을 먹으며 한동안 여유를 즐겼다. 마침 택시가 잡히자, 다음 성으로 이동하기로 했다.
disk44	NO22	1270	14	アンドリュ－が、運転手に次の目的地を告げようとした時、なぜかデビッドは、シノン城と言ってしまった。	disk44/ﾐﾁ3.png	main/andL.png	KO	앤드류가 기사에게 다음 목적지를 말하려던 순간, 데이비드는 무심코 시농 성이라고 말해 버렸다.
disk44	NO22	1280	15	アンドリュ－「シノン城？　デビッドは古城について何も知らないと言ったくせに、まあいいさ時間はたっぷりあるから、そこに行こう」	disk44/ﾐﾁ3.png	main/andL.png	KO	앤드류: 시농 성? 고성에 대해서는 아무것도 모른다더니 웬일이야? 뭐, 좋아. 시간도 많으니까 가 보자.
disk44	NO22	1290	16	タクシ－は、シノン城へと走った。	disk44/ｼﾉﾝ1.png	main/andL.png	KO	택시는 시농 성을 향해 달렸다.
disk44	NO22	1300	17	シノン城に着いた。デビッドは、みやげを売っている店で城のパンフレットを買い中を見て驚いた。	disk44/ｼﾉUP.png	main/andL.png	KO	시농 성에 도착한 데이비드는 기념품점에서 안내 책자를 샀다. 내용을 펼쳐 본 그는 깜짝 놀랐다.
disk44	NO22	1310	18	シノン城にはジャンヌ・ダルクについての資料が集められ、小さな博物館まで作られている。	disk44/ｼﾉUP.png	main/andL.png	KO	성에는 잔 다르크와 관련된 자료가 모여 있었고, 작은 박물관까지 마련되어 있었다.
disk44	NO22	1320	19	ジャンヌ・ダルクが神のお告げをシャルル７世に伝えた城だった。	disk44/ｼﾉUP.png	main/andL.png	KO	이곳은 잔 다르크가 샤를 7세에게 신의 계시를 전했던 성이었다.
disk44	NO22	1500	20	アンドリュ－「デビッド、どうしたのだ。顔色が良くないぜ」	disk44/ｼﾉUP.png	main/andL.png	KO	앤드류: 데이비드, 왜 그래? 안색이 안 좋아 보여.
disk44	NO22	1510	21	デビッドはつぶやくように言った。「ジャンヌ・ダルクが呼んだと言うのか？」	disk44/ｼﾉUP.png	main/davL.png	KO	"데이비드는 혼잣말처럼 중얼거렸다.
""잔 다르크가 날 여기로 부른 건가?"""
disk44	NO22	1520	22	アンドリュ－「そうさ、この城はジャンヌ・ダルクで有名な城だが、デビッドが見たいと言う程、あんまり格好のいい城ではないな」	disk44/ｼﾉUP.png	main/andL.png	KO	앤드류: 그래, 잔 다르크 때문에 유명해진 곳이지만, 네가 일부러 보고 싶어 할 만큼 멋진 성은 아닌 것 같은데?
disk44	NO22	1530	23	ヴィエンヌ川のほとりに建つている城だが、城と言うより荒廃した要塞に近い。	disk44/ｼﾉUP.png	main/andL.png	KO	비엔강가에 세워진 성이지만, 성이라기보다는 황폐한 요새에 가까웠다.
disk44	NO22	1540	24	デビッド「ジャンヌ・ダルクで有名になった城か、昔どこかでシノン城と聞いた事があったので、つい気になって」	disk44/ｼﾉUP.png	main/davL.png	KO	데이비드: 잔 다르크로 유명해진 성이었구나. 예전에 어디선가 시농 성이라는 말을 들어 본 적이 있어서 무심코 신경 쓰였나 봐.
disk44	NO22	1550	25	アンドリュ－「デビッド、良かったじゃん。気になる城は見たのだから、さあ次は格好のいい古城サンボ－ルに行こう」	disk44/ｼﾉUP.png	main/andL.png	KO	앤드류: 잘됐네. 궁금했던 성도 봤으니, 이제 진짜 멋진 샹보르 성으로 가 보자.
disk44	NO22	1560	26	二人はタクシ－に乗り、サンボ－ル城へと向かった。	disk44/ﾐﾁ2.png	main/andL.png	KO	두 사람은 택시를 타고 샹보르 성으로 향했다.
disk44	NO22	1570	27	サンボ－ル城に着いた二人は、外から城を眺めている。	disk44/ｻﾝﾎﾞ.png	main/andL.png	KO	샹보르 성에 도착한 두 사람은 밖에서 성을 바라봤다.
disk44	NO22	1700	28	アンドリュ－「これが城だ」	disk44/ｻﾝﾎﾞ.png	main/andL.png	KO	앤드류: 이게 진짜 성이지.
disk44	NO22	1710	29	デビッド「ジャンヌ・ダルクのシノン城と違い立派な城だ」	disk44/ｻﾝﾎﾞ.png	main/davL.png	KO	데이비드: 시농 성하고는 수준이 완전 달라.
disk44	NO22	1720	30	サンボ－ル城は、矩形に作られた城壁に円筒型の建物が乗り、城は全体的に左右対称的に作られている。	disk44/ｻﾝﾎﾞ.png	main/davL.png	KO	샹보르 성은 직사각형으로 만들어진 성벽 위에 원통형 건물이 올라가 있으면서 성 전체가 좌우대칭으로 이루어졌다.
disk44	NO22	1730	31	アンドリュ－「立派な城だ。当時のフランスに珍しい円筒型の城だ」	disk44/ｻﾝﾎﾞ.png	main/andL.png	KO	앤드류: 정말 멋지지? 당시 프랑스에서는 보기 드문 원통형 성이래.
disk44	NO22	1740	32	デビッド「アンドリュ－、せっかくここ迄来たのだ、城の中に入ろう」	disk44/ｻﾝﾎﾞ.png	main/davL.png	KO	데이비드: 앤드류, 여기까지 왔는데 안에도 한 번 들어가 보자.
disk44	NO22	1750	33	アンドリュ－「城は外から見るものだ。中は観光用に改造されて、見るとがっかりするものだ。城の中を見るのならアンボワ－ズ城に行こう」	disk44/ｻﾝﾎﾞ.png	main/andL.png	KO	앤드류: 성은 밖에서 보는 게 제맛이야. 안쪽은 관광용으로 개조되어 있어서 실망하게 돼. 정 안을 보고 싶으면 앙부아즈 성으로 가자.
disk44	NO22	1760	34	デビッド「アンボワ－ズ城？」	disk44/ｻﾝﾎﾞ.png	main/davL.png	KO	데이비드: 앙부아즈 성?
disk44	NO22	1770	35	アンドリュ－「そうさ、城の中に直径が２１ｍもある塔がある。通称ミニムの塔と言われている。城も広大なものらしいので、城の中を時間をかけて見学しょう」	disk44/ｻﾝﾎﾞ.png	main/andL.png	KO	앤드류: 그래. 성 안에 지름이 무려 21미터나 되는 탑이 있어. 통칭 미님 탑이라고 하지. 성도 굉장히 넓다고 하니 거기서는 천천히 안을 둘러보자.
disk44	NO22	1780	36	二人はタクシ－で、アンボワ－ズ城へと出発した。	disk44/ﾐﾁ4.png	main/andL.png	KO	두 사람은 택시를 타고 앙부아즈 성을 향해 출발했다.
disk44	NO22	10000	69	ＤＡＴＡをＳＡＶＥしますか？　Ｙ／Ｎ	disk44/ﾐﾁ4.png	main/andL.png	KO	
disk44	NO22	10040	75	ドライブ１に、ＳＡＶＥ・ディスクを入れて下さい。	disk44/ﾐﾁ4.png	main/andL.png	KO	
disk44	NO22	10070	77	ドライブ１のディスクが違います。	disk44/ﾐﾁ4.png	main/andL.png	KO	드라이브 1의 디스크가 다릅니다.
disk44	NO22	10110	78	ＳＡＶＥしました。ドライブ１のディスクに、ＭＡＩＮディスクを入れて下さい。	disk44/ﾐﾁ4.png	main/andL.png	KO	
disk44	NO22	10150	80	ドライブ１のディスクが違います。	disk44/ﾐﾁ4.png	main/andL.png	KO	드라이브 1의 디스크가 다릅니다.
disk44	NO23	500	0	デビッドが話す。	disk44/ﾐﾁ4.png	main/andL.png	KO	데이비드가 말한다.
disk44	NO23	500	1	アンドリュ－が話す。	disk44/ﾐﾁ4.png	main/andL.png	KO	앤드류가 말한다.
disk44	NO23	500	2	古城を見る。	disk44/ﾐﾁ4.png	main/andL.png	KO	고성을 바라본다.
disk44	NO23	1000	3	タクシ－はアンボワ－ズ城に着いた。	disk44/ｼﾛｿﾄ.png	main/andL.png	KO	택시는 앙부아즈 성에 도착했다.
disk44	NO23	1200	4	デビッド「アンドリュ－推薦の城だけあって、さすがだ」	disk44/ｼﾛｿﾄ.png	main/davL.png	KO	데이비드: 역시 앤드류가 추천할 만한 성답네.
disk44	NO23	1210	5	アンドリュ－「すげぇ－！」	disk44/ｼﾛｿﾄ.png	main/andL.png	KO	앤드류: 쩐다!
disk44	NO23	1220	6	アンドリュ－「デビッド！　見ろよ。あのミニムの塔を、中を見たくなるぜ」	disk44/ｼﾛｿﾄ.png	main/andL.png	KO	앤드류: 데이비드! 저 미님 탑 좀 봐! 안에 꼭 들어가 보고 싶어!
disk44	NO23	1230	7	当時の城の大きさは、底辺１８０ｍ・２辺２００ｍの二等辺三角型の敷地だったというが、今はロワ－ル川に面した巨大円塔と中央の建物だけになっている。	disk44/ｼﾛｿﾄ.png	main/andL.png	KO	앙부아즈성은 과거 밑변 180m, 양 변 200m에 달하는 이등변삼각형 부지의 장대한 성채였으나, 지금은 루아르강에 면한 거대한 원형 탑과 중앙 건물만 남아 있었다.
disk44	NO23	1240	8	デビッド「さあ行こうぜ。徹底的に見学してみんなに報告しょうぜ」	disk44/ｼﾛｿﾄ.png	main/davL.png	KO	데이비드: 어서 들어가 보자! 샅샅이 구경하고 나중에 모두한테 자랑해 주자고.
disk44	NO23	1250	9	アンドリュ－「よし！　行こう」	disk44/ｼﾛｿﾄ.png	main/andL.png	KO	앤드류: 좋아, 가즈아!
disk44	NO23	1260	10	アンドリュ－は子供のように、はしゃいで城の入り口に向かった。	disk44/ｲﾘｸﾁ.png	main/andL.png	KO	어린아이처럼 들뜬 앤드류는 성 입구로 달려갔다.
disk44	NO23	1270	11	アンドリュ－は、デビッドの落ち込みがひどいので、無理にはしゃいでいる。	disk44/ｲﾘｸﾁ.png	main/andL.png	KO	사실 앤드류는 침울한 데이비드를 위해 일부러 더 들뜬 척하고 있었다.
disk44	NO23	1280	12	デビッドも、そこのところは気づいていて、口には出さないが感謝している。二人は、入場料を払い中に入った。	disk44/ｲﾘｸﾁ.png	main/andL.png	KO	데이비드도 그 점을 알아차리고 있었고, 굳이 말로 표현하지는 않았지만 속으로는 고마워하고 있었다. 두 사람은 입장료를 내고 성 안으로 들어갔다.
disk44	NO23	1500	13	アンドリュ－「城の中庭を見ろよ！　最高だぜ」	disk44/ﾅｶﾆﾜ.png	main/andL.png	KO	앤드류: 이 안뜰 좀 봐! 정말 끝내줘!
disk44	NO23	1510	14	デビッド「城の中庭って凄く広いんだな」	disk44/ﾅｶﾆﾜ.png	main/davL.png	KO	데이비드: 성의 안뜰이라는 게 굉장히 넓었구나.
disk44	NO23	1520	15	アンドリュ－「城の外壁は外から見る美しさと違い、内壁は何段も階段になった道になっている。当時の戦いの有様が見えてくるようだ」	disk44/ﾅｶﾆﾜ.png	main/andL.png	KO	앤드류: 밖에서 볼 때는 그렇게 아름답던 성벽도 안쪽에서 보면 여러 층의 계단과 통로로 이어져 있네. 당시의 전투 모습이 눈앞에 그려지는 것 같아.
disk44	NO23	1530	16	デビッド「城の壁を乗り越えても、簡単に城の中には入れそうにないな」	disk44/ﾅｶﾆﾜ.png	main/davL.png	KO	데이비드: 성벽을 넘어도 쉽게 성 안으로 침입할 수 없을 거 같아.
disk44	NO23	1540	17	アンドリュ－「城は石で造られているから、昔の大砲では近くで発射しない限り破壊出来ないって書いてるぜ」	disk44/ﾅｶﾆﾜ.png	main/andL.png	KO	앤드류: 책에 보니까 전부 돌로 지어서 당시 대포로는 가까이 접근해서 쏘지 않는 이상 부수기 힘들었대.
disk44	NO23	1550	18	デビッド「アンドリュ－！　城の壁を見ろよ。血のような跡がついてるぜ」	disk44/ﾆﾜﾅｶ.png	main/davL.png	KO	데이비드: 앤드류, 저 성벽 좀 봐! 핏자국이 묻어 있어.
disk44	NO23	1560	19	アンドリュ－「まさか、血の跡が現在まで残っている筈がないぜ。ただの壁の汚れだ」	disk44/ﾆﾜﾅｶ.png	main/andL.png	KO	앤드류: 설마 핏자국이 지금까지 남아 있을 리가 없잖아. 그냥 벽에 낀 얼룩이야.
disk44	NO23	1570	20	デビッド「そうか、壁の汚れが血の跡に見えたのだ。近頃なにかにつけて妙なふうに考えてしまう」	disk44/ﾆﾜﾅｶ.png	main/davL.png	KO	데이비드: 그런가... 무심코 얼룩을 피라고 착각했나 봐. 요즘은 뭐든 이상한 쪽으로 생각하게 되네.
disk44	NO23	1580	21	アンドリュ－「さあ、城の中に入ろう」	disk44/ﾆﾜﾅｶ.png	main/andL.png	KO	앤드류: 어서 성 안으로 들어가자.
disk44	NO23	1590	22	アンドリュ－にうながされてデビッドが城の中に行こうとした時、城の窓から人の顔が見えた。	disk44/ﾏﾄﾞ.png	main/andL.png	KO	앤드류의 재촉에 데이비드가 성 안으로 들어가려던 순간, 성의 창문에서 사람의 얼굴이 보였다.
disk44	NO23	1600	23	その顔がデビッドを、にらみつけているように見える。	disk44/ﾏﾄﾞ.png	main/andL.png	KO	그 사람은 마치 데이비드를 노려보고 있는 듯했다.
disk44	NO23	1610	24	デビッドは眼をそらしてしまった。	disk44/ﾏﾄﾞ.png	main/andL.png	KO	데이비드는 자신도 모르게 시선을 피했다.
disk44	NO23	1615	25	もう一度窓を見ると人の顔は消えていた。	disk44/ﾏﾄﾞP.png	main/andL.png	KO	다시 창문을 바라봤을 때는 이미 그 얼굴은 사라진 뒤였다.
disk44	NO23	1620	26	城の入り口を見ると、アンドリュ－は中に入ってしまったのか、いない。デビッドは慌てて城の中に入った。	disk44/ｶﾝｺｳ.png	main/andL.png	KO	성 입구를 보니 앤드류는 안으로 들어가 버렸는지 보이지 않았다. 데이비드는 황급히 그 뒤를 따라 성 안으로 들어갔다.
disk44	NO23	3000	27	ＣＤ－ＲＯＭよりＤＡＴＡの読み込みを始めます。ＨＩＴ　ＡＮＹ　ＫＥＹ	disk44/ｶﾝｺｳ.png	main/andL.png	KO	CD-ROM에서 데이터 읽습니다. 아무 키나 눌러주세요.
disk44	NO23	3010	28	　　　　　　　　ＣＤ－ＲＯＭよりＤＡＴＡを読み込み中	disk44/ｶﾝｺｳ.png	main/andL.png	KO	데이터를 읽는 중...
disk44	NO23	10000	60	ＤＡＴＡをＳＡＶＥしますか？　Ｙ／Ｎ	disk44/ｶﾝｺｳ.png	main/andL.png	KO	
disk44	NO23	10040	66	ドライブ１に、ＳＡＶＥ・ディスクを入れて下さい。	disk44/ｶﾝｺｳ.png	main/andL.png	KO	
disk44	NO23	10070	68	ドライブ１のディスクが違います。	disk44/ｶﾝｺｳ.png	main/andL.png	KO	드라이브 1의 디스크가 다릅니다.
disk44	NO23	10110	69	ＳＡＶＥしました。ドライブ１のディスクに、ＭＡＩＮディスクを入れて下さい。	disk44/ｶﾝｺｳ.png	main/andL.png	KO	
disk44	NO23	10150	71	ドライブ１のディスクが違います。	disk44/ｶﾝｺｳ.png	main/andL.png	KO	드라이브 1의 디스크가 다릅니다.
disk45	NO24	500	0	デビッドが話す。			KO	데이비드가 말한다.
disk45	NO24	500	1	アンドリュ－が話す。			KO	앤드류가 말한다.
disk45	NO24	500	2	古城を見る。			KO	고성을 바라본다.
disk45	NO24	1630	3	城の中はデビッドの足音だけが石壁に跳ね返って来るだけで、人の姿はなかった。	disk45/ﾐﾁ1.png		KO	성 안에는 데이비드의 발소리만 돌벽에 메아리칠 뿐 사람 그림자 하나 없었다.
disk45	NO24	1640	4	デビッドはアンドリュ－を探すために奥へと進んて行く、	disk45/ﾐﾁ1.png		KO	데이비드는 앤드류를 찾아 성 안쪽으로 더 들어가자,
disk45	NO24	2130	5	入り口が鉄格子になった部屋の前に来た。	disk45/ﾛｳ1.png		KO	이내 입구가 철창으로 막힌 방이 나타났다.
disk45	NO24	2140	6	鉄格子の中を見る。	disk45/ﾛｳ1.png		KO	철창 안을 살펴본다.
disk45	NO24	2140	7	アンドリュ－を探す為に先に進む。	disk45/ﾛｳ1.png		KO	앤드류를 찾기 위해 계속 나아간다.
disk45	NO24	2300	8	デビッドが話す。	disk45/ﾛｳ1.png		KO	데이비드가 말한다.
disk45	NO24	2300	9	男が話す。	disk45/ﾛｳ1.png		KO	남자가 말한다.
disk45	NO24	2300	10	男を見る。	disk45/ﾛｳ1.png		KO	남자를 살펴본다.
disk45	NO24	2310	11	デビッドが鉄格子に近づいた瞬間、中から薄汚れた男が手を出し、デビッドのシャツをつかんだ。	disk45/ｵﾄｺ.png		KO	데이비드가 철창 가까이 다가서는 순간, 안에 있던 남루한 남자가 갑자기 손을 뻗어 그의 셔츠를 붙잡았다.
disk45	NO24	2320	12	デビッド「何をするのだ。シャツを離せ！」	disk45/ｵﾄｺ.png		KO	데이비드: 무슨 짓이야! 당장 놓지 못해!
disk45	NO24	2330	13	男「貴様は、暗黒の魔王！　禁断の魔力を持ち出し俺達を閉じ込め殺す気だな、しかし我らの王は貴様のやる事を決して許さない」	disk45/ｵﾄｺ.png		KO	남자: 네 이놈 암흑의 마왕! 금단의 마력을 끌어내 우리를 가두어 죽일 생각이구나. 하지만 우리 왕께서는 네 악행을 결코 좌시하지 않으실 거다.
disk45	NO24	2340	14	デビッドを見る男の眼は憎しみに血ばしっている。	disk45/ｵﾄｺ.png		KO	남자는 증오로 충혈된 눈으로 데이비드를 노려봤다.
disk45	NO24	2350	15	デビッド「俺はミュ－ジシャンだ！　なぜ魔王などと言う」	disk45/ｵﾄｺ.png		KO	데이비드: 난 뮤지션이라고! 왜 날 마왕이라고 부르는 거야!?
disk45	NO24	2360	16	男「デタラメな事を言いやがって、俺を牢獄に入れたので安心したと思っているのか、それならば俺の魔力を受てみろ！」	disk45/ｵﾄｺ.png		KO	남자: 헛소리 집어 치워라! 날 감옥에 가둬 놓았다고 안심한 것이냐? 그렇다면 내 마력을 한 번 받아 봐라!
disk45	NO24	2370	17	男は目を閉じて呪文を唱えた。	disk45/ｵﾄｺ.png		KO	남자는 눈을 감고 주문을 외웠다.
disk45	NO24	2380	18	デビッドは無意識に両手を突き出した。	disk45/ｵﾄｺ.png		KO	데이비드는 무의식적으로 양손을 내밀었다.
disk45	NO24	2385	19	何が起こったのか、男の姿が鉄格子の中から消えてしまった。	disk45/ｹｽ.png		KO	그러자 무슨 일이 벌어진 것인지, 철창 안에 있던 남자가 사라져 버렸다.
disk45	NO24	2390	20	デビッドは何が起こったのか理解できず、夢の中にいるような気がしている。	disk45/ﾐﾁ3.png		KO	데이비드는 방금 일어난 일을 이해할 수 없었다. 마치 또다시 꿈속으로 들어온 듯한 기분이었다.
disk45	NO24	2395	21	気持ちを取り直して先に進んだ。	disk45/ﾐﾁ3.png		KO	데이비드는 애써 마음을 가다듬고 앞으로 나아갔다.
disk45	NO24	2400	22	また入口が鉄格子になった牢獄の部屋にでた。	disk45/ﾛｳ2.png		KO	다시 입구가 철창으로 된 감옥이 나타났다.
disk45	NO24	2410	23	鉄格子の中を見る。	disk45/ﾛｳ2.png		KO	철창 안을 살펴본다.
disk45	NO24	2410	24	アンドリュ－を探す為に先に進む。	disk45/ﾛｳ2.png		KO	앤드류를 찾기 위해 계속 나아간다.
disk45	NO24	2495	25	デビッドが話す。	disk45/ﾛｳ2.png		KO	데이비드가 말한다.
disk45	NO24	2495	26	男が話す。	disk45/ﾛｳ2.png		KO	남자가 말한다.
disk45	NO24	2495	27	男を見る。	disk45/ﾛｳ2.png		KO	남자를 살펴본다.
disk45	NO24	2500	28	鉄格子の中に今にも死にそうな感じの男が、うずくまっている。	disk45/ﾀｵﾚﾙ.png		KO	철창 안에는 금방이라도 숨이 끊어질 듯한 남자가 웅크리고 있었다.
disk45	NO24	2510	29	デビッドが先に進もうとした時、鉄格子の中から、弱々しい男の声がした。	disk45/ﾀｵﾚﾙ.png		KO	데이비드가 그냥 지나치려는 순간, 철창 안에서 희미하고 힘없는 목소리가 들려왔다.
disk45	NO24	2520	30	男「魔王様！　生きておられましたか、魔王様が生きていられたのなら、暗黒の一族は永遠に永らえます」	disk45/ﾀｵﾚﾙ.png		KO	남자: 마왕님, 살아 계셨군요! 마왕님께서 살아 계신 한 우리 암흑 일족도 영원히 이어질 겁니다.
disk45	NO24	2530	31	デビッド「あなたは、ここで何をしているのですか？」	disk45/ﾀｵﾚﾙ.png		KO	데이비드: 당신은 왜 이런 곳에 갇혀 있는 겁니까?
disk45	NO24	2540	32	鉄格子の中の男は苦しそうに息をしている。	disk45/ﾀｵﾚﾙ.png		KO	남자는 몹시 괴로운 듯 가쁜 숨을 몰아쉬고 있었다.
disk45	NO24	2550	33	男は話終えると、今にも死にそうな荒い息をしている。	disk45/ﾀｵﾚﾙ.png		KO	남자는 말을 마치자, 당장이라도 죽을 듯 거칠게 숨을 몰아쉬었다.
disk45	NO24	2560	34	デビッド「魔王って俺の事？　俺は魔王なんかじゃないけど」	disk45/ﾀｵﾚﾙ.png		KO	데이비드: 마왕이라니, 나를 두고 하는 말인가? 난 마왕이 아닌데...
disk45	NO24	2570	35	男「隠さなくっても大丈夫です。私は暗黒の一族のシャルマンです。このように醜くい姿になっていては、判らないのもしかたがありません」	disk45/ﾀｵﾚﾙ.png		KO	남자: 숨기지 않으셔도 됩니다. 저는 암흑 일족의 마도사입니다. 이런 몰골로 변했으니 저를 알아보지 못하시는 것도 당연하겠지요.
disk45	NO24	2580	36	デビッドは魔王と二度も言われたので、魔王として男と話す事にした。	disk45/ﾀｵﾚﾙ.png		KO	데이비드는 두 번이나 마왕이라는 말을 들었기 때문에 자신이 마왕인 것처럼 남자와 이야기하기로 했다.
disk45	NO24	2590	37	デビッド「私に何か話したい事があるのか」	disk45/ﾀｵﾚﾙ.png		KO	데이비드: 내게 무언가 하고 싶은 말이 있느냐?
disk45	NO24	2600	38	男「私は暗黒の一族が滅びたと信じ、復讐に生き永らえましたが、私の命も今日限りで尽きる筈です。しかし、ここで魔王様に会えるとは、これで安心して死ねます」	disk45/ﾀｵﾚﾙ.png		KO	남자: 저는 암흑 일족이 멸망한 줄 알고 오직 복수를 위해 목숨을 이어 왔습니다만, 저 역시 오늘을 넘기지 못하겠지요. 그래도 마지막 순간에 마왕님을 다시 뵐 수 있다니, 이제 편히 눈을 감을 수 있습니다.
disk45	NO24	2610	39	男「魔王様！　我ら暗黒一族の恨みを晴らして下さい」	disk45/ﾀｵﾚﾙ.png		KO	남자: 마왕님, 부디 우리 암흑 일족의 원한을 갚아 주십시오!
disk45	NO24	2620	40	男はそこまで話すのが精一杯だったのか、床に倒れ死んでしまった。	disk45/ﾀｵﾚﾙ.png		KO	남자는 그 말을 마지막으로 힘이 다한 듯 바닥에 쓰러져 숨을 거뒀다.
disk45	NO24	2630	41	デビッドは鉄格子を開けようとしたが、カギがかかっていて無理だった。	disk45/ﾀｵﾚﾙ.png		KO	데이비드는 철창을 열어 보려 했지만, 단단히 잠겨 있어 열 수 없었다.
disk45	NO24	2640	42	デビッドは頭の中が変になりそうになり、ふらつくように歩きつづけた。	disk45/ﾐﾁ2.png		KO	머릿속이 뒤죽박죽이 된 데이비드는 비틀거리며 걸음을 내디뎠다.
disk45	NO24	2650	43	デビッドの歩く先の道に何か落ちているのに気づいた。	disk45/ﾐﾁ2.png		KO	그러다 앞쪽 바닥에 무언가 떨어져 있는 것을 발견했다.
disk45	NO24	2660	44	デビッドは近ずいて見ると、それは汚れた人形だった。	disk45/ﾆﾝｷﾞ.png		KO	가까이 다가가 보니 그것은 더러운 인형이었다.
disk45	NO24	2670	45	「それ以上近ずくでない！」	disk45/ﾆﾝｷﾞ.png		KO	"""더 이상 가까이 오지 마라!"""
disk45	NO24	2680	46	デビッドは辺りを見回した。誰もいない・・・	disk45/ﾆﾝｷﾞ.png		KO	데이비드는 주위를 둘러봤지만, 아무도 없었다...
disk45	NO24	2690	47	「異端の悪夢めが！！」	disk45/ﾆﾝｷﾞ.png		KO	"""이 이단의 악몽!!"""
disk45	NO24	2700	48	デビッドは、あまりのショックで身体が硬直してしまった。その声の主は、地面に転がっている汚れた人形なのだ。しゃべっている・・・	disk45/ﾆﾝｷﾞ.png		KO	데이비드는 너무 큰 충격에 몸이 굳어 버렸다. 그 목소리의 주인은 땅에 굴러다니는 더러운 인형이었다. 그 인형이 말을 하고 있었다...
disk45	NO24	2710	49	デビッドは、人形を掴もうとした瞬間・・・	disk45/ﾆﾝｷﾞ.png		KO	데이비드가 인형을 붙잡으려 한 순간,
disk45	NO24	2720	50	人形から白い光が放たれ、デビッドは眼がくらんでしまった。	disk45/ﾆﾝｷﾞ.png		KO	인형에서 흰빛이 터져 나왔고, 데이비드는 눈앞이 새하얘졌다.
disk45	NO24	2730	51	アンドリュ－「デビッド！　何を見ているのだ。さあ城の中に行こう」	disk45/ﾆﾝｷﾞ.png		KO	앤드류: 데이비드! 거기서 뭐 하고 있어? 어서 성 안으로 들어가자!
disk45	NO24	2740	52	アンドリュ－の声に続いて、デビッドの耳に観光客のざわめきとガイドが城の説明をする声が聞こえて来た。	disk45/ｶﾝｺｳ.png		KO	앤드류의 목소리와 함께 관광객들의 웅성거림, 그리고 가이드가 성을 설명하는 소리가 들려왔다.
disk45	NO24	2750	53	アンドリュ－「デビッド！　どうした？　顔色が悪いぜ」	disk45/ｶﾝｺｳ.png	main/andL.png	KO	앤드류: 데이비드! 무슨 일이야? 얼굴이 완전히 창백하잖아.
disk45	NO24	2760	54	デビッド「いや、大丈夫だ」	disk45/ｶﾝｺｳ.png	main/davL.png	KO	데이비드: 아니, 별일 아니야.
disk45	NO24	2770	55	デビッドは何事も無かったように、古城巡りを続け、ホテルに向かった。	disk45/ｶﾝｺｳ.png	main/davL.png	KO	데이비드는 아무 일도 없었던 것처럼 고성 관광을 계속한 뒤 호텔로 돌아갔다.
disk45	NO24	10000	97	ＤＡＴＡをＳＡＶＥしますか？　Ｙ／Ｎ	disk45/ｶﾝｺｳ.png	main/davL.png	KO	
disk45	NO24	10040	103	ドライブ１に、ＳＡＶＥ・ディスクを入れて下さい。	disk45/ｶﾝｺｳ.png	main/davL.png	KO	
disk45	NO24	10070	105	ドライブ１のディスクが違います。	disk45/ｶﾝｺｳ.png	main/davL.png	KO	드라이브 1의 디스크가 다릅니다.
disk45	NO24	10110	106	ＳＡＶＥしました。ドライブ１のディスクに、ＭＡＩＮディスクを入れて下さい。	disk45/ｶﾝｺｳ.png	main/davL.png	KO	
disk45	NO24	10150	108	ドライブ１のディスクが違います。	disk45/ｶﾝｺｳ.png	main/davL.png	KO	드라이브 1의 디스크가 다릅니다.
disk45	NO25	900	0	ホテルに戻るとフロントから声をかけられた。	disk45/ﾌﾛﾝﾄ.png	main/davL.png	KO	호텔로 돌아오자, 프런트 직원이 데이비드를 불러 세웠다.
disk45	NO25	905	1	フロント係「デビッドさん・・・」	disk45/ﾌﾛﾝﾄ.png	disk45/Hﾏﾝ.png	KO	프런트 직원: 데이비드 씨...
disk45	NO25	910	2	フロント係りの男が話す。	disk45/ﾌﾛﾝﾄ.png	disk45/Hﾏﾝ.png	KO	프런트 직원이 말한다.
disk45	NO25	910	3	デビッドが話す。	disk45/ﾌﾛﾝﾄ.png	disk45/Hﾏﾝ.png	KO	데이비드가 말한다.
disk45	NO25	1100	4	デビッド「俺を呼んでいるのですか」	disk45/ﾌﾛﾝﾄ.png	main/davL.png	KO	데이비드: 저를 부르셨나요?
disk45	NO25	1110	5	フロント係「１１時頃、デビッド様にお客様がこられましたが、御不在でしたので、メッセ－ジを預かっています」	disk45/ﾌﾛﾝﾄ.png	disk45/Hﾏﾝ.png	KO	프런트 직원: 11시쯤 데이비드 님을 찾아오신 손님이 계셨습니다만, 부재 중이셔서 편지를 맡아 두었습니다.
disk45	NO25	1120	6	デビッド「俺にメッセ－ジ？」	disk45/ﾌﾛﾝﾄ.png	main/davL.png	KO	데이비드: 저한테 편지를?
disk45	NO25	1130	7	フロント係「はい、これがそうです」	disk45/ﾌﾛﾝﾄ.png	disk45/Hﾏﾝ.png	KO	프런트 직원: 네, 여기 있습니다.
disk45	NO25	1140	8	フロント係はデビッドに封書されたメッセ－ジを渡した。	disk45/ﾌﾛﾝﾄ.png	disk45/Hﾏﾝ.png	KO	직원은 데이비드에게 밀봉된 봉투 하나를 건넸다.
disk45	NO25	1150	9	デビッドは、その場で封書を開きメッセ－ジを読んだ。	disk45/ﾌﾛﾝﾄ.png	disk45/Hﾏﾝ.png	KO	데이비드는 그 자리에서 봉투를 뜯어 내용을 확인했다.
disk45	NO25	1160	10	・・・［貴方にとって、とても大事なお話があります。ブリュ－ト街の２４７番の家を訪ねて下されば何時でも結構です。お待ちしておりますから必ず来て下さい。］・・・	disk45/ﾌﾛﾝﾄ.png	disk45/Hﾏﾝ.png	KO	"...""당신께 꼭 전해야 할 중요한 이야기가 있습니다. 브뤼트 거리 247번지로 찾아와 주십시오. 기다리고 있을 테니 꼭 와 주십시오.""..."
disk45	NO25	1170	11	フロント係「どうかなさいましたか、お顔の色が・・・」	disk45/ﾌﾛﾝﾄ.png	disk45/Hﾏﾝ.png	KO	프런트 직원: 무슨 일 있으십니까? 안색이 안 좋아 보이시는데...
disk45	NO25	1180	12	デビッド「このメッセ－ジを届けた方は、どんな方でしたか」	disk45/ﾌﾛﾝﾄ.png	main/davL.png	KO	데이비드: 이걸 맡긴 사람은 어떤 분이었죠?
disk45	NO25	1190	13	デビッドは、フアンのいたずらかと考えたが、何か引っ掛かるものを感じている。	disk45/ﾌﾛﾝﾄ.png	main/davL.png	KO	처음에는 단순한 팬의 장난이라고 생각했지만, 그냥 넘길 수 없는 느낌이 들었다.
disk45	NO25	1200	14	フロント係「男性で、年齢が６０才ぐらいの方でした。お名前を伺ったのですがメッセ－ジを見ていただければわかると言って、すぐに帰られました」	disk45/ﾌﾛﾝﾄ.png	disk45/Hﾏﾝ.png	KO	프런트 직원: 예순쯤 되어 보이는 남자분이었습니다. 성함을 여쭤봤는데 편지를 읽으면 알게 될 거라면서 바로 돌아가셨습니다.
disk45	NO25	1210	15	デビッド「そうですか、ありがとう」	disk45/ﾌﾛﾝﾄ.png	main/davL.png	KO	데이비드: 그렇습니까, 감사합니다.
disk45	NO25	1220	16	デビッドは何か得体の知れないものを感じる。	disk45/ﾌﾛﾝﾄ.png	main/davL.png	KO	데이비드는 형언할 수 없는 불길함을 느꼈다.
disk45	NO25	1230	17	アンドリュ－は疲れたと言って自分の部屋に行ったので、デビッドはブリュ－ト街に一人で行く事にした。	disk45/ﾌﾛﾝﾄ.png	main/davL.png	KO	앤드류는 피곤하다며 먼저 방으로 돌아갔기에, 데이비드는 혼자 브뤼트 거리로 가기로 결정했다.
disk45	NO25	1280	18	デビッドはブリュ－ト街が、どこにあるのか知らなかっので、ホテルの前のタクシ－に乗り出掛けた。	disk45/ﾀｸｼ.png	main/davL.png	KO	브뤼트 거리가 어디인지 몰랐던 데이비드는 호텔 앞에서 택시를 잡아탔다.
disk45	NO25	1290	19	タクシ－の運転手「ブリュ－ト街なら３０分位で着きます。陰気な街で遊ぶ所などありませんぜ」	disk45/ﾀｸｼ.png	main/davL.png	KO	택시 기사: 브뤼트 거리라면 한 30분 걸립니다. 꽤 음침한 동네라 구경할 만한 건 아무것도 없습니다.
disk45	NO25	1300	20	タクシ－の運転手「ここがボジュン通りで、ブリュ－ト街はもうすぐです」	disk45/ﾀｸｼ.png	main/davL.png	KO	택시 기사: 여기가 보준 거리이고, 브뤼트 거리는 이제 얼마 안 남았습니다.
disk45	NO25	1310	21	タクシ－の運転手「ここがブリュ－ト街の３４２です。３４７は多分この先の路地を行くとある筈ですが、車が入りません」	disk45/ﾏﾁ2.png	main/davL.png	KO	택시 기사: 여기가 브뤼트 거리 342번지입니다. 347번지는 아마 저 앞 골목 안쪽일 텐데, 차로는 들어갈 수 없습니다.
disk45	NO25	1320	22	デビッドはタクシ－から降りると、運転手に言われた路地を歩いて行った。	disk45/ﾏﾁ1.png	main/davL.png	KO	데이비드는 택시에서 내려 기사가 알려 준 골목으로 들어갔다.
disk45	NO25	1330	23	しばらく行くと一軒の家の前に人だかりがしているのが見えた。	disk45/ﾋﾄﾑﾚ.png	main/davL.png	KO	얼마쯤 걷자, 어느 집 앞에 사람들이 잔뜩 몰려 있는 것이 보였다.
disk45	NO25	1350	24	警官「はいはい、さがって、見せ物じゃないんだ。どいたどいた」	disk45/ﾋﾄﾑﾚ.png	main/davL.png	KO	경찰관: 자자, 뒤로 물러나세요. 구경거리가 아닙니다. 비켜요, 비켜.
disk45	NO25	1360	25	警官が人を割って道を作った時、白い布をかぶせたタンカがデビッドの前を通り過ぎた。	disk45/ﾋﾄﾑﾚ.png	main/davL.png	KO	경찰이 군중을 밀어 길을 내자, 흰 천이 덮인 들것 하나가 데이비드 바로 앞을 지나갔다.
disk45	NO25	1370	26	町の人「誰が殺ったのか、占い師の老人を殺しても、たいした金にならないのに」	disk45/ﾋﾄﾑﾚ.png	main/davL.png	KO	주민: 대체 누가 죽였대? 늙은 점쟁이를 죽여 봐야 훔칠 돈도 별로 없었을 텐데...
disk45	NO25	1380	27	デビッドは思った。ホテルに訪ねて来た老人は、殺された占い師かもしれない。夢の中の出来事が現実と交錯するように感じる。	disk45/ﾋﾄﾑﾚ.png	main/davL.png	KO	데이비드는 문득 호텔에 찾아왔던 노인이 바로 이 살해당한 점술가일지도 모른다고 생각했다. 꿈속의 사건이 현실과 뒤섞이는 듯한 느낌이 들었다.
disk45	NO25	1390	28	もう少しで、また殺人事件に巻き込まれていたかも知れないと思うと、肌に冷汗が流れ、慌ててホテルに戻った。	disk45/ﾋﾄﾑﾚ.png	main/davL.png	KO	조금만 일찍 왔더라면 자신도 살인 사건에 휘말렸을지 모른다는 생각에 온몸에 식은땀이 흘렀다. 데이비드는 서둘러 호텔로 돌아갔다.
disk45	NO25	1395	29	デビッドが話す。	disk45/ﾋﾄﾑﾚ.png	main/davL.png	KO	데이비드가 말한다.
disk45	NO25	1395	30	マ－ティンが話す。	disk45/ﾋﾄﾑﾚ.png	main/davL.png	KO	마틴이 말한다.
disk45	NO25	1395	31	アランが話す。	disk45/ﾋﾄﾑﾚ.png	main/davL.png	KO	앨런이 말한다.
disk45	NO25	1395	32	アンドリュ－が話す。	disk45/ﾋﾄﾑﾚ.png	main/davL.png	KO	앤드류가 말한다.
disk45	NO25	1400	33	ホテルに戻ったデビッドは、マ－ティンの部屋から流れるギタ－の音に引かれドアを開いた。	disk45/ﾌﾛﾝﾄ.png	main/davL.png	KO	호텔로 돌아온 데이비드는 마틴의 방에서 들려오는 기타 소리에 이끌려 문을 열었다.
disk45	NO25	1410	34	部屋の中にはアランもいた。	disk45/Mﾍﾔ.png	main/davL.png	KO	방에는 앨런도 있었다.
disk45	NO25	1411	35	デビッドが話す。	disk45/Mﾍﾔ.png	main/davL.png	KO	데이비드가 말한다.
disk45	NO25	1411	36	マ－ティンが話す。	disk45/Mﾍﾔ.png	main/davL.png	KO	마틴이 말한다.
disk45	NO25	1411	37	アランが話す。	disk45/Mﾍﾔ.png	main/davL.png	KO	앨런이 말한다.
disk45	NO25	1411	38	アンドリュ－が話す。	disk45/Mﾍﾔ.png	main/davL.png	KO	앤드류가 말한다.
disk45	NO25	1550	39	マ－ティン「お帰り」	disk45/Mﾍﾔ.png	main/marL.png	KO	마틴: 왔어?
disk45	NO25	1560	40	デビッド「マ－ティン、いい曲が出来てるようだな」	disk45/Mﾍﾔ.png	main/davL.png	KO	데이비드: 마틴, 꽤 좋은 곡이 나올 것 같은데?
disk45	NO25	1570	41	マ－ティン「あぁ、古城見学はどうだった。疲れただけだろう」	disk45/Mﾍﾔ.png	main/marL.png	KO	마틴: 글쎄, 그나저나 고성 투어는 어땠어? 괜히 피곤하기만 한 거 아니야?
disk45	NO25	1580	42	デビッド「アンドリュ－が本で下調べをしていたから、いい所ばかりで楽しかったよ」	disk45/Mﾍﾔ.png	main/davL.png	KO	데이비드: 앤드류가 책으로 미리 좋은 곳들만 골라 놔서 즐거웠어.
disk45	NO25	1590	43	デビッドは、あの幻覚の話を伏せて、何事もなかったように話した。	disk45/Mﾍﾔ.png	main/davL.png	KO	데이비드는 환각에 대해서는 숨기고 아무 일도 없었던 것처럼 행동했다.
disk45	NO25	1600	44	アラン「アンドリュ－がねぇ、あいつに、そんな趣味があったとは知らなかった」	disk45/Mﾍﾔ.png	main/alnL.png	KO	앨런: 앤드류의 가이드라니, 그 녀석한테 그런 취미가 있는 줄은 몰랐는데.
disk45	NO25	1610	45	マ－ティン「それでアンドリュ－は？・・・疲れて寝てるって、無理に格好つけたからな」	disk45/Mﾍﾔ.png	main/marL.png	KO	마틴: 그래서 앤드류는? ...피곤해서 잔다고? 괜히 폼 잡느라 무리했나 보네.
disk45	NO25	1620	46	それから、しばらくして・・・	disk45/Mﾍﾔ.png	main/marL.png	KO	그리고 잠시 후...
disk45	NO25	1630	47	アンドリュ－が、けげんな顔して入って来た。	disk45/Mﾍﾔ.png	main/andL.png	KO	앤드류가 뭐에 홀린 듯한 얼굴로 들어왔다.
disk45	NO25	1640	48	マ－ティン「よう！　アンドリュ－、どうしたのだ」	disk45/Mﾍﾔ.png	main/marL.png	KO	마틴: 여, 앤드류. 무슨 일 있어?
disk45	NO25	1650	49	アンドリュ－「・・・」	disk45/Mﾍﾔ.png	main/andL.png	KO	앤드류: ......
disk45	NO25	1660	50	アンドリュ－「古城見物で疲れ、一眠りして部屋を出たんだ。そしたらデビッドの部屋の前に変な老人がたっていて、別に気にもしないで通り過ごしたのだが、つい振り返って見ると・・・」	disk45/Mﾍﾔ.png	main/andL.png	KO	앤드류: 고성 구경 때문에 피곤해서 한숨 자고 나왔는데, 데이비드 방 앞에 이상한 노인이 서 있더라고. 생각 없이 그냥 지나쳤다가 문득 뒤돌아봤더니...
disk45	NO25	1670	51	アンドリュ－「それが、おかしな話でさぁ、その老人が消えて、いないんだ・・・」	disk45/Mﾍﾔ.png	main/andL.png	KO	앤드류: 그게 이상하게도... 그 노인이 감쪽같이 사라져 버렸어...
disk45	NO25	1680	52	アラン「それって、もしかして幽霊？　お前達、古城から連れて来たのかも知れないぜ」	disk45/Mﾍﾔ.png	main/alnL.png	KO	앨런: 그거 혹시 유령 아니야? 너희한테 고성에서 뭔가 붙어서 온 걸지도 몰라.
disk45	NO25	1690	53	マ－ティン「やめろよ！　俺の部屋で、やめてくれ！　俺って、そんな話はダメなんだ」	disk45/Mﾍﾔ.png	main/marL.png	KO	마틴: 그만해! 내 방에서 그런 소리 하지 마! 난 유령 얘기는 정말 질색이라고.
disk45	NO25	1700	54	デビッドは、足が地から浮いているように、気が動転した。もしかして、あの殺された占い師の幽霊が・・・	disk45/Mﾍﾔ.png	main/marL.png	KO	"데이비드는 발이 붕 떠서 허공에 있는 것처럼 정신이 혼란스러워졌다.
혹시 그 살해당한 점술가가..."
disk45	NO25	1710	55	そう思うとデビッドは、気分が悪くなり力が抜けていくような感じる。少しでも早く、ベッドで横になりたかった。	disk45/Mﾍﾔ.png	main/marL.png	KO	그런 생각이 들자, 갑자기 속이 메스꺼워지고 온몸에서 힘이 빠지는 듯했다. 데이비드는 한시라도 빨리 침대에 눕고 싶었다.
disk45	NO25	1720	56	デビッド「俺も古城見学の疲れが出てきたようだ。一眠りするか・・・」	disk45/Mﾍﾔ.png	main/davL.png	KO	데이비드: 나도 성을 너무 돌아다녔나 봐. 좀 자야겠어...
disk45	NO25	1730	57	デビッドは、みんなに気づかれないように、部屋を出た。	disk45/Mﾍﾔ.png	main/davL.png	KO	데이비드는 자신의 동요를 들키지 않으려고 방을 빠져나갔다.
disk45	NO25	9910	84	デビッド「ウワァッ！！・・・・、ハァ、ハァ・・」	main/MEU4.png	main/davL.png	KO	데이비드: 으아악!! ...하아, 하아...
disk45	NO25	10000	91	ＤＡＴＡをＳＡＶＥしますか？　Ｙ／Ｎ	main/MEU4.png	main/davL.png	KO	
disk45	NO25	10040	97	ドライブ１に、ＳＡＶＥ・ディスクを入れて下さい。	main/MEU4.png	main/davL.png	KO	
disk45	NO25	10070	99	ドライブ１のディスクが違います。	main/MEU4.png	main/davL.png	KO	드라이브 1의 디스크가 다릅니다.
disk45	NO25	10110	100	ＳＡＶＥしました。ドライブ１のディスクに、ＭＡＩＮディスクを入れて下さい。	main/MEU4.png	main/davL.png	KO	
disk45	NO25	10150	102	ドライブ１のディスクが違います。	main/MEU4.png	main/davL.png	KO	드라이브 1의 디스크가 다릅니다.
disk45	25-1	1740	0	部屋に戻ると、すぐにベッドに入り眠ろうとしたが、なぜか急に目がさえて眠れなくなった、デビッドだった。	disk45/ﾍﾞｯﾄ.png	main/davL.png	KO	방으로 돌아온 데이비드는 곧바로 침대에 누웠지만, 어째서인지 갑자기 정신이 맑아져 좀처럼 잠들 수 없었다.
disk45	25-1	1750	1	デビッド「おかしいなぁ・・・古城巡りで疲れているはずなのに、なぜか眠れない」	disk45/OKIL.png	main/davL.png	KO	데이비드: 이상하네... 하루 종일 돌아다녀서 피곤할 텐데 왜 잠이 안 오지?
disk45	25-1	1751	2	デビッド「そうだ、スシャ－ナに、あの薬を貰おう・・・まだ起きてるかな？」	disk45/OKIL.png	main/davL.png	KO	데이비드: 그래, 수잔나에게 약 좀 달라고 해야겠어... 아직 깨어 있으려나?
disk45	25-1	1760	3	ドアをノックする音かする。	disk45/OKIL.png	main/davL.png	KO	노크 소리가 들려왔다.
disk45	25-1	1765	4	デビッド「誰だろう、今頃・・・アンドリュ－かな？」	disk45/OKIL.png	main/davL.png	KO	데이비드: 이 시간에 누구지... 앤드류인가?
disk45	25-1	1770	5	デビッドは疲れた身体を引きずるようにしてドアを開けた。	disk45/OKIL.png	main/davL.png	KO	데이비드는 지친 몸을 끌고 문을 열었다.
disk45	25-1	1780	6	メンバ－の誰かと思ったら、知らない老人が立っている。	disk45/ﾄｼﾖﾘ.png	main/davL.png	KO	멤버 중 한 명일 거라고 생각했지만, 문밖에는 처음 보는 노인이 서 있었다.
disk45	25-1	1790	7	デビッドは身体の疲れも忘れ、後に飛びさがってしまった。老人はデビッドを追うように部屋の中に入り、デビッドを見ている。	disk45/ﾄｼﾖﾘ.png	main/davL.png	KO	데이비드는 몸의 피로도 잊은 채 흠칫 놀라 뒤로 물러섰다. 노인은 쫓아오듯이 안으로 들어와 그를 쳐다봤다.
disk45	25-1	1800	8	デビッドが話す。	disk45/ﾄｼﾖﾘ.png	main/davL.png	KO	데이비드가 말한다.
disk45	25-1	1800	9	老人が話す。	disk45/ﾄｼﾖﾘ.png	main/davL.png	KO	노인이 말한다.
disk45	25-1	1870	10	スシャ－ナが話す。	disk45/ﾄｼﾖﾘ.png	main/davL.png	KO	수잔나가 말한다.
disk45	25-1	1950	11	デビッド「お前はだれた！　出て行け！」	disk45/ﾄｼﾖﾘ.png	main/davL.png	KO	데이비드: 당신 누구야! 당장 나가!
disk45	25-1	1960	12	老人「魔王様！　私は魔導師、ミッシェルです。貴方様に危険なワナが待っています」	disk45/ﾄｼﾖﾘ.png	main/davL.png	KO	노인: 마왕님! 저는 마도사 미셸입니다. 지금 당신을 노리는 위험한 함정이 기다리고 있습니다!
disk45	25-1	1970	13	デビッド「また魔王か、いいかげんにしろ！！」	disk45/ﾄｼﾖﾘ.png	main/davL.png	KO	데이비드: 또 마왕이야? 이제 좀 그만해!!
disk45	25-1	1980	14	老人「魔王様！　このままでは、血の海に飲まれてしまうのです。私めの話を聞いて下さい」	disk45/ﾄｼﾖﾘ.png	main/davL.png	KO	노인: 마왕님! 이대로라면 피바다에 삼켜지고 맙니다. 부디 제 말을 들어주십시오!
disk45	25-1	1990	15	デビッド「貴方は誰です。私はミッシェルと言う人など知らない！」	disk45/ﾄｼﾖﾘ.png	main/davL.png	KO	데이비드: 대체 누구냐고! 난 미셸이라는 사람 따위 전혀 몰라!
disk45	25-1	2000	16	老人「幼少の魔王様をお育てしてきた私めを、お忘れになったのですか、魔王様、このままでは復讐の鬼となり追放されてしまいます」	disk45/ﾄｼﾖﾘ.png	main/davL.png	KO	노인: 어린 시절부터 마왕님을 길러 온 저를 잊으셨습니까? 이대로 가면 마왕님은 복수귀가 되어 결국 추방당하고 맙니다.
disk45	25-1	2010	17	デビッド「なぜ俺が復讐の鬼となるのだ」	disk45/ﾄｼﾖﾘ.png	main/davL.png	KO	데이비드: 왜 내가 복수에 미친다는 거야?
disk45	25-1	2020	18	老人「貴方は禁断の力を持った魔王、それさえも知らないと言うのですか、貴方は・・・」	disk45/ﾄｼﾖﾘ.png	main/davL.png	KO	노인: 당신은 금단의 힘을 가진 마왕이십니다. 그것조차 모르신다는 겁니까, 당신은 바로...
disk45	25-1	2030	19	その時、入口からスシャ－ナが入って来た。	disk45/ﾘﾝ1.png	main/davL.png	KO	그때, 수잔나가 방으로 들어왔다.
disk45	25-1	2040	20	スシャ－ナ「デビッド！　何かあったの、このお年寄りはどなたなの」	disk45/ﾘﾝ1.png	main/davL.png	KO	수잔나: 데이비드! 무슨 일이에요? 이분은 누구예요?
disk45	25-1	2050	21	老人「リン！！　やはりお前だったのか、お前が現れたからには、時は遅すぎた。」	disk45/ｶｵ.png	main/davL.png	KO	노인: 린, 역시 너였나!! 네가 모습을 드러낸 이상 이미 때는 너무 늦었구나.
disk45	25-1	2060	22	老人「魔王様！！　いま貴方様に残された道は死ぬ事だけです。死んで下さい」	disk45/ｶｵ.png	main/davL.png	KO	노인: 마왕님!! 이제 당신께 남은 길은 하나뿐입니다. 부디 죽어 주십시오!
disk45	25-1	2070	23	老人は、いきなりデビッドに飛かかり首を締めつけてきた。	disk45/ｵｿｳ.png	main/davL.png	KO	노인은 갑자기 데이비드에게 달려들어 목을 조르기 시작했다.
disk45	25-1	2075	24	老人「死んで下さい・・・お願いです・・・魔王様！！」	disk45/ｵｿｳ.png	main/davL.png	KO	노인: 죽어 주십시오... 부탁드립니다... 마왕님!!
disk45	25-1	2080	25	スシャ－ナ「デビッド！！　危ない！　逃げて」	disk45/ﾘﾝ1.png	main/davL.png	KO	수잔나: 데이비드!! 위험해요! 도망쳐요!!
disk45	25-1	2090	26	スシャ－ナは、デビッドから老人を引き離そうと、必死にしがみついている。	disk45/ﾘﾝ1.png	main/davL.png	KO	수잔나는 노인을 데이비드에게서 떼어 내려고 필사적으로 달라붙었다.
disk45	25-1	2100	27	デビッドは、最後の力を振り絞り、老人を押しのけようと叫んだ。	disk45/ｵｿｳ.png	main/davL.png	KO	데이비드는 남은 힘을 모두 짜내 노인을 밀쳐 내며 소리쳤다.
disk45	25-1	2110	28	デビッド「ウア－！！」	disk45/ｵｿｳ.png	main/davL.png	KO	데이비드: 으아아!!
disk45	25-1	2116	29	スシャ－ナ「デビッド、開けて・・・デビッド・・・大丈夫」	disk45/ｵｿｳ.png	main/davL.png	KO	수잔나: 데이비드, 문 좀 열어 봐! 데이비드... 괜찮아요!?
disk45	25-1	2120	30	デビッド「ハァハァ・・・また夢か・・・」	disk45/OKIL.png	main/davL.png	KO	데이비드: 하아, 하아... 또 꿈인가...
disk45	25-1	2125	31	デビッドはベットから跳ね起きた。部屋の中には、老人もスシャ－ナもいない。また夢を見ていた事に気づいた	disk45/OKIL.png	main/davL.png	KO	데이비드는 침대에서 벌떡 일어났다. 방 안에는 노인도 수잔나도 없었다. 또다시 꿈을 꾸고 있었던 것이다.
disk45	25-1	2130	32	ドアを叩く音がする。スシャ－ナがデビッドを呼んでいる。	disk45/OKIL.png	main/davL.png	KO	문을 두드리는 소리가 들렸다. 수잔나가 데이비드를 부르고 있었다.
disk45	25-1	2140	33	デビッドがドアを開けると、スシャ－ナが心配そうな顔をしている。	disk45/ﾘﾝ2.png	main/davL.png	KO	데이비드가 문을 열자, 수잔나가 걱정스러운 얼굴로 서 있었다.
disk45	25-1	2150	34	スシャ－ナ「デビッド、また夢を見たの？　廊下でデビッドの叫び声がしたので」	disk45/ﾘﾝ2.png	main/davL.png	KO	수잔나: 데이비드, 또 악몽 꾼 거예요? 복도까지 비명이 들렸어요.
disk45	25-1	2160	35	デビッド「あぁ、また夢を見てしまった」	disk45/ﾘﾝ2.png	main/davL.png	KO	데이비드: 그래, 또 악몽을 꾸고 말았어.
disk45	25-1	2170	36	スシャ－ナ「ちょうど良かった。良く効く薬を買って来たばかりなの、これ飲んでみて」	disk45/ﾘﾝ2.png	main/davL.png	KO	수잔나: 마침 잘됐네요. 약효가 좋은 약을 새로 사 왔거든요. 이거 먹어 봐요.
disk45	25-1	2180	37	デビッド「いつも済まないな。あっ、そうだ。いま見た夢の中で俺が殺されそうになって、スシャ－ナに助けてもらった。礼を言うよ」	disk45/ﾘﾝ2.png	main/davL.png	KO	데이비드: 매번 미안해. 아, 그러고 보니 방금 꿈에서도 내가 죽을 뻔했는데 수잔나가 구해 줬어. 꿈이었지만 고마워.
disk45	25-1	2190	38	スシャ－ナ「エッ！　貴方の夢に、光栄だわ。でもその薬を飲むとぐっすり寝れるわ」	disk45/ﾘﾝ2.png	main/davL.png	KO	수잔나: 어머! 당신 꿈에 제가 나왔다니 영광인데요? 아무튼 약을 먹으면 푹 잘 수 있을 거예요.
disk45	25-1	2200	39	スシャ－ナは、デビッドに薬を渡した。	disk45/ﾘﾝ2.png	main/davL.png	KO	수잔나는 데이비드에게 약을 건넸다.
disk45	25-1	2210	40	デビッドは薬を見て、スシャ－ナの優しさが嬉しかった。その薬を飲んで、ベッドに入た。	disk45/ﾍﾞｯﾄ.png	main/davL.png	KO	수잔나가 내민 약을 보며 데이비드는 그녀의 다정함에 기뻐했다. 그는 약을 먹은 뒤 다시 침대에 누웠다.
disk45	25-1	3000	41	ＣＤ－ＲＯＭよりＤＡＴＡの読み込みを始めます。ＨＩＴ　ＡＮＹ　ＫＥＹ	disk45/ﾍﾞｯﾄ.png	main/davL.png	KO	CD-ROM에서 데이터 읽습니다. 아무 키나 눌러주세요.
disk45	25-1	3010	42	　　　　　　　　ＣＤ－ＲＯＭよりＤＡＴＡを読み込み中	disk45/ﾍﾞｯﾄ.png	main/davL.png	KO	데이터를 읽는 중...
disk45	25-1	9910	84	デビッド「ウワァッ！！・・・・、ハァ、ハァ・・」	disk45/ﾍﾞｯﾄ.png	main/davL.png	KO	데이비드: 으아악!! ...하아, 하아...
disk45	25-1	10000	91	ＤＡＴＡをＳＡＶＥしますか？　Ｙ／Ｎ	disk45/ﾍﾞｯﾄ.png	main/davL.png	KO	
disk45	25-1	10040	97	ドライブ１に、ＳＡＶＥ・ディスクを入れて下さい。	disk45/ﾍﾞｯﾄ.png	main/davL.png	KO	
disk45	25-1	10070	99	ドライブ１のディスクが違います。	disk45/ﾍﾞｯﾄ.png	main/davL.png	KO	드라이브 1의 디스크가 다릅니다.
disk45	25-1	10110	100	ＳＡＶＥしました。ドライブ１のディスクに、ＭＡＩＮディスクを入れて下さい。	disk45/ﾍﾞｯﾄ.png	main/davL.png	KO	
disk45	25-1	10150	102	ドライブ１のディスクが違います。	disk45/ﾍﾞｯﾄ.png	main/davL.png	KO	드라이브 1의 디스크가 다릅니다.
disk46	NO26	100	0	デビッドは、やや強めのムスクの香りに目が覚めた。	disk46/ﾑｽｸ.png		KO	데이비드는 다소 짙은 머스크 향에 잠에서 깼다.
disk46	NO26	110	1	・・・ここは・・・？	disk46/ﾑｽｸ.png		KO	...여기는...?
disk46	NO26	120	2	部屋の様子が変わっている。ベッドもインテリヤも全ての様子が変わっていた。	disk46/ﾑｽｸ.png		KO	방이 달라져 있었다. 침대도 인테리어도 모든 게 변해 있었다.
disk46	NO26	130	3	部屋の奥から男の声がする。	disk46/ﾑｽｸ.png		KO	방 안쪽에서 남자의 목소리가 들려왔다.
disk46	NO26	140	4	デビッドが話す。	disk46/ﾑｽｸ.png		KO	데이비드가 말한다.
disk46	NO26	140	5	男が話す。	disk46/ﾑｽｸ.png		KO	남자가 말한다.
disk46	NO26	450	6	デビッドが話す。	disk46/ﾑｽｸ.png		KO	데이비드가 말한다.
disk46	NO26	470	7	ホルカイが話す。	disk46/ﾑｽｸ.png		KO	홀카이가 말한다.
disk46	NO26	470	8	スシャ－ナが話す。	disk46/ﾑｽｸ.png		KO	수잔나가 말한다.
disk46	NO26	500	9	部屋の奥から男が歩いてきた。	disk46/ﾑｽｸ.png		KO	방 안쪽에서 남자가 걸어나왔다.
disk46	NO26	505	10	男の声「王よ。お目覚めになられましたか」	disk46/ﾑｽｸ.png	disk43/ﾎﾙｶｲ.png	KO	남자: 왕이시여, 깨어나셨습니까?
disk46	NO26	510	11	デビッド「王！？・・・お前は誰だ」	disk46/ﾑｽｸ.png	main/davL.png	KO	데이비드: 왕이라니!? ...넌 누구냐?
disk46	NO26	520	12	男の声「お目覚めの悪い。私は魔導師ホルカイです」	disk46/ﾑｽｸ.png	disk43/ﾎﾙｶｲ.png	KO	남자: 잠이 덜 깨셨군요. 저는 마도사 홀카이입니다.
disk46	NO26	530	13	その時、女性の声が聞こえ、部屋の奥から歩いてきた	disk46/ﾑｽｸ.png	disk43/ﾎﾙｶｲ.png	KO	그때 여자의 목소리가 들리더니, 방 안쪽에서 한 여자가 걸어 나왔다.
disk46	NO26	540	14	ホルカイ「スシャ－ナ様、王がお目覚めになられました」	disk46/ﾑｽｸ.png	disk43/ﾎﾙｶｲ.png	KO	홀카이: 수잔나 님, 왕께서 깨어나셨습니다.
disk46	NO26	550	15	スシャ－ナ「では、聖なる儀式を始めましょう」	disk46/ﾑｽｸ.png	disk46/ﾘﾝ.png	KO	수잔나: 그러면 성스러운 의식을 시작하겠습니다.
disk46	NO26	560	16	・・・スシャ－ナ・・・着ている物は違うが、顔も声もスシャ－ナにそっくりだ・・・	disk46/ﾑｽｸ.png	disk46/ﾘﾝ.png	KO	...수잔나...? 옷차림이 다르지만 얼굴도 목소리도 수잔나와 똑같아...
disk46	NO26	570	17	ホルカイ「生まれながらにして野獣の王よ！　王にして祭司の者よ！　暗黒の神たる者として生命の水を受けよ」	disk46/ﾑｽｸ.png	disk43/ﾎﾙｶｲ.png	KO	홀카이: 태어날 때부터 야수의 왕으로 정해진 분이여! 왕이자 제사장이신 분이여! 암흑의 신으로서 생명의 물을 받으소서!
disk46	NO26	580	18	ホルカイは、水の入った器を、デビッドに差し出した。	disk46/ｳﾂﾜ.png	disk43/ﾎﾙｶｲ.png	KO	홀카이는 물이 담긴 그릇을 데이비드에게 내밀었다.
disk46	NO26	590	19	デビッド「なんだ！　この水は・・・」	disk46/ｳﾂﾜ.png	main/davL.png	KO	데이비드: 뭐야! 이 물은 대체...
disk46	NO26	600	20	スシャ－ナ「暗黒の星から、さずかった神の水です。王である貴方しか飲む事が許されていません」	disk46/ｳﾂﾜ.png	disk46/ﾘﾝ.png	KO	수잔나: 암흑의 별에서 내려온 신성한 물입니다. 오직 왕이신 당신만이 마실 수 있는 물입니다.
disk46	NO26	610	21	スシャ－ナ「毎朝の儀式で飲んでいる水です」	disk46/ｳﾂﾜ.png	disk46/ﾘﾝ.png	KO	수잔나: 매일 아침 의식을 치르며 드신 물입니다.
disk46	NO26	620	22	スシャ－ナはホルカイから器を取り、デビッドに渡した。	disk46/ｳﾂﾜ.png	disk46/ﾘﾝ.png	KO	수잔나는 홀카이에게서 그릇을 받아 데이비드에게 건넸다.
disk46	NO26	630	23	デビッドは、水を口にふくみ、一気に飲みほした。	disk46/ﾑｽｸ.png	disk46/ﾘﾝ.png	KO	데이비드는 물을 입에 머금은 뒤 단숨에 들이켰다.
disk46	NO26	640	24	身体中に、すさまじいエネルギ－が流れ始める。身体が爆発しそうな感覚に襲われそうになった。	disk46/ﾑｽｸ.png	disk46/ﾘﾝ.png	KO	온몸에 엄청난 에너지가 흐르기 시작했다. 몸이 폭발해 버릴 것 같은 감각이 데이비드를 덮쳐왔다.
disk46	NO26	650	25	デビッド「うわ・・・スシャ－ナ！　助けてくれ・・・」	disk46/ﾑｽｸ.png	main/davL.png	KO	데이비드: 으아... 수잔나! 도와줘...
disk46	NO26	800	26	スシャ－ナ「・・・デビッド！　大丈夫？」	disk46/ﾑｽｸ.png	main/davL.png	KO	수잔나: ...데이비드! 괜찮아요?
disk46	NO26	810	27	デビッド「ハァハァ・・・身体が焼けるかと思った・・・」	main/OKIL.png	main/davL.png	KO	데이비드: 하아, 하아... 온몸이 타버리는 줄 알았어...
disk46	NO26	815	28	デビッドは、スシャ－ナの声で意識を取り戻した。部屋の中を見てホテルにいる事に気がついた。	main/OKIL.png	main/davL.png	KO	수잔나의 목소리에 데이비드는 정신을 되찾았다. 주위를 둘러보고 호텔 방에 있다는 것을 깨달았다.
disk46	NO26	816	29	急いで衣服を着るとデビッドは、スシャ－ナに今、見た出来事を話した。	disk46/ﾍｯﾄ1.png	main/davL.png	KO	데이비드는 황급히 옷을 챙겨 입고 방금 겪은 꿈을 수잔나에게 털어놓았다.
disk46	NO26	820	30	デビッド「なにかわからないが、夢を見たような感じだった。スシャ－ナが、また夢に出て、生命の水を・・・それにホルカイとか言った男と・・・」	disk46/ﾍｯﾄ1.png	main/davL.png	KO	데이비드: 뭔지는 모르겠지만 또 꿈을 꾼 것 같아. 수잔나가 또 꿈에 나와서 생명의 물을... 그리고 홀카이라는 남자와...
disk46	NO26	830	31	スシャ－ナ「不思議ね。デビッドが薬を飲んで３分もたっていないのに夢を・・・」	disk46/ﾍｯﾄ1.png	main/davL.png	KO	수잔나: 이상하네요, 약을 먹은 지 아직 3분도 안 됐는데 벌써 꿈을 꿨다고요...?
disk46	NO26	840	32	スシャ－ナ「薬が合わなかったのかしら・・・」	disk46/ﾍｯﾄ1.png	main/davL.png	KO	수잔나: 약이 맞지 않은 걸까요...
disk46	NO26	845	33	スシャ－ナ「さあ明日はコンサ－トよ。良く寝ないと調子がでないわよ」	disk46/ﾍｯﾄ1.png	main/davL.png	KO	수잔나: 아무튼 내일은 공연이니까 푹 자두지 않으면 컨디션 조절하기 힘들 거예요.
disk46	NO26	850	34	スシャ－ナは、部屋から出て行った。	disk46/ﾍｯﾄ1.png	main/davL.png	KO	수잔나는 그렇게 말하고 방을 나갔다.
disk46	NO26	860	35	デビッド「・・・薬・・・なんだか本当にエネルギ－が充電されたみたいだ・・・」	disk46/ﾍｯﾄ1.png	main/davL.png	KO	데이비드: ...약 때문인가... 어쩐지 정말로 에너지가 충전된 것 같은 기분이야...
disk46	NO26	9910	63	デビッド「ウワァッ！！・・・・、ハァ、ハァ・・」	main/MEU4.png	main/davL.png	KO	데이비드: 으아악!! ...하아, 하아...
disk46	NO26	10000	70	ＤＡＴＡをＳＡＶＥしますか？　Ｙ／Ｎ	main/MEU4.png	main/davL.png	KO	
disk46	NO26	10040	76	ドライブ１に、ＳＡＶＥ・ディスクを入れて下さい。	main/MEU4.png	main/davL.png	KO	
disk46	NO26	10070	78	ドライブ１のディスクが違います。	main/MEU4.png	main/davL.png	KO	드라이브 1의 디스크가 다릅니다.
disk46	NO26	10110	79	ＳＡＶＥしました。ドライブ１のディスクに、ＭＡＩＮディスクを入れて下さい。	main/MEU4.png	main/davL.png	KO	
disk46	NO26	10150	81	ドライブ１のディスクが違います。	main/MEU4.png	main/davL.png	KO	드라이브 1의 디스크가 다릅니다.
disk46	NO27	1000	0	翌朝、デビッドは、人が変わったように詩を書き上ていた。体調はエネルギ－が充電されたみたいに、パワフルな感じになっている。	disk46/Mﾍﾔ.png	main/davL.png	KO	다음 날 아침, 데이비드는 마치 딴사람이라도 된 듯 가사를 써 내려갔다. 몸 상태도 에너지가 가득 충전된 것처럼 힘이 넘쳤다.
disk46	NO27	1010	1	その夜、フランスでの最後のコンサ－トが始まった。	disk46/ｽｲｼ2.png	main/davL.png	KO	그날 밤, 프랑스에서의 마지막 콘서트가 시작되었다.
disk46	NO27	1020	2	観客は最初の曲のイントロが始まる前から歓声を上げている。	disk46/ｶﾝｷｬ.png	main/davL.png	KO	첫 곡의 인트로가 시작되기도 전부터 객석에서는 엄청난 함성이 터져 나왔다.
disk46	NO27	1040	3	クラ−クとヴィンスは、今夜もスシャ—ナの張り込みしていた。	disk46/ｶﾝｷｬ.png	main/davL.png	KO	클라크와 빈스는 이날 밤도 수잔나를 감시하고 있었다.
disk46	NO27	1060	4	クラ－クが話す。	disk46/ｶﾝｷｬ.png	main/davL.png	KO	클라크가 말한다.
disk46	NO27	1060	5	ヴィンスが話す。	disk46/ｶﾝｷｬ.png	main/davL.png	KO	빈스가 말한다.
disk46	NO27	1200	6	ヴインス「所長！　胸がドキドキしてきませんか、今夜は最高の気分になれそうです」	disk46/ｶﾝｷｬ.png	main/ｳｲﾝｽ.png	KO	빈스: 소장님! 벌써 가슴이 두근거리는데요? 오늘 공연은 정말 끝내줄 것 같습니다!
disk46	NO27	1210	7	クラ－ク「ヴィンス、音楽を聞くなとは言わないが、ステ－ジの周りに注意して、スシャ－ナに近づく者がいれば、俺に報告しろ！！」	disk46/ｶﾝｷｬ.png	main/ｸﾗｰｸ.png	KO	클라크: 빈스, 음악을 듣는 건 상관없지만 무대 주변에서 눈을 떼지 말게. 수잔나에게 접근하는 사람이 있으면 바로 나한테 알리게!
disk46	NO27	1220	8	ヴィンス「昨日の初老の男だって調べてみれば、ただの貿易会社の社長だったのですよ。彼等のコンサ－ト・ツア－はイタリアまで続くのですから、あせらないようにいきましょうよ」	disk46/ｶﾝｷｬ.png	main/ｳｲﾝｽ.png	KO	빈스: 어제 그 남자도 알아보니까 그냥 무역회사 사장이었잖아요. 투어는 이탈리아까지 계속되니까 너무 조급하게 굴 필요는 없잖습니까.
disk46	NO27	1230	9	クラ－ク「あの社長のフランネルについては、ロンドンの探偵協会に連絡して調べてもらっている。白か黒かはこれからだ」	disk46/ｶﾝｷｬ.png	main/ｸﾗｰｸ.png	KO	클라크: 그 프란넬이라는 사장에 대해서는 런던 탐정협회에 따로 조사를 부탁해 놨네. 결백한지 수상한지는 곧 밝혀질 테지.
disk46	NO27	1240	10	ヴィンス「今夜のデビッドの歌は最高だ！！　身体が燃えるようになりませんか」	disk46/ｶﾝｷｬ.png	main/ｳｲﾝｽ.png	KO	빈스: 오늘 데이비드 노래는 정말 최고예요! 온몸이 달아오르는 것 같지 않습니까?
disk46	NO27	1250	11	ステ－ジでは、デビッドがエキサイトしすぎて、観客は興奮の渦に巻きこまれている。	disk46/ｶﾝｷｬ.png	main/ｳｲﾝｽ.png	KO	데이비드는 격렬하게 달아올랐고, 관객들 역시 그 열기에 휩쓸려 가고 있었다.
disk46	NO27	1260	12	クラ－ク「曲はくだらないが、ノリのいい音楽だな、若い連中の気持ちも判らなくもないが・・・少し異常すぎる」	disk46/ﾖﾛｺﾌ.png	main/ｸﾗｰｸ.png	KO	클라크: 곡 자체는 시시하지만 사람을 들뜨게 만드는 힘은 있군. 젊은 것들이 열광하는 것도 이해는 가지만... 좀 지나치게 기이해.
disk46	NO27	1270	13	そんなクラ－クも体がリズムにのって動いている。	disk46/ﾖﾛｺﾌ.png	main/ｸﾗｰｸ.png	KO	그렇게 말하는 클라크조차 어느새 리듬에 맞춰 몸을 움직이고 있었다.
disk46	NO27	1280	14	曲が進むにつけて、観客は狂乱の様子となり、デビッドも観客の興奮のエネルギ－を浴びて、エキサイトしていった。	disk46/ｶﾝｷｬ.png	main/ｸﾗｰｸ.png	KO	공연이 계속될수록 관객들은 점점 광란에 빠져들었고, 데이비드도 관객들의 열기를 받아 더욱 고조되었다.
disk46	NO27	1290	15	会場はパニックとなり、いたる所で興奮した観客が倒れ大事にいたる所だったが、ケガ人が出なかったため無事にコンサ－トを終了する事ができた。	disk46/ｱﾚﾙ.png	main/ｸﾗｰｸ.png	KO	공연장은 패닉 상태가 되어 곳곳에서 흥분한 관객들이 쓰러져 큰 사고로 이어질 뻔했지만, 부상자가 나오지 않아 무사히 콘서트를 끝낼 수 있었다.
disk46	NO27	1300	16	控え室に戻ったメンバ－達も、ステ－ジの興奮が、そのまま残っている。	disk46/ﾋｶｴ.png	main/ｸﾗｰｸ.png	KO	대기실로 돌아온 멤버들은 아직도 흥분이 가라앉지 않고 있었다.
disk46	NO27	1320	17	アランが話す。	disk46/ﾋｶｴ.png	main/ｸﾗｰｸ.png	KO	앨런이 말한다.
disk46	NO27	1320	18	アンドリュ－が話す。	disk46/ﾋｶｴ.png	main/ｸﾗｰｸ.png	KO	앤드류가 말한다.
disk46	NO27	1440	19	デビッドが話す。	disk46/ﾋｶｴ.png	main/ｸﾗｰｸ.png	KO	데이비드가 말한다.
disk46	NO27	1460	20	マ－チンが話す。	disk46/ﾋｶｴ.png	main/ｸﾗｰｸ.png	KO	마틴이 말한다.
disk46	NO27	1495	21	アンドリュ－「今夜のデビッドは凄い！　いまだって俺の身体は興奮して震えがまだ続いているよ」	disk46/ﾋｶｴ.png	main/andL.png	KO	앤드류: 데이비드, 오늘 밤 굉장했어! 나 아직도 흥분이 안 가라앉아서 떨림이 멈추지 않아.
disk46	NO27	1500	22	アラン「おい！　デビッド！！　今夜はどうしたんだ。俺までイカレそうになっちやったぜ」	disk46/ﾋｶｴ.png	main/alnL.png	KO	앨런: 야, 데이비드! 오늘 대체 뭐야? 나까지 완전히 미쳐 버리는 줄 알았다고!
disk46	NO27	1510	23	アンドリュ－「俺もだ！　いつの間にかデビッドの歌に酔って、無意識に演奏していたようだ」	disk46/ﾋｶｴ.png	main/andL.png	KO	앤드류: 나도 마찬가지야! 네 노래에 취해서 정신없이 연주만 했던 것 같아.
disk46	NO27	1520	24	アラン「そうさ！　俺なんかアンコ－ルを朝までやってもいいと思ったぜ」	disk46/ﾋｶｴ.png	main/alnL.png	KO	앨런: 맞아! 난 진짜 아침까지 앙코르를 해도 좋겠다는 생각이 들더라고!
disk46	NO27	1530	25	マ－チン「俺もデビッドの歌に酔って、ステ－ジで曲をひいていた記憶がなかったみたいだ。デビッドが、この調子で歌い続けたら、俺達も女王陛下の勲章をもらえるかも知れないな」	disk46/ﾋｶｴ.png	main/marL.png	KO	마틴: 나도 데이비드의 노래에 취해 무대에서 어떻게 연주했는지 기억이 안 나. 데이비드가 이런 기세로 계속 노래한다면 우리도 여왕 폐하에게 훈장을 받는 거 아니야?
disk46	NO27	1540	26	アラン「デビッド！　何があったのか説明しろよ！」	disk46/ﾋｶｴ.png	main/alnL.png	KO	앨런: 데이비드! 대체 어떻게 된 건지 말 좀 해 봐!
disk46	NO27	1550	27	デビッド「いや、俺にもわからない。ステ－ジに上がったら、ついエキサイトしすぎて、今日の体調は悪魔と取り引きしたみたいに最高なんだ」	disk46/ﾋｶｴ.png	main/davL.png	KO	데이비드: 글쎄, 나도 모르겠어. 그냥 무대에 올라가니 무심코 너무 흥분해 버렸어. 오늘 컨디션은 악마와 거래라도 한 것처럼 최고였어.
disk46	NO27	1560	28	スシャ－ナが入って来た。彼女も興奮がさめてないのか、顔がほてっている。	disk46/ﾋｶｴ.png	main/davL.png	KO	그때, 수잔나가 들어왔다. 그녀 역시 아직 흥분이 가시지 않았는지 얼굴이 달아올라 있었다.
disk46	NO27	1570	29	スシャ－ナ「今夜のデビッドは最高よ！　でも大変！！　会場の観客が帰ろうとしないの。警備の人が車を近くまで運ぶから、外には出ないようにしてね」	disk46/ﾋｶｴ.png	main/linR.png	KO	수잔나: 오늘 정말 최고였어요, 데이비드! 하지만 큰일인 게 관객들이 돌아갈 생각을 안 해요. 경비원들이 차를 바로 근처까지 가져올 테니까 절대 밖으로 나오지 마세요.
disk46	NO27	1580	30	デビッド達は深夜になって、やっとホテルにたどり着いた。	disk46/ﾎﾃﾙ.png	main/linR.png	KO	멤버들은 한밤중이 되어서야 간신히 호텔로 돌아올 수 있었다.
disk46	NO27	1590	31	デビッドは、コンサ－トの興奮に酔いながらベッドに入ったが、目を閉じると自然に寝てしまった。	disk46/ﾍｯﾄ1.png	main/linR.png	KO	데이비드는 공연의 여운에 취한 채 침대에 누웠고, 눈을 감자마자 이내 깊은 잠에 빠져들었다.
disk46	NO27	1600	32	朝、起きたデビッドは、久しぶりに、すっきりとした体調に笑みが浮かんだ。	disk46/ﾍｯﾄ1.png	main/linR.png	KO	아침에 일어난 데이비드는 오랜만에 개운한 몸 상태에 미소를 지었다.
disk46	NO27	1610	33	デビッド達は、次のコンサ－ト地、イタリアのロ－マに向かって、エアバスで飛たった。	disk46/ﾋｺｰｷ.png	main/linR.png	KO	멤버들은 다음 공연지인 이탈리아 로마를 향해 비행기에 올랐다.
disk46	NO27	1700	34	夜のロ－マに着いたデビッド達は、そのままホテルに直行した。	disk46/Hﾖﾙ.png	main/linR.png	KO	밤늦게 로마에 도착한 멤버들은 곧장 호텔로 향했다.
disk46	NO27	1705	35	コンサ－トの疲れが出てきたため、全員早々にベッドに向かった。	disk46/ﾍﾞｯﾄ.png	main/linR.png	KO	그동안 쌓인 공연 피로가 몰려온 탓에 모두 일찍 잠자리에 들었다.
disk46	NO27	1710	36	その夜も、デビッドは悪夢を見る事も無く、快適な朝を迎える事ができた。	disk46/ﾍﾞｯﾄ.png	main/linR.png	KO	그날 밤도 데이비드는 악몽에 시달리지 않고 쾌적한 아침을 맞을 수 있었다.
disk46	NO27	1715	37	メンバ－達が、ロビ－に全員が集まったのは、昼を越えていた。	disk46/ﾛﾋﾞｰ.png	main/linR.png	KO	멤버 전원이 로비에 모인 것은 정오를 넘긴 뒤였다.
disk46	NO27	1730	38	アンドリュ－が話す。	disk46/ﾛﾋﾞｰ.png	main/linR.png	KO	앤드류가 말한다.
disk46	NO27	1730	39	マ－チンが話す。	disk46/ﾛﾋﾞｰ.png	main/linR.png	KO	마틴이 말한다.
disk46	NO27	1760	40	デビッドが話す。	disk46/ﾛﾋﾞｰ.png	main/linR.png	KO	데이비드가 말한다.
disk46	NO27	1780	41	マ－チンが話す。	disk46/ﾛﾋﾞｰ.png	main/linR.png	KO	마틴이 말한다.
disk46	NO27	1800	42	アランが話す。	disk46/ﾛﾋﾞｰ.png	main/linR.png	KO	앨런이 말한다.
disk46	NO27	1820	43	マ－チン「コンサ－トは明日の夜だし、今日の予定はどうする」	disk46/ﾛﾋﾞｰ.png	main/marL.png	KO	마틴: 공연은 내일 밤인데, 오늘은 어떻게 할까?
disk46	NO27	1830	44	アンドリュ－「ロ－マを見物するのは、コンサ－トの翌日にしろと言われてるし、ホテルの近くをぶらついても、ファンがいて、のんびり歩けやしねえ・・・」	disk46/ﾛﾋﾞｰ.png	main/andL.png	KO	앤드류: 로마 관광은 공연 다음 날 하라고 했잖아. 그렇다고 호텔 근처를 돌아다니자니 팬들 때문에 편하게 걷지도 못할 테고...
disk46	NO27	1840	45	アラン「デビッドの熱演で、音楽界の見る目が違ってきたようだ。スシャ－ナがホテルの前のファンを集団化しないように、ガ－ドマンを雇って整理していた。ホテルにいるしかないよ」	disk46/ﾛﾋﾞｰ.png	main/alnL.png	KO	앨런: 데이비드의 완벽한 무대 덕분에 업계에서도 우리를 보는 눈이 달라진 모양이야. 수잔나가 호텔 앞 팬들이 떼로 몰리지 않게 경비원을 고용해서 정리하고 있더라. 오늘은 그냥 호텔에 있을 수밖에 없겠어
disk46	NO27	1850	46	アンドリュ－「くそ！　俺達は若いんだぜ。休養なんかいらねえのに、スシャ－ナは少し堅すぎるよ」	disk46/ﾛﾋﾞｰ.png	main/andL.png	KO	앤드류: 젠장! 우린 젊어서 휴식 같은 건 필요 없는데 수잔나는 좀 너무 깐깐해.
disk46	NO27	1860	47	マ－チン「だったら、どこかでスタジオを借りて新曲の音合わせをしようよ。ロンドンでの最後のコンサ－トの時に新曲発表をしたいんだ」	disk46/ﾛﾋﾞｰ.png	main/marL.png	KO	마틴: 그러면 스튜디오라도 빌려서 신곡을 맞춰 보자. 런던에서 마지막 공연할 때 신곡을 처음 공개하고 싶거든.
disk46	NO27	1870	48	アンドリュ－「よし！　それにのった。ラスト・コンサ－トで新曲発表か、今のデビッドが歌えば、レコ－ド界はブッチギリだ」	disk46/ﾛﾋﾞｰ.png	main/andL.png	KO	앤드류: 좋아! 그거 재밌겠는데! 마지막 공연에서 신곡 공개라니, 지금 데이비드 상태라면 음반 시장을 그냥 휩쓸어 버릴 거야!
disk46	NO27	1880	49	デビッド「ホテルの中にいては、イライラしてノイロ－ゼになってしまう。スタジオを借りてバンバンやろう」	disk46/ﾛﾋﾞｰ.png	main/davL.png	KO	데이비드: 호텔에 처박혀 있으면 답답해서 미쳐버릴 거야. 스튜디오 빌려서 실컷 연습이라도 하자!
disk46	NO27	1890	50	スシャ－ナも大賛成で、興行主にスタジオを予約するよう手配した。	disk46/ﾛﾋﾞｰ.png	main/davL.png	KO	수잔나도 흔쾌히 찬성했고 공연 주최 측에 연락해 스튜디오를 예약하도록 준비시켰다.
disk46	NO27	1910	51	深夜のスタジオは、メンバ－にとって最高の場所だ。	disk46/ｽﾀｼｵ.png	main/davL.png	KO	한밤중의 스튜디오는 멤버들에게 최고의 연습 장소였다.
disk46	NO27	1920	52	マ－チンを中心に新曲の練習は進んでいたが・・・	disk46/ｽﾀｼｵ.png	main/davL.png	KO	마틴을 중심으로 신곡 연습은 진행되고 있었지만...
disk46	NO27	1940	53	マ－チンが話す。	disk46/ｽﾀｼｵ.png	main/davL.png	KO	마틴이 말한다.
disk46	NO27	1940	54	アンドリュ－が話す。	disk46/ｽﾀｼｵ.png	main/davL.png	KO	앤드류가 말한다.
disk46	NO27	1970	55	デビッドが話す。	disk46/ｽﾀｼｵ.png	main/davL.png	KO	데이비드가 말한다.
disk46	NO27	1990	56	アランが話す。	disk46/ｽﾀｼｵ.png	main/davL.png	KO	앨런이 말한다.
disk46	NO27	2010	57	アンドリュ－「デビッド、コンサ－トの調子はどうしたんだ。ボ－カルとインストルメントのノリがバラバラだぜ」	disk46/ｽﾀｼｵ.png	main/andL.png	KO	앤드류: 데이비드, 지난 공연 때 그 기세는 어디 갔어? 보컬하고 연주가 완전히 따로 놀잖아.
disk46	NO27	2020	58	マ－チン「デビッド、どうしたんだ。声の張りがなくて集中力がかけたみたいで・・・」	disk46/ｽﾀｼｵ.png	main/marL.png	KO	마틴: 데이비드, 왜 그래? 목소리에 힘이 없고 집중력이 떨어진 것 같은데...
disk46	NO27	2030	59	アラン「デビッドはあのコンサ－トから、ずっと張り切っていたから、そろそろ疲れが回ってきたのと違うかな？」	disk46/ｽﾀｼｵ.png	main/alnL.png	KO	앨런: 그 공연 이후로 계속 너무 기운이 넘쳤잖아. 이제야 피로가 한꺼번에 몰려오는 거 아닐까?
disk46	NO27	2040	60	アラン「デビッド、疲れているのならホテルに戻って休んだ方がいいよ。無理をしたらコンサ－トに影響してしまうよ」	disk46/ｽﾀｼｵ.png	main/alnL.png	KO	앨런: 데이비드, 피곤하면 호텔로 돌아가서 쉬어. 괜히 무리했다가 공연을 망치면 안 되잖아.
disk46	NO27	2050	61	マ－チン「そういえばデビッドの顔色が少し・・・俺達はもう少し続けるから、気にしないでホテルで休んでくれよ」	disk46/ｽﾀｼｵ.png	main/marL.png	KO	마틴: 그러고 보니 안색도 별로 안 좋은데... 우리는 좀 더 맞춰 볼 테니까 신경 쓰지 말고 먼저 가서 쉬어.
disk46	NO27	2060	62	デビッドはスタジオにきて、疲れが出始めたのを感じていたが、みんなが張り切っているので、抜ける口実を見いだせないでいた。	disk46/ｽﾀｼｵ.png	main/marL.png	KO	데이비드는 스튜디오에 와서 피로가 몰려오는 게 느껴졌지만, 모두가 의욕을 내고 있어서 먼저 빠지겠다는 말을 꺼내지 못하고 있었다.
disk46	NO27	2070	63	デビッド「少し、疲れたかな・・・みんなに悪いが先に帰らせてもらおう。俺の事は心配しないで曲を完成させてくれよな」	disk46/ｽﾀｼｵ.png	main/davL.png	KO	데이비드: 아무래도 좀 피곤한 것 같아... 미안하지만 난 먼저 돌아갈게. 내 걱정은 말고 곡을 완성시켜줘.
disk46	NO27	2080	64	デビッドは、スタジオからタクシ－でホテルに向かった。	disk46/ﾀｸｼｰ.png	main/davL.png	KO	데이비드는 스튜디오를 나와 택시를 타고 호텔로 돌아갔다.
disk46	NO27	2090	65	スタジオでの緊張感が消えたデビッドに疲れが一度に襲い、運転手の話しかける声も薄れて聞こえていた。	disk46/ﾀｸｼｰ.png	main/davL.png	KO	스튜디오를 나오자, 긴장이 풀리면서 억눌렸던 피로가 한꺼번에 몰려왔고 기사의 목소리마저 몽롱하게 들려왔다.
disk46	NO27	2100	66	運転手「お客さん、着きましたよ」	disk46/ﾀｸｼｰ.png	main/davL.png	KO	기사: 손님, 도착했습니다.
disk46	NO27	2110	67	デビッドは運転手に言われるまま、開かれたドアから降りると、タクシ－は、そのまま夜の街に消えた。	disk46/Hﾖﾙ.png	main/davL.png	KO	데이비드가 차에서 내리자, 택시는 그대로 밤거리로 사라졌다.
disk46	NO27	2120	68	ホテルの玄関の明かりは、まだついていたが、深夜のためファンの姿はなかったのでデビッドは安心して中に入った。	disk46/Hﾖﾙ.png	main/davL.png	KO	호텔 입구에는 아직 불이 켜져 있었지만, 늦은 시간이라 팬들은 한 명도 보이지 않았기에 데이비드는 안심하고 안으로 들어갔다.
disk46	NO27	2130	69	デビッドは眼をこすった。ホテルの中は暗く、人の気配が無い。	disk46/Hﾖﾙ.png	main/davL.png	KO	데이비드는 눈을 비볐다. 호텔 안은 캄캄했고 사람의 기척도 느껴지지 않았다.
disk46	NO27	3000	70	ＣＤ－ＲＯＭよりＤＡＴＡの読み込みを始めます。ＨＩＴ　ＡＮＹ　ＫＥＹ	disk46/Hﾖﾙ.png	main/davL.png	KO	CD-ROM에서 데이터 읽습니다. 아무 키나 눌러주세요.
disk46	NO27	3010	71	　　　　　　　　ＣＤ－ＲＯＭよりＤＡＴＡを読み込み中	disk46/Hﾖﾙ.png	main/davL.png	KO	데이터를 읽는 중...
disk46	NO27	10000	119	ＤＡＴＡをＳＡＶＥしますか？　Ｙ／Ｎ	disk46/Hﾖﾙ.png	main/davL.png	KO	
disk46	NO27	10040	125	ドライブ１に、ＳＡＶＥ・ディスクを入れて下さい。	disk46/Hﾖﾙ.png	main/davL.png	KO	
disk46	NO27	10070	127	ドライブ１のディスクが違います。	disk46/Hﾖﾙ.png	main/davL.png	KO	드라이브 1의 디스크가 다릅니다.
disk46	NO27	10110	128	ＳＡＶＥしました。ドライブ１のディスクに、ＭＡＩＮディスクを入れて下さい。	disk46/Hﾖﾙ.png	main/davL.png	KO	
disk46	NO27	10150	130	ドライブ１のディスクが違います。	disk46/Hﾖﾙ.png	main/davL.png	KO	드라이브 1의 디스크가 다릅니다.
disk47	NO28	1000	0	「むっ！・・・」ここはホテルと違う。石で造られた建物のようだが、爆撃にあったような崩れ方をしている。	disk47/ｺﾛｯｾ.png		KO	"""뭐지...?""
여기는 호텔이 아니야. 돌로 지어진 건물 같지만 폭격을 당한 것처럼 무너져 있어."
disk47	NO28	1010	1	デビッドは、わけがわからず歩き始めた。	disk47/ｺﾛｯｾ.png		KO	데이비드는 영문도 모른 채 걷기 시작했다.
disk47	NO28	2010	2	破壊されたビルのような入口に着いたが、石とレンガで造られた建物は古代の建物のように見える。	disk47/ﾐﾁ4.png		KO	파괴된 빌딩 입구 같은 곳에 다다랐으나, 돌과 벽돌로 쌓아 올린 구조물은 마치 고대 유적지처럼 보였다.
disk47	NO28	2015	3	・・・ここは、どこなのか？　中に入って調べるしかない。・・・・	disk47/ﾐﾁ4.png		KO	...대체 여긴 어디지? 안으로 들어가 확인해 보는 수밖에 없어...
disk47	NO28	2020	4	中は神殿のように石の柱が並んでいるが、天井も石柱も全てが破壊され夜空が見える。	disk47/ﾐﾁ1.png		KO	안에는 신전처럼 돌기둥이 늘어서 있지만, 천장도 기둥도 모두 파괴되어 밤하늘이 보였다.
disk47	NO28	2025	5	・・・俺は何故こんな場所にいるのだ。ホテルに戻った筈なのに・・・	disk47/ﾐﾁ1.png		KO	...내가 왜 이런 곳에 있는 거지? 분명 호텔로 돌아왔을 텐데...
disk47	NO28	2026	6	・・・破壊された神殿の奥に道が見える。行くしかない。・・・	disk47/ﾐﾁ1.png		KO	...무너진 신전 안쪽으로 길이 보여. 일단 가 보는 수밖에 없나...
disk47	NO28	2030	7	神殿の奥は部屋になっていたようだが、破壊された部屋には、誰もいない。	disk47/ﾐﾁ2.png		KO	신전 안쪽에는 원래 방이 있었던 모양이다. 무너진 방에는 아무도 없다.
disk47	NO28	2035	8	・・・この建物は古代の物だ。俺は疲れていたのでホテルに着いたと錯覚して、どこかの遺跡に入ったのかもしれない。・・・	disk47/ﾐﾁ2.png		KO	...이건 분명 오래된 유적이야. 너무 피곤해서 호텔에 도착한 줄 착각하고 엉뚱한 유적 안으로 들어와 버린 걸까...
disk47	NO28	2036	9	・・・前方に夜空が見える。もう少し先を行けば外に出られそうだ。・・・	disk47/ﾐﾁ2.png		KO	...저 앞쪽에 밤하늘이 보인다. 조금만 더 가면 밖으로 나갈 수 있겠어...
disk47	NO28	2040	10	建物は地震にあったような壊れ方をして道をふさぎ、デビッドは思うように真っすぐには進めなかった。	disk47/ﾐﾁ3.png		KO	건물은 지진을 당한 것처럼 무너져 길을 막고 있어 데이비드는 생각대로 곧장 나아갈 수 없었다.
disk47	NO28	2045	11	・・・あと少しで、きれいな道になる。頑張って行こう。・・・	disk47/ﾐﾁ3.png		KO	...조금만 더 가면 길이 나올 거야. 힘내서 가보자...
disk47	NO28	2050	12	この建物の中庭か、入口が見える。	disk47/ﾐﾁ5.png		KO	이 건물의 안뜰인지, 또 다른 입구가 보였다.
disk47	NO28	2056	13	・・・外に出られると思ったのに、また建物の中に入らなければならない。この遺跡がどこなのか・・・考えてもなにもわかる筈がないようだ・・・	disk47/ﾐﾁ5.png		KO	...밖으로 나갈 수 있을 거라 생각했는데 또 안으로 들어가야 하는 건가. 이 유적이 대체 얼마나 큰 거야... 아무리 생각해 봐도 알 도리가 없겠지...
disk47	NO28	2060	14	入口に入ると、ビルのような石とレンガで出来た建物の所にでた。	disk47/ﾐﾁ4.png		KO	입구를 지나자, 다시 돌과 벽돌로 지어진 빌딩 같은 건물 앞에 나왔다.
disk47	NO28	2065	15	・・・ここは・・一度来た所だ。後ろに戻った筈がないのに・・・	disk47/ﾐﾁ4.png		KO	...여기는... 아까 지나온 곳이잖아. 뒤로 돌아간 적도 없는데...
disk47	NO28	2066	16	・・・中に入ればわかる・・・	disk47/ﾐﾁ4.png		KO	...안으로 들어가면 확실해지겠지...
disk47	NO28	2070	17	石柱が破壊された神殿に入った。	disk47/ﾐﾁ1.png		KO	다시 무너진 돌기둥들이 늘어선 신전이 나타났다.
disk47	NO28	2075	18	・・・やはり神殿だ。ここは悪夢の中か・・・この先を行くと建物の外が見える筈、石壁をよじ登ってでも外に出よう。・・・	disk47/ﾐﾁ1.png		KO	...역시 같은 신전이야. 악몽 속에 들어온 건가... 저 앞까지 가면 밖이 보일 거야. 이번에는 돌벽을 타고 넘어서라도 빠져나가자...
disk47	NO28	2080	19	破壊された部屋の向こうに夜空が見える。	disk47/ﾐﾁ2.png		KO	무너진 방 너머로 밤하늘이 보였다.
disk47	NO28	2085	20	・・・思った通りだ。道を行かずに壁を登って行こう。・・・	disk47/ﾐﾁ2.png		KO	...생각대로야. 길을 따라가지 말고 벽을 넘어가자...
disk47	NO28	2086	21	デビッドか壁を乗り越えようとした時、道の前方から人の声が聞こえる。	disk47/ﾐﾁ2.png		KO	데이비드가 벽을 기어오르려던 순간, 앞쪽 길에서 사람 목소리가 들려왔다.
disk47	NO28	2087	22	デビッドは壁を越えるのをやめて、声のする道を走って行った。	disk47/ﾐﾁ2.png		KO	데이비드는 벽을 넘는 것을 그만두고 목소리가 들려온 방향으로 달려갔다.
disk47	NO28	2090	23	道は破壊された建物の石やレンガが落ちている。前方の建物から男のうめき声が聞こえる。	disk47/ﾐﾁ3.png		KO	길에는 무너진 건물의 돌과 벽돌이 널려 있었다. 앞쪽 건물에서 남자의 신음 소리가 들렸다.
disk47	NO28	2230	24	・・・このうめき声は、誰かが傷ついているのか・・・助けなければ・・・	disk47/ﾐﾁ3.png		KO	...이 신음 소리는 누군가 다친 건가... 도와줘야 해...
disk47	NO28	2240	25	デビッドは反射的に声のした方向に走った。	disk47/ﾐﾁ3.png		KO	데이비드는 반사적으로 소리가 난 방향으로 달려갔다.
disk47	28-1	3010	0	壁の間から、老人が現れた。胸から血を流している。	disk47/ﾄｼﾖﾘ.png		KO	무너진 벽 사이에서 한 노인이 나타났다. 가슴에서는 피가 흐르고 있었다.
disk47	28-1	3030	1	デビッドが話す。	disk47/ﾄｼﾖﾘ.png		KO	데이비드가 말한다.
disk47	28-1	3030	2	老人が話す。	disk47/ﾄｼﾖﾘ.png		KO	노인이 말한다.
disk47	28-1	3200	3	老人「殺さないでくれ・・・」	disk47/ﾄｼﾖﾘ.png		KO	노인: 죽이지 말아 주시오...
disk47	28-1	3210	4	老人は脅えるようにデビッドを見ている。	disk47/ﾄｼﾖﾘ.png		KO	노인은 잔뜩 겁에 질린 눈으로 데이비드를 바라봤다.
disk47	28-1	3220	5	デビッド「傷がひどい！　人を呼んできますから、そこから動かないで下さい」	disk47/ﾄｼﾖﾘ.png		KO	데이비드: 상처가 심해요! 사람을 불러올 테니 거기서 움직이지 마세요.
disk47	28-1	3230	6	老人「貴方は奴等の仲間ではなかったのでは・・・ここにいて下さい。貴方が離れると、奴等は私にとどめを刺しに来ます」	disk47/ﾄｼﾖﾘ.png		KO	노인: 당신은 놈들의 동료가 아닌 모양이군요... 가지 마시오. 당신이 떠나면 놈들이 제 숨통을 끊으러 올 겁니다.
disk47	28-1	3240	7	デビッド「しかし、このままでは・・・どうすればいいのですか」	disk47/ﾄｼﾖﾘ.png		KO	데이비드: 하지만 이대로 방치하면... 저더러 어쩌라는 겁니까?
disk47	28-1	3250	8	老人「私は、ここで死ぬ運命になっているのでしょう。お願いがあります。これを暗黒の魔王様と呼ばれる方に渡してほしいのです」	disk47/ﾄｼﾖﾘ.png		KO	노인: 아무래도 제 운명은 여기까지인 모양입니다. 한 가지 부탁이 있습니다. 이것을 암흑의 마왕이라 불리는 분께 전해 주겠습니까?
disk47	28-1	3260	9	老人は、血に汚れた手で、ハンカチのような布をデビッドに差し出した。	disk47/ﾄｼﾖﾘ.png		KO	노인은 피투성이가 된 손으로 손수건 같은 천을 데이비드에게 내밀었다.
disk47	28-1	3270	10	暗黒の魔王・・・デビッドは、布を受け取ろうとした手を引っ込めた。	disk47/ﾄｼﾖﾘ.png		KO	"암흑의 마왕...
데이비드는 천을 받으려다 손을 멈췄다."
disk47	28-1	3280	11	デビッド「暗黒の魔王！　誰の事ですか、意味がわかりません」	disk47/ﾄｼﾖﾘ.png		KO	데이비드: 암흑의 마왕이라뇨!? 대체 누구를 말하는 겁니까? 무슨 소린지 모르겠습니다.
disk47	28-1	3290	12	老人「奴等は私の主人を殺したのです。その時、主人からこの布を渡され、こう言われたのです」	disk47/ﾄｼﾖﾘ.png		KO	노인: 놈들은 제 주인님을 죽였습니다. 그분이 죽기 전에 이 천을 제게 맡기며 이렇게 말씀하셨습니다.
disk47	28-1	3300	13	主人の言葉「お前は暗黒の魔王様と口にした者に、これを渡せ！　そして、この布に描かれた紋章の人物を殺さなければ、暗黒の魔王の復活は望めないと伝えろ」	disk47/ﾄｼﾖﾘ.png		KO	주인의 유언: 누군가 암흑의 마왕이라는 말을 입에 올리거든 이 천을 건네라! 그리고 이 천에 새겨진 문장의 인물을 죽이지 않는 한 암흑의 마왕은 부활할 수 없다고 전해라!
disk47	28-1	3310	14	老人「主人は、そう言って亡くなられました。その時から私は奴等に狙われ始めたのです。どうか主人から与えられた使命を受け継いで下さい」	disk47/ﾄｼﾖﾘ.png		KO	노인: 주인께서는 그 말씀을 남기고 숨을 거두셨습니다. 그때부터 놈들이 저를 쫓기 시작했습니다. 부디 제가 맡은 사명을 이어 주십시오.
disk47	28-1	3320	15	デビッドは、どうしたものかと考えた時、周りに人の気配を感じた。	disk47/ﾄｼﾖﾘ.png		KO	데이비드가 어찌해야 할지 망설이던 순간, 주위에서 사람의 기척이 느껴졌다.
disk47	28-1	3330	16	老人「奴等だ！　奴等が戻ってきたのだ。私にかまわず、この布を持って早く逃げて下さい」	disk47/ｸﾞﾝｼ.png		KO	노인: 놈들입니다! 놈들이 돌아왔습니다! 전 신경 쓰지 말고 그 천을 가지고 어서 도망치십시오!
disk47	28-1	3340	17	老人はデビッドに布をつかませた。闇の中から１０人位の人影がデビッドと老人を襲った。	disk47/ｸﾞﾝｼ.png		KO	노인은 억지로 데이비드의 손에 천을 쥐여 주었다. 어둠 속에서 열 명쯤 되는 사람들이 튀어나와 두 사람을 덮쳤다.
disk47	28-1	3350	18	老人が悲鳴をあげた時、デビッドの肩にナタのような凶器がふり降ろされた。	disk47/ｵﾉ.png		KO	노인의 비명이 터진 순간, 손도끼처럼 생긴 흉기가 데이비드의 어깨로 내리꽂혔다.
disk47	28-1	3360	19	デビッドは肩に猛烈な痛みを感じた。	disk47/ｵﾉ.png		KO	데이비드의 어깨에 엄청난 통증이 몰려왔다.
disk47	28-1	3370	20	デビッド「ウッ！！」	disk47/ｵﾉ.png		KO	데이비드: 윽!!
disk47	28-1	3380	21	運転手「お客さん、大丈夫ですか・・・身体の具合が悪そうですが、ホテルはもうすぐです。我慢して下さい」	disk47/ﾀｸｼｰ.png		KO	기사: 손님, 괜찮습니까... 몸이 안 좋아 보이는데, 호텔은 거의 다 왔으니 조금만 참으십시오.
disk47	28-1	3390	22	デビッドは、まだタクシ－の中にいる事を知った。いつの間に寝たのか覚えていないが、またあの悪夢を見た事で、悪寒を感じた。	disk47/ﾀｸｼｰ.png		KO	데이비드는 아직 택시 안에 있다는 것을 깨달았다. 언제 잠들었는지는 기억나지 않았지만 또 악몽을 꿨다는 사실에 등골이 서늘했다.
disk47	28-1	3500	23	タクシ－がホテルの前に着いた時、玄関でスシャ－ナが待っていた。	disk47/ﾎﾃﾙ.png		KO	택시가 호텔 입구에 멈춰 서자, 수잔나가 기다리고 있었다.
disk47	28-1	3510	24	デビッドがタクシ－を降りようとした時、タクシ－の運転手がデビッドに言った。	disk47/ﾎﾃﾙ.png		KO	데이비드가 택시에서 내리려고 했을 때, 기사가 그를 불러세웠다.
disk47	28-1	3520	25	運転手「お客さん、忘れ物ですよ」	disk47/ﾎﾃﾙ.png		KO	기사: 손님, 이거 두고 가셨습니다.
disk47	28-1	3530	26	デビッドが座っていたシ－トに、布が落ちている。運転手はそれを取ってデビッドに渡し、走り去った。	disk47/ﾊﾝｶ.png		KO	데이비드가 앉아 있던 자리에 천이 떨어져 있다. 운전기사는 그것을 주워 데이비드에게 건네준 뒤 그대로 떠났다.
disk47	28-1	3540	27	デビッドは、渡されたハンカチを見て、冷たいものが背筋を走るのを覚えた。	disk47/ﾊﾝｶ.png		KO	손수건을 확인한 순간, 등골이 오싹해지는 오한을 느꼈다.
disk47	28-1	3550	28	夢の中で老人から渡された紋章の入った布が、いまデビッドの手の中にある。	disk47/ﾊﾝｶ.png		KO	꿈속에서 노인에게 건네받았던 것과 똑같은 문장이 새겨진 천이 지금 데이비드의 손에 들려 있었다.
disk47	28-1	3560	29	前の客が落とした物に違いないと思い込もうとした。なんとなく、デビッドはスシャ－ナに気づかれないように、ポケットにねじこんだ。	disk47/ﾊﾝｶ.png		KO	이전 승객이 두고 간 물건이라고 억지로 자신을 납득시키며, 왠지 모르게 수잔나에게 들키지 않도록 주머니에 쑤셔 넣었다.
disk47	28-1	3580	30	デビッドが話す。	disk47/ﾊﾝｶ.png		KO	데이비드가 말한다.
disk47	28-1	3580	31	スシャ－ナが話す。	disk47/ﾊﾝｶ.png		KO	수잔나가 말한다.
disk47	28-1	3630	32	スシャ－ナ「マ－チンから電話があったの、デビッド、大丈夫？・・・顔色が良くないわ」	disk47/ﾎﾃﾙ.png	main/linR.png	KO	수잔나: 마틴이 전화했어요. 데이비드, 괜찮아? 안색이 너무 안 좋은데...
disk47	28-1	3640	33	デビッド「うん。　ずっと調子が良かったのに、急に疲れでてきて、まいったよ」	disk47/ﾎﾃﾙ.png	main/davL.png	KO	데이비드: 그게... 계속 컨디션이 좋았는데 갑자기 피로가 몰려와서 정말 죽겠어.
disk47	28-1	3650	34	言葉はしっかりしているが、足もとは、ふらついている。	disk47/ﾎﾃﾙ.png	main/davL.png	KO	대화를 멀쩡하게 이어갔지만, 발걸음은 휘청거렸다.
disk47	28-1	3660	35	スシャ－ナ「私の肩につかまって、少しは楽になれるわ」	disk47/ﾎﾃﾙ.png	main/linR.png	KO	수잔나: 내 어깨에 기대면 조금 편할 거예요.
disk47	28-1	3670	36	デビッドはスシャ－ナの肩に腕を乗せてホテルに入った。	disk47/ﾎﾃﾙ.png	main/linR.png	KO	데이비드는 수잔나의 어깨에 팔을 두른 채 호텔에 들어갔다.
disk47	28-1	3680	37	デビッドはエレベ－タ－から、ベッドまで、ずっとスシャ－ナの暖かい温もりの中に身をまかせていた。	disk47/ﾍﾞｯﾄ.png	main/linR.png	KO	데이비드는 엘리베이터부터 침대까지 계속 수잔나의 따뜻한 온기에 몸을 맡겼다.
disk47	28-1	3690	38	ベッドがスシャ－ナの温もりを消したとき、デビッドは紋章の入った布を思いだした。悪夢を見る恐怖に、とても寝る気持ちにはなれなかった。	disk47/ﾍﾞｯﾄ.png	main/linR.png	KO	침대에 눕자, 수잔나의 온기가 몸에서 사라진 데이비드는 다시 그 문장이 새겨진 천을 떠올렸다. 또다시 악몽이 꿀지도 모른다는 공포에 도저히 잠을 청할 수가 없었다.
disk47	28-1	3710	39	デビッドが話す。	disk47/ﾍﾞｯﾄ.png	main/linR.png	KO	데이비드가 말한다.
disk47	28-1	3710	40	スシャ－ナが話す。	disk47/ﾍﾞｯﾄ.png	main/linR.png	KO	수잔나가 말한다.
disk47	28-1	3820	41	スシャ－ナ「デビッドが寝てしまうまで、ここにいるわ。安心してお休みなさい」	disk47/ﾌﾀﾘB.png	main/linR.png	KO	수잔나: 데이비드가 잠들 때까지 곁에 있을 테니 안심하고 자요.
disk47	28-1	3830	42	デビッド「スシャ－ナ、今夜は悪夢を見そうで、寝るのがこわいんだ。あの薬を持ってきてくれないか」	disk47/ﾌﾀﾘB.png	main/linR.png	KO	데이비드: 수잔나, 오늘은 또 악몽을 꿀 것 같아서 잠드는 게 무서워. 그 약 좀 있을까?
disk47	28-1	3840	43	スシャ－ナ「あの薬は貴方にとって貴重なものだから、いつも持ち歩いてるわ。はい薬よ」	disk47/ﾌﾀﾘB.png	main/linR.png	KO	수잔나: 약은 당신한테 꼭 필요한 것 같아서 항상 가지고 다녔어요. 자, 여기 있어요.
disk47	28-1	3850	44	テビットはスシャ－ナから貰った薬を飲んだ。	disk47/ﾌﾀﾘB.png	main/linR.png	KO	데이비드는 수잔나가 건넨 약을 삼켰다.
disk47	28-1	3860	45	デビッド「ありがとう。今度のコンサ－ト・ツア－にスシャ－ナがいなかったら、きっと失敗に終わっていたよ。今夜もまた世話になって・・・」	disk47/ﾌﾀﾘB.png	main/linR.png	KO	데이비드: 고마워. 이번 투어에 당신이 없었으면 분명 엉망으로 끝났을 거야. 오늘도 이렇게 신세만 지네...
disk47	28-1	3870	46	スシャ－ナ「私、デビッドのためなら、どんな事でもするわ。もし悪夢に危険が迫ったら私を呼んで。私が騎士になって、デビッドの敵を倒してしまうから」	disk47/ﾌﾀﾘB.png	main/linR.png	KO	수잔나: 전 당신을 위해서라면 뭐든 할 수 있어요. 악몽 속에서 위험해지면 저를 불러줘요. 제가 기사가 돼서 당신의 적을 전부 쓰러뜨려 줄게요.
disk47	28-1	3880	47	デビッド「うん、そうしょう。でも男がナイトになって女性を助けるのが普通なのに、俺達は逆さまだな」	disk47/ﾌﾀﾘB.png	main/linR.png	KO	데이비드: 응, 그럴게. 보통은 남자가 기사가 돼서 여자를 지키는데 우리 둘은 완전 반대구나.
disk47	28-1	3890	48	スシャ－ナ「さあ寝なさい。そろそろ薬が効いてくる頃よ。あっ、そうだわ。表のドアに［睡眠中　起こすな］の札をさげなくては、みんなが戻ってきたら見舞いに入ってくるわ」	disk47/ﾌﾀﾘB.png	main/linR.png	KO	수잔나: 이제 슬슬 약효가 돌 거예요. 아, 맞다. 문에 `취침 중 깨우지 마시오' 팻말도 걸어놓지 않으면 멤버들이 걱정돼서 들어올 거예요.
disk47	28-1	3900	49	デビッド「ありがとう、スシャ－ナ　薬がそろそろ効いてきたようだ・・・おやすみ・・・」	disk47/ﾌﾀﾘB.png	main/linR.png	KO	데이비드: 고마워, 수잔나. 이제 약효가 올라오는 것 같아... 잘 자...
disk47	28-1	3902	50	デビッドの身体は熱くほてってくる。薬が効きはじめたようだ。	disk47/ﾍﾞｯﾄ.png	main/linR.png	KO	데이비드의 온몸이 점점 뜨겁게 달아올랐다. 약효가 나타나기 시작한 모양이었다.
disk47	28-1	3905	51	スシャ－ナは、部屋の明かりを消し、デビッドが眠った事を確かめ部屋から出ようとした。	disk47/ﾍﾞｯﾄ.png	main/linR.png	KO	수잔나는 방의 불을 끄고 데이비드가 잠든 것을 확인한 뒤 방에서 나가려 했다.
disk47	28-1	3910	52	デビッド「ウワァ・・・」	disk47/ﾍﾞｯﾄ.png	main/linR.png	KO	데이비드: 으아아...
disk47	28-1	3920	53	スシャ－ナ「デビッド！　どうしたの！！」	disk47/ｵｻｴﾙ.png	main/linR.png	KO	수잔나: 데이비드! 왜 그래요!!
disk47	28-1	3930	54	ベッドの上でデビッドは、もがいている。	disk47/ｵｻｴﾙ.png	main/linR.png	KO	침대 위에서 데이비드는 몸부림치고 있었다.
disk47	28-1	3940	55	スシャ－ナは、暴れるデビッドの上にのり、全身を使って必死に押さえようとしている。	disk47/ｵｻｴﾙ.png	main/linR.png	KO	수잔나는 몸부림치는 데이비드 위에 올라타 필사적으로 온몸으로 움직임을 억눌렀다.
disk47	28-1	3950	56	急にデビッドから力が抜けた。スシャ－ナはデビッドの額の汗を手でぬぐう。	disk47/ｵｻｴﾙ.png	main/linR.png	KO	갑자기 데이비드의 몸에서 힘이 빠졌다. 수잔나는 손으로 데이비드의 이마에 맺힌 땀을 닦아 주었다.
disk47	28-1	3960	57	スシャ－ナ「もう、いいの」	disk47/ﾘﾝ.png	main/linR.png	KO	수잔나: 이제 괜찮나요?
disk47	28-1	3970	58	デビッド「大丈夫だ。この前とおなじ、初期に起こる薬の副作用だ」	disk47/ﾘﾝ.png	main/linR.png	KO	데이비드: 괜찮아. 지난번과 똑같아. 초기에 일어나는 약의 부작용이야.
disk47	28-1	3980	59	デビッドは、はっ、とした。スシャ－ナの顔が、そして柔らかな身体が、デビッドの体を覆っている事に気付いた。	disk47/ﾘﾝ.png	main/linR.png	KO	그 순간, 데이비드는 숨이 멎었다. 수잔나의 얼굴이, 그리고 부드러운 몸이 자신의 몸을 덮고 있다는 것을 깨달았다.
disk47	28-1	3990	60	デビッド「スシャ－ナ！　どこにも行かないで、ずっと、そばにいてくれ、俺は君なしでは・・・」	disk47/ﾘﾝ.png	main/linR.png	KO	데이비드: 수잔나! 어디에도 가지 말고 계속 내 곁에 있어 줘. 난 네가 없으면 안 돼...
disk47	28-1	4000	61	デビッドはスシャ－ナを強く抱きしめ、口ずけをかわした。	disk47/ﾘﾝ.png	main/linR.png	KO	데이비드는 수잔나를 강하게 끌어안고 입맞춤을 나누었다.
disk47	28-1	9910	102	デビッド「ウワァッ！！・・・・、ハァ、ハァ・・」	main/MEU4.png	main/linR.png	KO	데이비드: 으아악!! ...하아, 하아...
disk47	28-1	10000	109	ＤＡＴＡをＳＡＶＥしますか？　Ｙ／Ｎ	main/MEU4.png	main/linR.png	KO	
disk47	28-1	10040	115	ドライブ１に、ＳＡＶＥ・ディスクを入れて下さい。	main/MEU4.png	main/linR.png	KO	
disk47	28-1	10070	117	ドライブ１のディスクが違います。	main/MEU4.png	main/linR.png	KO	드라이브 1의 디스크가 다릅니다.
disk47	28-1	10110	118	ＳＡＶＥしました。ドライブ１のディスクに、ＭＡＩＮディスクを入れて下さい。	main/MEU4.png	main/linR.png	KO	
disk47	28-1	10150	120	ドライブ１のディスクが違います。	main/MEU4.png	main/linR.png	KO	드라이브 1의 디스크가 다릅니다.
disk47	NO29	1000	0	デビッドの目覚めは、今までにない最高のものだった。スシャ－ナはいないがベッドには、まだ香りが漂っている。	disk47/ﾍﾞｯﾄ.png	main/linR.png	KO	데이비드는 지금까지 느껴 본 적 없는 상쾌함을 느끼며 눈을 떴다. 수잔나는 이미 없었지만 침대에는 아직 그녀의 향기가 감돌았다.
disk47	NO29	1010	1	シャワ－を浴び鏡を見たデビッドは、嫌な感じを覚えた。	disk47/Dｷｽﾞ.png	main/linR.png	KO	샤워를 마치고 거울을 본 데이비드는 불길한 기운을 느꼈다.
disk47	NO29	1020	2	肩に又一つアザがついている。悪夢の出来事が現実のように思えてくる。	disk47/Dｷｽﾞ.png	main/linR.png	KO	어깨에는 또다시 멍 하나가 생겨 있었다. 악몽이 마치 현실처럼 생생하게 다가왔다.
disk47	NO29	1040	3	デビッドは悪夢を振り払うように、頭を振って浴室を出た。遅いモ－ニング・コ－ルが鳴っている。	disk47/Dｷｽﾞ.png	main/linR.png	KO	데이비드는 악몽을 떨쳐 버리듯 고개를 흔들고 욕실을 나왔다. 때늦은 모닝콜이 울리고 있다.
disk47	NO29	1050	4	デビッド「やあ、おはようスシャ－ナ・・・昨夜は、よく眠れたし嘘のように体調もいいよ」	disk47/Dｷｽﾞ.png	main/davL.png	KO	데이비드: 좋은 아침이야, 수잔나... 어젯밤에는 잘 잤고 거짓말처럼 몸도 아주 좋아졌어.
disk47	NO29	1055	5	スシャ－ナ「それは、良かったわ・・・今日は、イタリア公演の初日よ。デビッド、頑張って」	disk47/Dｷｽﾞ.png	main/linR.png	KO	수잔나: 다행이네요... 오늘은 이탈리아 공연 첫날이에요. 데이비드, 힘내요.
disk47	NO29	1056	6	デビッド「ありがとう・・・スシャ－ナ」	disk47/Dｷｽﾞ.png	main/davL.png	KO	데이비드: 고마워... 수잔나.
disk47	NO29	1060	7	デビッドは、スシャ－ナの声を聞いて悪夢の事など忘れてしまった。	disk47/Dｷｽﾞ.png	main/davL.png	KO	수잔나의 목소리를 듣자, 어느새 악몽에 대한 불안도 사라졌다.
disk47	NO29	1100	8	陽が沈み、ロ－マでのコンサ－トが始まった。	disk47/LIV1.png	main/davL.png	KO	날이 저무고, 로마에서의 콘서트가 시작되었다.
disk47	NO29	1120	9	アンドリュ－「デビッド！　今夜もバッチリ決めてくれよ！」	disk47/LIV1.png	main/davL.png	KO	앤드류: 데이비드! 오늘 밤도 제대로 한 번 터뜨려줘!
disk47	NO29	1130	10	アラン「さあ、行こうぜ！　デビッド、俺達も酔わせてくれよ！」	disk47/LIV1.png	main/davL.png	KO	앨런: 자, 가자! 데이비드, 우리도 미치게 만들어줘!
disk47	NO29	1140	11	割れるわうな歓声に迎えられ、スポットライトがステ－ジのデビッドを捕らえる。曲のイントロが流れた時、観客の歓声と拍手が会場をゆるがした。	disk47/LIV1.png	main/davL.png	KO	터질 듯한 환호 속에서 스포트라이트가 무대 위의 데이비드를 비췄다. 전주가 시작되는 순간, 함성과 박수가 공연장을 뒤흔들었다.
disk47	NO29	1150	12	曲が進むにつれて、観客の狂乱はエキサイトし、会場の整理は不可能に近かった。	disk47/ﾊﾟﾆ1.png	main/davL.png	KO	곡이 진행될수록 관객들의 광란은 더욱 격해졌고, 현장을 통제하는 것조차 거의 불가능했다.
disk47	NO29	1160	13	デビッドの絶叫にも聞こえる歌に、観客の中には、自分で自分の顔を傷つけ血だらけになって踊っている者もいる。それも一人だけでなく、次々に広がっていった。	disk47/ﾊﾟﾆ1.png	main/davL.png	KO	절규처럼 울려 퍼지는 데이비드의 노래에 관객 중에는 스스로 자기 얼굴에 상처를 내 피투성이가 된 채 춤추는 자도 있었다. 그 광기는 한 명에서 그치지 않고 점점 주위로 번져 갔다.
disk47	NO29	1170	14	救急車のサイレンの音までが曲をもり上げ、会場から出るタンカの列は途切れる事なく続いた。	disk47/ﾊﾟﾆ1.png	main/davL.png	KO	구급차의 사이렌 소리까지 공연을 고조시켰고, 공연장 밖으로 실려 나가는 들것의 행렬은 끊이지 않았다.
disk47	NO29	1180	15	警官がスシャ－ナと話している。	disk47/ﾊﾟﾆ1.png	main/davL.png	KO	경찰관이 수잔나와 대화하고 있었다.
disk47	NO29	1200	16	スシャ－ナが話す。	disk47/ﾊﾟﾆ1.png	main/davL.png	KO	수잔나가 말한다.
disk47	NO29	1200	17	警官が話す。	disk47/ﾊﾟﾆ1.png	main/davL.png	KO	경찰관이 말한다.
disk47	NO29	1300	18	警官「コンサ－トを中止して頂けませんか。このままでは死傷者が出そうで・・・」	disk47/ﾊﾟﾆ1.png	disk43/ｹｲｶﾝ.png	KO	경찰관: 공연을 중단해 주실 수 없습니까? 이대로 가다가는 정말 사상자가 나올 것 같습니다만...
disk47	NO29	1310	19	スシャ－ナ「いきなりコンサ－トを中止したら、観客が暴走して、かえって危険ですわ」	disk47/ﾊﾟﾆ1.png	main/linR.png	KO	수잔나: 갑자기 콘서트를 중단하면 관객들이 폭주해서 오히려 위험해져요.
disk47	NO29	1320	20	警官「署に応援を頼んでいますが、それまでに死傷者が出なければいいんですが・・・音楽の音を下げればどうですか？」	disk47/ﾊﾟﾆ1.png	disk43/ｹｲｶﾝ.png	KO	경찰관: 서에 지원을 요청해 놓았습니다만, 그때까지 사고가 없어야 할 텐데... 음악 소리라도 낮추면 어떻겠습니까?
disk47	NO29	1330	21	スシャ－ナ「もう観客は音楽など聞いていません。最高の歌によって、興奮して動いているだけです」	disk47/ﾊﾟﾆ1.png	main/linR.png	KO	수잔나: 이미 관객들은 음악을 듣고 있지 않아요. 데이비드의 노래에 완전히 취해서 몸을 맡기고 있을 뿐이에요.
disk47	NO29	1340	22	警官「どうにかして下さい。私までが拳銃をぶっぱなしたくなってきますよ」	disk47/ﾊﾟﾆ1.png	disk43/ｹｲｶﾝ.png	KO	경찰관: 어떻게든 해 주십시오. 이러다가 저까지 총을 마구 쏴버리고 싶어질 지경입니다.
disk47	NO29	1350	23	スシャ－ナ「私に任せて下さい」	disk47/ﾊﾟﾆ1.png	main/linR.png	KO	수잔나: 제게 맡겨 주세요.
disk47	NO29	1360	24	スシャ－ナも、観客が暴走寸前にある事を知って心配していた。ステ－ジのすそで、完璧にノっているデビッドを見ながら思案に暮れていた。	disk47/ﾊﾟﾆ1.png	main/linR.png	KO	수잔나도 관객이 폭발 직전이라는 것을 잘 알고 있었다. 무대 가장자리에서 완전히 흥에 취한 데이비드를 바라보며 어떻게 해야 할지 고민했다.
disk47	NO29	1370	25	曲が間奏になり、ステ－ジの中央にいたデビッドが、スシャ－ナに近づいてきた。	disk47/Dｿﾃﾞ.png	main/linR.png	KO	곡이 간주로 접어들자, 무대 중앙에 있던 데이비드는 수잔나에게 다가갔다.
disk47	NO29	1380	26	デビッド「最高だぜ！　スシャ－ナ！」	disk47/Dｿﾃﾞ.png	main/linR.png	KO	데이비드: 오늘 최고의 컨디션이야! 수잔나!
disk47	NO29	1390	27	スシャ－ナ「ノってるわ、デビッド！　最高！」	disk47/Dｿﾃﾞ.png	main/linR.png	KO	수잔나: 완전 물올랐어요, 데이비드! 최고예요!
disk47	NO29	1400	28	スシャ－ナ「この次の曲は、私のために歌って。あまい曲で、やさしく・・・」	disk47/Dｿﾃﾞ.png	main/linR.png	KO	수잔나: 다음 노래는 절 위해 불러줘요. 달콤하고 부드러운 노래를...
disk47	NO29	1410	29	デビッド「ＯＫ！　みんなに伝えるよ。この曲が終わったら照明を下げてくれ」	disk47/Dｿﾃﾞ.png	main/linR.png	KO	데이비드: OK! 모두에게 말할게. 이 곡이 끝나면 조명 좀 낮춰줘.
disk47	NO29	1420	30	デビッドはステ－ジに戻った。	disk47/Dｿﾃﾞ.png	main/linR.png	KO	데이비드는 무대로 돌아갔다.
disk47	NO29	1430	31	曲が終わり、照明が落ちていく。暗くなるにつれて観客の狂乱は高まった。	disk47/LIV2.png	main/linR.png	KO	곡이 끝나자, 조명이 서서히 어두워졌다. 어둠이 짙어질수록 관객들의 광란은 더욱 거세졌다.
disk47	NO29	1440	32	静かにイントロが流れる。観客は聞いていないのか、静かにならない。	disk47/LIV2.png	main/linR.png	KO	잔잔한 인트로가 흘렀지만, 관객들은 들리지 않는 듯 광란은 가라앉지 않았다.
disk47	NO29	1450	33	デビッドの歌が会場に流れた時、観客の動きが止まり、静まりかえる。みんな歌を聞ききはじめた。	disk47/LIV2.png	main/linR.png	KO	데이비드의 노래가 공연장에 퍼지는 순간, 모든 관객이 동작을 멈추고 쥐 죽은 듯 조용해졌다. 그의 노래에 귀를 기울이기 시작한 것이다.
disk47	NO29	1460	34	今夜も会場にクラ－クとヴィンスがいた。	disk47/LIV2.png	main/linR.png	KO	이날 밤에도 클라크와 빈스는 공연장 안에 있었다.
disk47	NO29	1466	35	クラ－クが話す。	disk47/LIV2.png	main/linR.png	KO	클라크가 말한다.
disk47	NO29	1466	36	ヴィンスが話す。	disk47/LIV2.png	main/linR.png	KO	빈스가 말한다.
disk47	NO29	1500	37	ヴィンス「なぜ曲を変えるんだ？  せっかくノりまくっていたのに」	disk47/LIV2.png	main/linR.png	KO	빈스: 왜 곡을 바꾸는 거죠? 한창 신나게 달아올랐는데...
disk47	NO29	1510	38	クラ－ク「奴等も馬鹿じゃない。いつもの調子で、あのまま続けていたら観客の中から死傷者が出ていた筈だ」	disk47/LIV2.png	main/ｸﾗｰｸ.png	KO	클라크: 저들도 생각이 없지 않군. 계속 밀어붙였으면 관객 중에서 사상자가 나올 수도 있다는 것을 느낀 거겠지.
disk47	NO29	1520	39	ヴィンス「一人ぐらい死んでも・・・なんだかさめてきましたよ」	disk47/LIV2.png	main/ｳｲﾝｽ.png	KO	빈스: 한 명쯤은 죽어도... 왠지 흥이 팍 식네요.
disk47	NO29	1530	40	クラ－ク「うん。この曲はいい。ハ－トが熱くなってシビレる気分だ。デビッドが、こんなに歌がうまいとは・・・」	disk47/LIV2.png	main/ｸﾗｰｸ.png	KO	클라크: 그래, 이게 노래지. 가슴이 뜨거워지면서 온몸이 저릿한 기분일세. 데이비드가 이렇게 노래를 잘했다니...
disk47	NO29	1540	41	会場は、いつの間にか静かになり、デビッドの歌によって男と女が口づけをかわしている。	disk47/LIV2.png	main/ｸﾗｰｸ.png	KO	공연장은 어느새 조용해지고, 데이비드의 노래에 취한 한 남녀가 입맞춤을 나누고 있었다.
disk47	NO29	1550	42	曲が終わり、照明がさらに暗くなった。	disk47/LIV2.png	main/ｸﾗｰｸ.png	KO	노래가 끝나고 조명이 한층 더 어두워졌다.
disk47	NO29	1560	43	観客が叫ぶ「アンコ－ル！・・・アンコ－ル！・・・」	disk47/LIV2.png	main/ｸﾗｰｸ.png	KO	관객: 앙코르! ...앙코르...!
disk47	NO29	1570	44	ステ－ジの照明が一斉に輝き、ビ－トの効いたシンセの音が会場を走る。観客の歓声があがった。静から動の演出は観客を完全に飲み込んだ。	disk47/LIV2.png	main/ｸﾗｰｸ.png	KO	순간 무대 조명이 일제히 터져 나오고 강렬한 비트의 신시사이저가 공연장을 휩쓸었다. 정적에서 격렬한 움직임으로 전환되는 연출에 완전히 사로잡힌 관객들은 환호성을 질렀다.
disk47	NO29	1580	45	観客の狂乱が始まったが、死者が出るほどの異常な雰囲気には二度と起こらなかった。	disk47/LIV2.png	main/ｸﾗｰｸ.png	KO	관객들은 다시 열광하기 시작했지만, 처음처럼 사상자가 나올 정도의 광기로는 치닫지는 않았다.
disk47	NO29	1590	46	ロ－マでのコンサ－トは、どうにか無事に終る事ができた。	disk47/LIV2.png	main/ｸﾗｰｸ.png	KO	로마에서의 공연은 가까스로 무사히 끝낼 수 있었다.
disk47	NO29	3000	47	ＣＤ－ＲＯＭよりＤＡＴＡの読み込みを始めます。ＨＩＴ　ＡＮＹ　ＫＥＹ	disk47/LIV2.png	main/ｸﾗｰｸ.png	KO	CD-ROM에서 데이터 읽습니다. 아무 키나 눌러주세요.
disk47	NO29	3010	48	　　　　　　　　ＣＤ－ＲＯＭよりＤＡＴＡを読み込み中	disk47/LIV2.png	main/ｸﾗｰｸ.png	KO	데이터를 읽는 중...
disk47	NO29	510	50	その頃、ホテルの近くで、クラ－クとヴィンスが張り込みをしていた。	disk47/Hｸﾙﾏ.png	main/ｸﾗｰｸ.png	KO	그 무렵, 클라크와 빈스는 호텔 근처에서 잠복 중이었다.
disk47	NO29	530	51	クラ－クが話す。	disk47/Hｸﾙﾏ.png	main/ｸﾗｰｸ.png	KO	클라크가 말한다.
disk47	NO29	530	52	ヴィンスが話す。	disk47/Hｸﾙﾏ.png	main/ｸﾗｰｸ.png	KO	빈스가 말한다.
disk47	NO29	600	53	ヴィンス「所長、今夜はもう帰りましょうよ」	disk47/Hｸﾙﾏ.png	main/ｳｲﾝｽ.png	KO	빈스: 소장님, 오늘은 그만 돌아가죠.
disk47	NO29	610	54	クラ－ク「そうするか、デビッドが調子が悪い時に、スシャーナがホテルから抜け出す事もあるまい」	disk47/Hｸﾙﾏ.png	main/ｸﾗｰｸ.png	KO	클라크: 그럴까. 데이비드 상태가 저렇게 좋지 않는데, 수잔나가 호텔을 빠져나올 일도 없겠지.
disk47	NO29	620	55	ヴィンス「デビッドは大丈夫でしょうか？　明日のコンサ－トが心配だ」	disk47/Hｸﾙﾏ.png	main/ｳｲﾝｽ.png	KO	빈스: 데이비드는 괜찮을까요? 내일 공연이 걱정되네요.
disk47	NO29	630	56	クラ－ク「スタジオを借りて練習していた筈なのに、一人で戻ってくるなんて、だいぶ疲れていたようだ」	disk47/Hｸﾙﾏ.png	main/ｸﾗｰｸ.png	KO	클라크: 스튜디오를 빌려 연습하고 있는데 혼자 돌아온 것 보면, 상당히 피곤했던 모양이네.
disk47	NO29	640	57	ヴィンス「バンドの連中も俺達と同じで、タフでないと出来ない商売ですね」	disk47/Hｸﾙﾏ.png	main/ｳｲﾝｽ.png	KO	빈스: 밴드도 우리와 마찬가지로 터프하지 않으면 버티지 못하는 직업인가 봅니다.
disk47	NO29	650	58	二人が乗った車は、ホテルから離れて行った。	disk47/ﾎﾃﾙ.png	main/ｳｲﾝｽ.png	KO	두 사람이 탄 차는 호텔에서 멀어져 갔다.
disk47	NO29	10000	95	ＤＡＴＡをＳＡＶＥしますか？　Ｙ／Ｎ	disk47/ﾎﾃﾙ.png	main/ｳｲﾝｽ.png	KO	
disk47	NO29	10040	101	ドライブ１に、ＳＡＶＥ・ディスクを入れて下さい。	disk47/ﾎﾃﾙ.png	main/ｳｲﾝｽ.png	KO	
disk47	NO29	10070	103	ドライブ１のディスクが違います。	disk47/ﾎﾃﾙ.png	main/ｳｲﾝｽ.png	KO	드라이브 1의 디스크가 다릅니다.
disk47	NO29	10110	104	ＳＡＶＥしました。ドライブ１のディスクに、ＭＡＩＮディスクを入れて下さい。	disk47/ﾎﾃﾙ.png	main/ｳｲﾝｽ.png	KO	
disk47	NO29	10150	106	ドライブ１のディスクが違います。	disk47/ﾎﾃﾙ.png	main/ｳｲﾝｽ.png	KO	드라이브 1의 디스크가 다릅니다.
disk48	NO30	1000	0	ホテルに戻ったメンバ－は、ビ－ルで祝杯を上げた。アルコ－ルが回り始めた頃、デビッドは、わずかだが疲れを感じ、体調を維持するため、メンバ－と別れて自分の部屋に戻った。	disk48/Hﾖﾙ.png		KO	호텔로 돌아온 멤버들은 맥주로 축배를 들었다. 술기운이 오를 무렵 데이비드는 약간의 피로를 느꼈고, 컨디션을 유지하기 위해 멤버들과 헤어져 자기 방으로 돌아갔다.
disk48	NO30	1005	1	デビッド「今日は、なんだか悪夢を見ないような気がする・・・こんな気持ちになれるのもスシャ－ナの、あの薬のおかげだ。」	disk48/ﾍﾞｯﾄ.png	main/davL.png	KO	데이비드: 오늘은 왠지 악몽을 안 꿀 것 같아... 이렇게 마음이 편해진 것도 수잔나가 준 약 덕분이겠지.
disk48	NO30	1006	2	デビッドは、スシャ－ナに感謝するとベッドに入った。	disk48/ﾍﾞｯﾄ.png	main/davL.png	KO	데이비드는 내심 수잔나에게 고마움을 느끼며 침대에 누웠다.
disk48	NO30	1010	3	目を閉じると、観客の声援がよみがえる感じて、次のコンサ－トが待ちきれない気分になっていた。	main/ﾒﾄｼﾙ.png	main/davL.png	KO	눈을 감자, 관객들의 뜨거운 함성이 다시 귓가에 울리는 듯했다. 벌써부터 다음 공연이 기다려질 정도였다.
disk48	NO30	1015	4	やがて、デビッドが眠りに入ろうとした、その時・・・	main/ﾒﾄｼﾙ.png	main/davL.png	KO	이윽고, 데이비드가 막 잠들려던 그 순간...
disk48	NO30	1020	5	デビッドは、人の気配を感じて、眼が覚めた。	main/ﾒｱｸ.png	main/davL.png	KO	누군가의 기척을 느낀 데이비드는 눈을 떴다.
disk48	NO30	1025	6	デビッド「だっ誰だ！？　そこに居るのは・・・？」	main/ﾒｱｸ.png	main/davL.png	KO	데이비드: 누, 누구야!? 거기 누가 있어...?
disk48	NO30	1040	7	デビッドが話す。	main/ﾒｱｸ.png	main/davL.png	KO	데이비드가 말한다.
disk48	NO30	1040	8	老人が話す。	main/ﾒｱｸ.png	main/davL.png	KO	노인이 말한다.
disk48	NO30	1190	9	「起きて下さい」	disk48/ﾛｳｼﾝ.png	main/davL.png	KO	"""깨어나 주십시오."""
disk48	NO30	1192	10	デビッドのすぐそばに一人の老人がしゃべってる	disk48/ﾛｳｼﾝ.png	main/davL.png	KO	데이비드의 바로 옆에서 한 노인이 말하고 있었다.
disk48	NO30	1196	11	デビッド「貴方は・・・」	disk48/ﾛｳｼﾝ.png	main/davL.png	KO	데이비드: 당신은 대체...
disk48	NO30	1197	12	デビッドは、恐怖と驚きに布団をはねぬぎ身体を起こした。	disk48/ﾛｳｼﾝ.png	main/davL.png	KO	소스라치게 놀란 데이비드는 이불을 걷어차고 벌떡 몸을 일으켰다.
disk48	NO30	1200	13	老人「貴方にお渡しした紋章の布の秘密をはやく解いて下さい。私は死の間際に貴方にお願いした筈です」	disk48/ﾛｳｼﾝ.png	main/davL.png	KO	노인: 제가 건넨 천에 새겨진 문장의 비밀을 어서 밝혀 주십시오. 제가 죽기 전에 부탁하지 않았습니까.
disk48	NO30	1210	14	デビッド「貴方は夢の中の人・・・」	disk48/ﾛｳｼﾝ.png	main/davL.png	KO	데이비드: 당신은 꿈속의 그...
disk48	NO30	1220	15	老人「夢ですって馬鹿な！　私は貴方の目の前で奴等に殺されたのですよ。死者になった私は魂だけこの世に残され、願いが叶うまで貴方のそばで、さまよわなければならないのです」	disk48/ﾛｳｼﾝ.png	main/davL.png	KO	노인: 꿈이라니, 무슨 말씀입니까! 저는 당신이 보는 앞에서 놈들에게 살해당했습니다. 죽은 뒤에도 제 영혼만 이 세상에 남아, 소원이 이루어질 때까지 당신 곁을 떠돌 수밖에 없습니다.
disk48	NO30	1230	16	デビッド「貴方は幽霊・・・」	disk48/ﾛｳｼﾝ.png	main/davL.png	KO	데이비드: 그렇다면 당신은 유령...
disk48	NO30	1240	17	老人「このままでは、奴等は貴方を狙いはじめるでしょう。紋章の謎を解く事で魔王様にも会える筈です。さすれば貴方の命も助かり、私もあの世にいけるのです」	disk48/ﾛｳｼﾝ.png	main/davL.png	KO	노인: 이대로라면 놈들은 곧 당신까지 노릴 겁니다. 그 문장의 비밀을 풀면 마왕님을 만날 수 있을 겁니다. 그러면 당신도 살 수 있고, 저 역시 편히 쉴 수 있습니다.
disk48	NO30	1250	18	デビッド「紋章の謎をどうやって解けばいいのですか」	disk48/ﾛｳｼﾝ.png	main/davL.png	KO	데이비드: 그 문장의 비밀을 대체 어떻게 풀라는 겁니까?
disk48	NO30	1260	19	老人「私には解けませんでした。だから貴方にお願いしたのです。私は願いが叶うまで、毎夜、貴方の前に現われ恨みを告げる事しかできません」	disk48/ﾛｳｼﾝ.png	main/davL.png	KO	노인: 저도 잘 모릅니다. 그래서 당신께 부탁드린 겁니다. 제 소원이 이루어질 때까지 저는 매일 밤 당신 앞에 나타나 이 원한을 호소하는 것밖에는 할 수 없습니다.
disk48	NO30	1270	20	デビッド「そんな馬鹿な！　紋章の布は、貴方が勝手に渡しただけで、俺は・・・」	disk48/ﾛｳｼﾝ.png	main/davL.png	KO	데이비드: 그럴 수가! 그 천은 당신이 멋대로 내 손에 쥐여 준 것뿐인데, 대체 내가 왜...
disk48	NO30	1280	21	いつの間にか、老人は部屋から消えている。	disk48/ﾍﾞｯﾄ.png	main/davL.png	KO	어느새, 노인은 방에서 사라져 버렸다.
disk48	NO30	1285	22	デビッドはドアを開けて廊下に出た。	disk48/ﾛｳｶ.png	main/davL.png	KO	데이비드는 문을 열고 복도로 나갔다.
disk48	NO30	1290	23	老人を探すためエレベ－タ－の近くまで来た時、数人の男が現れ、デビッドに近づき始めた。	disk48/ﾛｳｶ.png	main/davL.png	KO	노인을 찾아 엘리베이터 근처까지 갔을 때, 몇 명의 남자가 모습을 드러내더니 데이비드에게 다가오기 시작했다.
disk48	NO30	1300	24	奴等だ！　デビッドはもと来た廊下に逃げる。	disk48/ﾛｳｶ.png	main/davL.png	KO	"놈들이다!
데이비드는 왔던 길로 도망쳤다."
disk48	NO30	1305	25	スシャ－ナの部屋の前に来た時、デビッドはドアを叩いた。	disk48/ﾄﾞｱ.png	main/davL.png	KO	수잔나의 방문 앞까지 달려간 데이비드는 다급하게 문을 두드렸다.
disk48	NO30	1320	26	デビッドが話す。	disk48/ﾄﾞｱ.png	main/davL.png	KO	데이비드가 말한다.
disk48	NO30	1320	27	スシャ－ナが話す。	disk48/ﾄﾞｱ.png	main/davL.png	KO	수잔나가 말한다.
disk48	NO30	1490	28	デビッド「スシャ－ナ！　開けてくれ！」	disk48/ﾄﾞｱ.png	main/davL.png	KO	데이비드: 수잔나! 문 좀 열어 줘!
disk48	NO30	1510	29	スシャ－ナ「どうしたのデビッド！」	disk48/ﾄﾞｱ.png	main/davL.png	KO	수잔나: 무슨 일이에요, 데이비드!
disk48	NO30	1520	30	スシャ－ナがドアを開けて出てきた。	disk48/ﾘﾝ.png	main/davL.png	KO	수잔나가 문을 열고 나왔다.
disk48	NO30	1530	31	デビッド「部屋の外に出たら、変な奴が俺達の部屋の廊下にいるんだ」	disk48/ﾘﾝ.png	main/davL.png	KO	데이비드: 밖으로 나와 봤더니 수상한 놈들이 우리 층 복도에 있어!
disk48	NO30	1540	32	スシャ－ナはデビッドの指さす方を見た。数人の男がエレベ－タ－に乗り、ドアが閉まる所だった。	disk48/ﾛｳｶ.png	main/davL.png	KO	수잔나는 데이비드가 가리키는 쪽을 보았다. 마침 몇 명의 남자가 엘리베이터에 올라타고 문이 닫히고 있었다.
disk48	NO30	1550	33	スシャ－ナ「部屋の階を間違えて降りたのよ。デビッド、少し神経質になりすぎてるわ」	disk48/ﾘﾝ.png	main/davL.png	KO	수잔나: 그냥 층을 잘못 내린 사람들이에요. 데이비드, 요즘 너무 신경이 곤두서 있는 것 같아요.
disk48	NO30	1560	34	スシャ－ナはデビッドに、お休みのキスをして部屋に戻った。	disk48/ﾘﾝ.png	main/davL.png	KO	수잔나는 데이비드에게 굿나잇 키스를 해 준 뒤 자기 방으로 돌아갔다.
disk48	NO30	1565	35	デビッドはスシャ－ナの声を聞くと恐怖感が消え、部屋に戻る事ができた。	disk48/ﾍﾞｯﾄ.png	main/davL.png	KO	수잔나의 목소리를 들은 데이비드는 마음이 진정돼서 방으로 돌아갈 수 있었다.
disk48	NO30	1570	36	ベッドに入ったデビッドは、老人の事が気になりながらも寝てしまった。	disk48/ﾍﾞｯﾄ.png	main/davL.png	KO	노인의 말이 계속 마음에 걸렸지만, 데이비드는 결국 다시 잠을 청했다.
disk48	NO30	1600	37	翌日、メンバ－全員でロ－マの観光見物をする筈だったが、デビッドは、昨夜の老人の言った言葉が気になり、体調を口実にホテルに残った。	disk48/ﾍﾞｯﾄ.png	main/davL.png	KO	다음 날, 멤버 전원이 함께 로마 관광을 할 예정이었지만 데이비드는 어젯밤 노인이 한 말이 신경 쓰여 몸 상태를 핑계로 호텔에 남았다.
disk48	NO30	1610	38	部屋の中で、どうしたらいいのかと考えていた時、スシャ－ナが入ってきた。	disk48/ﾍﾞｯﾄ.png	main/davL.png	KO	방 안에서 어떻게 하면 좋을지 고민하고 있을 때, 수잔나가 들어왔다.
disk48	NO30	1630	39	デビッドが話す。	disk48/ﾍﾞｯﾄ.png	main/davL.png	KO	데이비드가 말한다.
disk48	NO30	1630	40	スシャ－ナが話す。	disk48/ﾍﾞｯﾄ.png	main/davL.png	KO	수잔나가 말한다.
disk48	NO30	1800	41	スシャ－ナ「デビッド、どうしたの？　みんな遊びに出たのよ。あの格好見た。サングラスや口ヒゲをつけたりして、有名人ともなれば遊ぶのも大変ね」	disk48/ﾍﾞｯﾄ.png	main/linR.png	KO	수잔나: 데이비드, 왜 안 나갔어요? 다들 관광하러 갔는데, 변장한 거 봤나요? 선글라스에 가짜 콧수염까지 붙였더라고요. 유명해지면 놀러 다니기도 쉽지 않네요.
disk48	NO30	1810	42	デビッド「やぁ、スシャ－ナ、夜中に起こしてしまって悪かったね」	disk48/ﾍﾞｯﾄ.png	main/davL.png	KO	데이비드: 안녕, 수잔나. 어제 깨워서 미안했어.
disk48	NO30	1820	43	スシャ－ナ「エッ！　デビッドが夜中に私を起こしたの？　変ね。昨夜はコンサ－トの疲れで朝の９時まで寝てたのよ」	disk48/ﾍﾞｯﾄ.png	main/linR.png	KO	수잔나: 네? 어젯밤에 절 깨웠다고요? 이상하네요... 어젯밤은 공연 때문에 너무 피곤해서 아홉 시까지 쭉 잤는데.
disk48	NO30	1830	44	デビッド「そんな！　エレベ－タ－を降り間違えた連中を、スシャ－ナも見たはず・・・」	disk48/ﾍﾞｯﾄ.png	main/davL.png	KO	데이비드: 그럴 리가! 엘리베이터에서 층을 잘못 내려온 사람들을 수잔나도 같이 봤잖아...
disk48	NO30	1840	45	スシャ－ナ「デビッド、また夢をみたのね。あの薬が効かなかったのかしら？」	disk48/ﾍﾞｯﾄ.png	main/linR.png	KO	수잔나: 데이비드, 또 꿈을 꾸었나 봐요. 약이 듣지 않았던 걸까요?
disk48	NO30	1850	46	デビッド「・・・・・」	disk48/ﾍﾞｯﾄ.png	main/davL.png	KO	데이비드: ......
disk48	NO30	1860	47	デビッドは、昨夜の事が夢だったとは、とても信じられなかった。どこから夢で現実なのか、あの老人の幽体が現実で、その後に見たのが夢なのか、考えれば考えるほど頭が変になっていく・・・	disk48/ﾍﾞｯﾄ.png	main/davL.png	KO	데이비드는 어젯밤에 겪은 일이 꿈이었다고는 도저히 믿을 수 없었다. 어디부터가 꿈이고 현실인지, 그 노인의 유령이 나타난 것만 현실이고 그 뒤부터는 꿈인지, 생각하면 할수록 머리가 혼란스러워졌다...
disk48	NO30	1870	48	スシャ－ナ「デビッド、しっかりして、そんなに考えこむのは毒よ！　昨夜、何が起こったの、話して・・・」	disk48/ﾍﾞｯﾄ.png	main/linR.png	KO	수잔나: 데이비드, 정신 차려요. 그렇게 너무 깊이 생각하는 건 몸에 안 좋아요! 어젯밤 무슨 일이 있었는지 말해줘요...
disk48	NO30	1880	49	デビッドは、これ以上一人で悩む事に耐えられなかったので、スシャ－ナに紋章の布を見せ、老人の事を初めから話した。	disk48/ﾓﾝｼｮ.png	main/linR.png	KO	데이비드는 더 이상 혼자 감당할 수 없었다. 결국 수잔나에게 문장이 새겨진 천을 보여 주고, 노인에 관한 일을 처음부터 전부 털어놓았다.
disk48	NO30	1890	50	スシャ－ナ「きれいな紋章ね。でも夢の出来事が現実につながるなんて・・・怖いわ」	disk48/ﾓﾝｼｮ.png	main/linR.png	KO	수잔나: 예쁜 문장이네요. 하지만 꿈속의 일이 현실로 이어지다니... 무섭네요.
disk48	NO30	1900	51	デビッド「現実に布があるがぎり、たとえ夢でも老人の願いを叶うようにするしかないようだが」	disk48/ﾓﾝｼｮ.png	main/davL.png	KO	데이비드: 어쨌든 이 천이 실제로 존재하는 이상, 꿈이든 아니든 노인의 부탁을 들어주는 수밖에 없을 것 같아.
disk48	NO30	1910	52	スシャ－ナ「紋章を調べれば何か判るかも知れないわ。図書館で紋章図鑑を調べれば、すぐに判るはずよ」	disk48/ﾓﾝｼｮ.png	main/linR.png	KO	수잔나: 문장을 조사하면 뭔가 알 수 있을지도 몰라요. 도서관에서 문장 도감을 찾아보면 금방 찾아낼 수 있을 거예요.
disk48	NO30	1920	53	デビッド「その手があったか、俺は、イタリア語がぜんぜんだめなんだ。スシャ－ナ、一緒に行ってくれる」	disk48/ﾓﾝｼｮ.png	main/davL.png	KO	데이비드: 그런 방법이 있었네! 그런데 난 이탈리아어를 전혀 못해. 수잔나, 같이 가 줄래?
disk48	NO30	1930	54	スシャ－ナ「もちろんよ！　なんだかデ－トに行くみたいで、素敵な一日になりそう」	disk48/ﾓﾝｼｮ.png	main/linR.png	KO	수잔나: 물론이죠! 어쩐지 데이트하러 가는 기분인데요? 오늘 멋진 하루가 될 것 같아요.
disk48	NO30	10000	95	ＤＡＴＡをＳＡＶＥしますか？　Ｙ／Ｎ	disk48/ﾓﾝｼｮ.png	main/linR.png	KO	
disk48	NO30	10040	101	ドライブ１に、ＳＡＶＥ・ディスクを入れて下さい。	disk48/ﾓﾝｼｮ.png	main/linR.png	KO	
disk48	NO30	10070	103	ドライブ１のディスクが違います。	disk48/ﾓﾝｼｮ.png	main/linR.png	KO	드라이브 1의 디스크가 다릅니다.
disk48	NO30	10110	104	ＳＡＶＥしました。ドライブ１のディスクに、ＭＡＩＮディスクを入れて下さい。	disk48/ﾓﾝｼｮ.png	main/linR.png	KO	
disk48	NO30	10150	106	ドライブ１のディスクが違います。	disk48/ﾓﾝｼｮ.png	main/linR.png	KO	드라이브 1의 디스크가 다릅니다.
disk48	NO31	990	0	二人はホテルの裏口にタクシ－を呼び、人に見られないようにして、図書館に行った。	disk48/Hｳﾗ.png	main/linR.png	KO	두 사람은 사람들의 눈을 피하기 위해 호텔 뒷문으로 택시를 불러 도서관으로 향했다.
disk48	NO31	1000	1	一台の車が、デヒッドとスシャ－ナが乗ったタクシ－を追尾している。	disk48/ｸﾙﾏ.png	main/linR.png	KO	그 뒤에서 자동차 한 대가 데이비드와 수잔나가 탄 택시를 미행하고 있었다.
disk48	NO31	1020	2	クラ－クが話す。	disk48/ｸﾙﾏ.png	main/linR.png	KO	클라크가 말한다.
disk48	NO31	1020	3	ヴィンスが話す。	disk48/ｸﾙﾏ.png	main/linR.png	KO	빈스가 말한다.
disk48	NO31	1200	4	ヴィンス「所長の感は抜群ですね。表玄関を見張る必要がないと言われた時は、少し心配しましたが・・・」	disk48/ｸﾙﾏ.png	main/ｳｲﾝｽ.png	KO	빈스: 역시 소장님 촉은 대단하네요. 정문은 지킬 필요 없다고 하셨을 때는 좀 걱정했는데...
disk48	NO31	1210	5	クラ－ク「人間が怪しい行動をとる時は、人に知れるのを嫌がるものさ」	disk48/ｸﾙﾏ.png	main/ｸﾗｰｸ.png	KO	클라크: 사람은 뭔가 수상한 짓을 할 때 남의 눈에 띄는 걸 꺼리는 법이지.
disk48	NO31	1220	6	ヴィンス「でも今日の彼女は、デヒッドと二人ですよ。怪しい行動がデ－トだったりして・・・」	disk48/ｸﾙﾏ.png	main/ｳｲﾝｽ.png	KO	빈스: 하지만 오늘 데이비드와 단둘이잖아요. 그 수상한 행동이 데이트일지도...
disk48	NO31	1230	7	クラ－ク「デ－トに見せかけて、彼女が人と会う可能性も考えられるんだ。お前は単純すぎて探偵に向かないみたいだ」	disk48/ｸﾙﾏ.png	main/ｸﾗｰｸ.png	KO	클라크: 데이트로 가장하고 누군가를 만날 가능성도 있네. 자네는 너무 단순해서 탐정 체질은 아닌 것 같구만.
disk48	NO31	1240	8	ヴィンス「この前の貿易会社の社長も、代々の金持ちで、趣味がゴルフと占い。おまけに上流階級の紳士ときては、怪しい所はないですよ」	disk48/ｸﾙﾏ.png	main/ｳｲﾝｽ.png	KO	빈스: 지난번 무역회사 사장도 대대로 부유한 집안 출신이고, 취미가 골프와 점술뿐이었잖습니까. 게다가 상류층 신사라서 수상한 점은 없었군요.
disk48	NO31	1250	9	クラ－ク「だから怪しいのだ。上流階級の人間がなぜスシャ－ナとコ－ヒ－ハウスで会わなければならないのだ。その謎を解くのが俺達の仕事だ」	disk48/ｸﾙﾏ.png	main/ｸﾗｰｸ.png	KO	클라크: 그래서 수상한 거네. 그런 상류층 신사가 대체 왜 수잔나를 커피하우스에서 몰래 만나야 하지? 그 이유를 밝혀내는 게 우리 일일세.
disk48	NO31	1260	10	ヴィンス「そう考えれば怪しい人物になりますね。おやタクシ－はコルン通りに入りましたよ。ベネツィア広場に行くようです」	disk48/ﾄｵﾘ1.png	main/ｳｲﾝｽ.png	KO	빈스: 그렇게 생각하면 확실히 수상하긴 하네요. 어? 택시가 코른 거리로 들어갔습니다. 베네치아 광장 쪽으로 가나 봅니다.
disk48	NO31	1270	11	クラ－ク「フォロ・ロマ－ノで古代ロ－マの遺跡を見に行くのかも知れないな、いや違った。タクシ－は、右に曲がったぞ、ロトンダ広場に向かって走っている」	disk48/ﾄｵﾘ1.png	main/ｸﾗｰｸ.png	KO	클라크: 포로 로마노 유적을 구경하러 가는 건가... 아니, 틀려. 택시가 우회전했다. 로톤다 광장 쪽으로 가고 있어.
disk48	NO31	1280	12	ヴィンス「パンティオンの美術館の前でとまりました。車から降りて尾行しましょう」	disk48/ﾋﾞｼﾞ.png	main/ｳｲﾝｽ.png	KO	빈스: 판테온 미술관 앞에 섰습니다. 내려서 따라가죠.
disk48	NO31	1290	13	クラ－ク「まて、タクシ－がまた走りだした。はやく追わないか」	disk48/ﾋﾞｼﾞ.png	main/ｸﾗｰｸ.png	KO	클라크: 잠깐, 택시가 다시 출발했네! 어서 따라가게!
disk48	NO31	1295	14	タクシ－は少し先の建物の前で止まった。	disk48/ﾄｼｮO.png	main/ｸﾗｰｸ.png	KO	택시는 조금 더 전방에 위치한 건물에 멈춰 섰다.
disk48	NO31	1300	15	ヴィンス「こんどは間違いありません。タクシ－から二人が降りましたから」	disk48/ﾄｼｮO.png	main/ｳｲﾝｽ.png	KO	빈스: 이번에는 확실합니다. 둘 다 택시에서 내렸어요.
disk48	NO31	1310	16	クラ－ク「ここはパンティオン図書館の前だが、なぜ？　美術館に入るのなら不思議ではないが、行くぞ、ヴィンス！」	disk48/ﾄｼｮO.png	main/ｸﾗｰｸ.png	KO	클라크: 여기는 판테온 도서관인데, 어째서 도서관에? 데이트를 미술관이 아닌 도서관에서... 아무튼 따라가지, 빈스!
disk48	NO31	1320	17	二人の探偵はデヒッド達が入った図書館に向かった。	disk48/ﾄｼｮO.png	main/ｸﾗｰｸ.png	KO	두 탐정은 두 사람이 들어간 도서관으로 향해 걸어갔다.
disk48	NO31	1330	18	図書館の中では、スシャ－ナが係員と話をしている。時々デヒッドも話かけている。係員が英語を話せるのだ。	disk48/ﾄｼｮG.png	main/linR.png	KO	도서관 안에서는 수잔나가 직원과 이야기를 나누고 있었다. 데이비드도 간간이 대화에 끼어드는 것을 보니 직원은 영어를 할 줄 아는 모양이었다.
disk48	NO31	1340	19	係員はデヒッドが差し出した布の紋章を見て言った。	disk48/ﾄｼｮG.png	main/linR.png	KO	직원은 데이비드가 내민 천의 문장을 살펴보고 입을 열었다.
disk48	NO31	1370	20	スシャ－ナが話す。	disk48/ﾄｼｮG.png	main/linR.png	KO	수잔나가 말한다.
disk48	NO31	1370	21	係員が話す。	disk48/ﾄｼｮG.png	main/linR.png	KO	직원이 말한다.
disk48	NO31	1500	22	係員「イタリアには中世からの紋章を入れると、膨大な数になります。現在でも新しくデザインされた紋章を会社のシンボルマ－クに使っていますから・・・」	disk48/ﾄｼｮG.png	main/linR.png	KO	직원: 이탈리아의 문장은 중세 시대까지 포함하면 수가 엄청납니다. 지금도 새로 만든 문장을 기업의 상징으로 사용하는 경우가 있으니까요...
disk48	NO31	1510	23	スシャ－ナ「昔の貴族の人達だけかと思って・・・デヒッド、紋章から人を探すのは大変な仕事になりそうね」	disk48/ﾄｼｮG.png	main/linR.png	KO	수잔나: 전 옛날 귀족들만 사용하는 것인 줄 알았는데... 데이비드, 문장만 가지고 사람을 찾는 건 힘들 것 같아요.
disk48	NO31	1520	24	係員が分厚い本を持って来た。	disk48/ﾎﾝ.png	main/linR.png	KO	직원이 두꺼운 책을 가져왔다.
disk48	NO31	1530	25	係員「この図書館にある紋章図鑑です。ここに載せられている紋章は、すべて名前と経歴が書かれていますから、読書室の方でお調べになって下さい」	disk48/ﾎﾝ.png	main/linR.png	KO	직원: 이 도서관에 있는 문장 도감입니다. 여기에 실린 문장에는 모두 이름과 내력이 기록되어 있으니 열람실에서 찾아보십시오.
disk48	NO31	1535	26	デヒッド「凄く分厚い図鑑だな、俺一人で持てるかな」	disk48/ﾎﾝ.png	main/davL.png	KO	데이비드: 굉장히 두꺼운 도감이군. 나 혼자 들 수나 있으려나?
disk48	NO31	1540	27	デヒッドは重たそうに図鑑を抱えて、スシャ－ナと読書室に向かった。	disk48/ﾄｼｮI.png	main/davL.png	KO	데이비드는 무거운 도감을 안고, 끙끙거리며 수잔나와 함께 열람실로 향했다.
disk48	NO31	1550	28	デヒッドとスシャ－ナは、布の紋章と図鑑の紋章をてらしあいながらペ－ジを繰っている。	disk48/ﾄｼｮI.png	main/davL.png	KO	데이비드와 수잔나는 천의 문장과 도감의 문장을 대조하면서 책장를 넘겼다.
disk48	NO31	1560	29	クラ－クとヴィンスがデヒッド達の様子を調べる為に、二人の前をゆっくりと通り過ぎ、近くのテ－ブルに雑誌を持って座った。	disk48/ﾄｼｮI.png	main/davL.png	KO	클라크와 빈스는 두 사람이 무엇을 하는지 살피기 위해 천천히 앞을 지나가 잡지 한 권을 집어 가까운 테이블에 자리를 잡았다.
disk48	NO31	1580	30	クラ－クが話す。	disk48/ﾄｼｮI.png	main/davL.png	KO	클라크가 말한다.
disk48	NO31	1580	31	ヴィンスが話す。	disk48/ﾄｼｮI.png	main/davL.png	KO	빈스가 말한다.
disk48	NO31	1700	32	ヴィンス「紋章を調べているようですね」	disk48/ﾄｼｮI.png	main/ｳｲﾝｽ.png	KO	빈스: 문장을 조사하고 있는 모양이네요.
disk48	NO31	1710	33	クラ－ク「そのようだが、あの紋章入りの布はデヒッドの物で、スシャ－ナは調べるのを手伝っているだけだ」	disk48/ﾄｼｮI.png	main/ｸﾗｰｸ.png	KO	클라크: 그런 것 같군. 하지만 저 문장이 든 천은 데이비드의 것이고 수잔나는 조사하는 것만 돕고 있는 모양이네.
disk48	NO31	1720	34	ヴィンス「コンサ－トに使う小道具のデザインを調べているのかな？」	disk48/ﾄｼｮI.png	main/ｳｲﾝｽ.png	KO	빈스: 공연에 쓸 소품 디자인이라도 찾고 있는 걸까요?
disk48	NO31	1730	35	クラ－ク「違うな、あの紋章はデヒッド家に残された物で、ヨ－ロッパ・ツア－を利用して紋章の経歴を調べているのかも知れない」	disk48/ﾄｼｮI.png	main/ｸﾗｰｸ.png	KO	클라크: 그건 아닌 것 같네. 어쩌면 저 문장은 데이비드 집안의 가보이고, 이번 유럽 투어를 이용해서 그 내력을 조사하는 건지도 모르지.
disk48	NO31	1740	36	ヴィンス「だったら、今スシャ－ナを尾けても時間の無駄ですよ」	disk48/ﾄｼｮI.png	main/ｳｲﾝｽ.png	KO	빈스: 그렇다면 지금 수잔나를 미행해 봐야 시간 낭비겠네요.
disk48	NO31	1750	37	クラ－ク「時間の無駄だって、君が尾行の他に何か有効な時間を見つけてくれるのかね。どこかでデヒッドと別れ単独行動になるかも知れないのだ」	disk48/ﾄｼｮI.png	main/ｸﾗｰｸ.png	KO	클라크: 시간 낭비라, 그럼 자네가 미행보다 더 유용한 방법을 찾아줄 건가? 언제 어디서 데이비드와 헤어져서 혼자 움직일지 모를 상황인데?
disk48	NO31	1760	38	ヴィンス「ただ言って見ただけですよ。それより二人を見て下さい。あの紋章図鑑には載っていなかったようで、スシャ－ナが本を閉じてため息をついています」	disk48/ﾄｼｮI.png	main/ｳｲﾝｽ.png	KO	빈스: 그냥 해 본 말입니다. 그것보다 저쪽을 보세요. 도감에서도 못 찾았나 봅니다. 수잔나가 책을 덮고 한숨을 쉬네요.
disk48	NO31	1770	39	クラ－ク「しかた無いだろう。紋章はイギリスを含めてヨ－ロッパ中に何万とあるんだ。専門家にでも頼まない限り素人には無理な話さ」	disk48/ﾄｼｮI.png	main/ｸﾗｰｸ.png	KO	클라크: 당연하겠지. 영국까지 포함하면 유럽 전역에 문장이 수만 개나 존재하네. 전문가에게 맡기지 않는 이상 일반인이 하나씩 찾아내는 건 무리일세.
disk48	NO31	1780	40	ヴィンス「日本の家紋なら数に限度があるから調べやすいのですが、紋章を使っている国は沢山あるので大変ですよ」	disk48/ﾄｼｮI.png	main/ｳｲﾝｽ.png	KO	빈스: 일본의 가문 문장이라면 종류가 한정되어 있어서 찾기 쉽지만, 문장을 사용하는 나라는 워낙 많으니까 쉽지 않겠네요.
disk48	NO31	1790	41	クラ－ク「二人が出ていくようだ。俺達も行くぞ」	disk48/ﾄｼｮI.png	main/ｸﾗｰｸ.png	KO	클라크: 저 둘이 나가는군. 우리도 따라가지.
disk48	NO31	1800	42	デヒッドとスシャ－ナは、タクシ－を止め、図書館を後にした時、クラ－ク達の車も後を追って走り始めた。	disk48/ﾄｼｮO.png	main/ｸﾗｰｸ.png	KO	데이비드와 수잔나가 택시를 잡아 도서관을 떠나자, 탐정들의 차도 곧바로 뒤를 쫓아 달리기 시작했다.
disk48	NO31	10000	79	ＤＡＴＡをＳＡＶＥしますか？　Ｙ／Ｎ	disk48/ﾄｼｮO.png	main/ｸﾗｰｸ.png	KO	
disk48	NO31	10040	85	ドライブ１に、ＳＡＶＥ・ディスクを入れて下さい。	disk48/ﾄｼｮO.png	main/ｸﾗｰｸ.png	KO	
disk48	NO31	10070	87	ドライブ１のディスクが違います。	disk48/ﾄｼｮO.png	main/ｸﾗｰｸ.png	KO	드라이브 1의 디스크가 다릅니다.
disk48	NO31	10110	88	ＳＡＶＥしました。ドライブ１のディスクに、ＭＡＩＮディスクを入れて下さい。	disk48/ﾄｼｮO.png	main/ｸﾗｰｸ.png	KO	
disk48	NO31	10150	90	ドライブ１のディスクが違います。	disk48/ﾄｼｮO.png	main/ｸﾗｰｸ.png	KO	드라이브 1의 디스크가 다릅니다.
disk48	NO32	1000	0	デビッド達はその後、ロ－マ図書館に行き、紋章を調べたが、ここでも同じものが見つからなかった。	disk48/ｲｽﾞﾐ.png	main/ｸﾗｰｸ.png	KO	두 사람은 이후 로마 도서관을 찾아가 문장을 조사했지만, 그곳에서도 같은 것을 발견하지 못했다.
disk48	NO32	1010	1	ナボ－レ図書館に、変わった紋章をマイクロフイルムに収録していると教わったので行ってみたが、そこでも同じ紋章は無かった。	disk48/ｲｽﾞﾐ.png	main/ｸﾗｰｸ.png	KO	특이한 문장들을 마이크로필름으로 보관하고 있다는 나보레 도서관까지 찾아갔지만, 그곳에서도 일치한 문장은 없었다.
disk48	NO32	1020	2	デビッド達は疲れて、トレビの泉の近くで休息をとっている。	disk48/ｲｽﾞﾐ.png	main/ｸﾗｰｸ.png	KO	지친 두 사람은 트레비 분수 근처에서 휴식을 취하고 있었다.
disk48	NO32	1040	3	デビッドが話す。	disk48/ｲｽﾞﾐ.png	main/ｸﾗｰｸ.png	KO	데이비드가 말한다.
disk48	NO32	1040	4	スシャ－ナが話す。	disk48/ｲｽﾞﾐ.png	main/ｸﾗｰｸ.png	KO	수잔나가 말한다.
disk48	NO32	1200	5	スシャ－ナ「これだけ探しても見つからないなんて・・・」	disk48/ｲｽﾞﾐ.png	main/linR.png	KO	수잔나: 이렇게까지 찾아봤는데도 없다니...
disk48	NO32	1210	6	デビッド「参ったな、夢の出来事は夢の中で調べないといけないのかも知れない」	disk48/ｲｽﾞﾐ.png	main/davL.png	KO	데이비드: 정말 막막하네. 꿈속에서 단서를 찾아야 할지도 모르겠어.
disk48	NO32	1220	7	スシャ－ナ「デビッド、コインを二枚貸して。トレビの泉に願いを叶えてもらうから」	disk48/ｲｽﾞﾐ.png	main/linR.png	KO	수잔나: 데이비드, 동전 두 개만 빌려줘요. 트레비 분수에 소원을 빌어 볼래요.
disk48	NO32	1230	8	スシャ－ナは、トレビの泉に近づき、後を向いてコインを泉に投げて、戻って来た。	disk48/ｲｽﾞﾐ.png	main/linR.png	KO	수잔나는 분수 앞에 가서 등을 돌린 채 동전 두 개를 뒤로 던진 뒤 돌아왔다.
disk48	NO32	1235	9	スシャ－ナ「トレビの泉は願いを叶えて下さるかしら」	disk48/ｲｽﾞﾐ.png	main/linR.png	KO	수잔나: 트레비 분수가 소원을 들어 줄까요?
disk48	NO32	1240	10	デビッド「スシャ－ナ、これからどうしよう。図書館に行っても無駄だし・・・」	disk48/ｲｽﾞﾐ.png	main/davL.png	KO	데이비드: 수잔나, 이제 어떻게 하지? 다시 도서관에 가 봐도 소용없을 것 같고...
disk48	NO32	1250	11	スシャ－ナ「せっかく外に出たから、少し散歩しない・・・ちょっと待ってね。ホテルに連絡を入れないと」	disk48/ｲｽﾞﾐ.png	main/linR.png	KO	수잔나: 모처럼 밖에 나왔으니 조금 걷지 않을래요? 잠깐만 기다려요. 호텔에 연락 좀 하고 올게요.
disk48	NO32	1260	12	スシャ－ナは公衆電話を探しに行った。	disk48/ｲｽﾞﾐ.png	main/davL.png	KO	수잔나는 공중전화를 찾아 자리를 떠났다.
disk48	NO32	1270	13	その後をクラ－クが尾行しているのを、デビッドは気づかなかった。	disk48/ｲｽﾞﾐ.png	main/davL.png	KO	그 뒤를 탐정들이 미행하고 있다는 사실을 데이비드는 전혀 눈치채지 못했다.
disk48	NO32	1280	14	スシャ－ナが戻って来た。	disk48/ｲｽﾞﾐ.png	main/davL.png	KO	잠시 후, 수잔나가 돌아왔다.
disk48	NO32	1290	15	スシャ－ナ「みんなホテルには、まだ戻ってないわ。デビッド、どこか食事に行かない・・・」	disk48/ｲｽﾞﾐ.png	main/linR.png	KO	수잔나: 아직 아무도 호텔에 돌아오지 않았대요. 데이비드, 어디 가서 식사하지 않을래요...
disk48	NO32	1295	16	スシャ－ナ「デビッド、おなかが空かないの・・・」	disk48/ｲｽﾞﾐ.png	main/linR.png	KO	수잔나: 데이비드는 배고프지 않아요...?
disk48	NO32	1300	17	デビッド「紋章を探しに気をとられて食事をするのを忘れていたよ。スシャ－ナ、どこか連れて行ってくれ」	disk48/ｲｽﾞﾐ.png	main/davL.png	KO	데이비드: 문장을 찾는 데 정신이 팔려 식사하는 것도 잊었네. 수잔나, 어디든 데려가줘.
disk48	NO32	1310	18	二人は恋人のように連れそって町を歩いて行く、二人の探偵が後に続く、	disk48/ﾄｵﾘ.png	main/davL.png	KO	두 사람은 마치 연인처럼 나란히 거리를 걸었다. 그 뒤를 두 탐정이 계속 따라붙었다.
disk48	NO32	1320	19	トリト－ネ通りに出た時、デビッド達はタクシ－に乗った。	disk48/ﾄｵﾘ.png	main/davL.png	KO	트리토네 거리에 도착한 두 사람은 택시를 잡아탔다.
disk48	NO32	1340	20	クラ－クが話す。	disk48/ﾄｵﾘ.png	main/davL.png	KO	클라크가 말한다.
disk48	NO32	1340	21	ヴィンスが話す。	disk48/ﾄｵﾘ.png	main/davL.png	KO	빈스가 말한다.
disk48	NO32	1500	22	ヴィンス「二人はタクシ－に乗りました。車はトレビの泉の所に置いたままで、とりに戻りましょうか」	disk48/ﾄｵﾘ.png	main/ｳｲﾝｽ.png	KO	빈스: 둘이 택시를 탔습니다. 차는 트레비 분수 쪽에 세워 뒀는데, 가지고 올까요?
disk48	NO32	1510	23	クラ－ク「そんな暇がない！　タクシ－を止めろ！」	disk48/ﾄｵﾘ.png	main/ｸﾗｰｸ.png	KO	클라크: 그런 시간 없네! 택시부터 잡게나!
disk48	NO32	1520	24	運よくタクシ－を拾えて、デビッド達が乗ったタクシ－を追いかける事が出来た。	disk48/ﾀｸｼ.png	main/ｸﾗｰｸ.png	KO	다행히 금방 택시를 잡을 수 있어서 두 사람이 탄 택시를 뒤쫓을 수 있었다.
disk48	NO32	1525	25	クラ－ク「ヴィンス、前のタクシ－をつけろと言え！」	disk48/ﾀｸｼ.png	main/ｸﾗｰｸ.png	KO	클라크: 빈스, 기사한테 앞차를 따라가라고 말하게!
disk48	NO32	1530	26	ヴィンス「もう少しで見失う所でしたよ。しかしロ－マの車は無茶な走りをしますね。こうして後のシ－トにいると楽でいいですね」	disk48/ﾀｸｼ.png	main/ｳｲﾝｽ.png	KO	빈스: 조금만 늦었으면 놓칠 뻔했네요. 그런데 로마 사람들은 운전이 정말 거칠군요. 그래도 뒷좌석에 앉아 있으니 편해서 좋습니다.
disk48	NO32	1540	27	クラ－ク「あの時、スシャ－ナは二回電話をしていたから、もしかして誰かに会いに行くのかもしれないな」	disk48/ﾀｸｼ.png	main/ｸﾗｰｸ.png	KO	클라크: 아까 수잔나가 전화를 두 번 했네. 혹시 지금 누군가를 만나러 가는 걸지도 모르네.
disk48	NO32	1550	28	ヴィンス「車が左に曲がってスペイン広場に向かっています。奴等は、図書館巡りをやめて、観光巡りに変えたようですよ」	disk48/ﾀｸｼ.png	main/ｳｲﾝｽ.png	KO	빈스: 차가 왼쪽으로 꺾어 스페인 광장으로 가네요. 도서관 순례는 그만하고 이제 관광이나 하려나 봅니다.
disk48	NO32	1560	29	クラ－ク「一回目の電話は、多分ホテルに連絡を入れたのに違いないが、後の電話は・・・」	disk48/ﾀｸｼ.png	main/ｸﾗｰｸ.png	KO	클라크: 첫 번째 전화는 호텔에 한 게 틀림없겠지만, 문제는 두 번째 전화란 말이지...
disk48	NO32	1570	30	ヴィンス「所長、やはり二人はスペイン広場で降りましたよ。スシャ－ナは子供みたいに、スカ－トをひるがえせて、はしゃいでいます。アベックの尾行とは、情けなや・・」	disk48/ﾋﾛﾊﾞ.png	main/ｳｲﾝｽ.png	KO	빈스: 소장님, 역시 스페인 광장에서 내렸습니다. 수잔나가 어린애처럼 치맛자락까지 펄럭이며 신이 났는데요. 데이트 중인 커플을 미행하다니, 참 처량하군요...
disk48	NO32	1580	31	クラ－ク「仕事、仕事だ！　降りるんだ」	disk48/ﾋﾛﾊﾞ.png	main/ｸﾗｰｸ.png	KO	클라크: 우린 조사 중일세! 헛소리 말고 내리기나 하게.
disk48	NO32	1590	32	クラ－ク達がタクシ－から降りて、デビッドとスシャ－ナを見張っている。	disk48/ﾋﾛﾊﾞ.png	main/ｸﾗｰｸ.png	KO	클라크와 빈스도 택시에서 내려 두 사람을 계속 감시했다.
disk48	NO32	1600	33	ヴィンス「あれ？　スペイン広場に行くと思ったのに、コンデッティ通りに・・・」	disk48/ﾏﾁ1.png	main/ｳｲﾝｽ.png	KO	빈스: 어라? 스페인 광장으로 가는 줄 알았는데 콘도티 거리로 가네요...
disk48	NO32	1610	34	クラ－ク「残念だな、並の発想では名探偵にはなれないぞ。俺は食事に行くと思う」	disk48/ﾏﾁ1.png	main/ｸﾗｰｸ.png	KO	클라크: 아쉽군. 그렇게 뻔한 생각만 해서는 명탐정이 될 수 있겠나. 내 생각엔 식사하러 가는 거 같구만.
disk48	NO32	1620	35	コンデッティ通りの近くには宝石からグッチの店等があり、ショッピングを楽しんだ後は、レストランや居酒屋が並んでいるので、この通りの一角は観光客が多いい。	disk48/ﾏﾁ1.png	main/ｸﾗｰｸ.png	KO	콘도티 거리 주변에는 보석점과 구찌 같은 유명 상점들이 모여 있었고, 레스토랑과 술집도 많아 관광객들로 늘 붐비는 거리였다.
disk48	NO32	1630	36	スシャ－ナはレストランの前で止まった。	disk48/ﾊﾏｾｲ.png	main/ｸﾗｰｸ.png	KO	수잔나는 한 레스토랑 앞에서 발걸음을 멈췄다.
disk48	NO32	1800	37	スシャ－ナ「イタリヤ料理はホテルで食べてるから、たまには日本の料理を食べてみない。このお店は、［Ｈａｍａｓｅｉ］（浜精）と言って、私でも知っている有名な料理店なの」	disk48/ﾊﾏｾｲ.png	main/ｸﾗｰｸ.png	KO	수잔나: 이탈리아 요리는 호텔에서도 계속 먹고 있으니까 오늘은 일본 요리 어때요? 여기는 `Hamasei'라는 곳인데, 저도 이름을 알 정도로 유명한 식당이에요.
disk48	NO32	1810	38	デビッド「日本料理か、てんぷらと寿司しか食べた事がないんだ。スキヤキとかお茶漬なんか食べようか、よし！　ここに決めた」	disk48/ﾊﾏｾｲ.png	main/ｸﾗｰｸ.png	KO	데이비드: 일식이라... 튀김과 초밥밖에 못 먹어봤는데 잘 됐네. 스키야키나 오차즈케 같은 걸 먹어볼까? 좋아, 여기로 하자!
disk48	NO32	1820	39	二人はレストランに入った。	disk48/ﾊﾏｾｲ.png	main/ｸﾗｰｸ.png	KO	두 사람은 레스토랑에 들어갔다.
disk48	NO32	3000	40	ＣＤ－ＲＯＭよりＤＡＴＡの読み込みを始めます。ＨＩＴ　ＡＮＹ　ＫＥＹ	disk48/ﾊﾏｾｲ.png	main/ｸﾗｰｸ.png	KO	CD-ROM에서 데이터 읽습니다. 아무 키나 눌러주세요.
disk48	NO32	3010	41	　　　　　　　　ＣＤ－ＲＯＭよりＤＡＴＡを読み込み中	disk48/ﾊﾏｾｲ.png	main/ｸﾗｰｸ.png	KO	데이터를 읽는 중...
disk48	NO32	10000	71	ＤＡＴＡをＳＡＶＥしますか？　Ｙ／Ｎ	disk48/ﾊﾏｾｲ.png	main/ｸﾗｰｸ.png	KO	
disk48	NO32	10040	77	ドライブ１に、ＳＡＶＥ・ディスクを入れて下さい。	disk48/ﾊﾏｾｲ.png	main/ｸﾗｰｸ.png	KO	
disk48	NO32	10070	79	ドライブ１のディスクが違います。	disk48/ﾊﾏｾｲ.png	main/ｸﾗｰｸ.png	KO	드라이브 1의 디스크가 다릅니다.
disk48	NO32	10110	80	ＳＡＶＥしました。ドライブ１のディスクに、ＭＡＩＮディスクを入れて下さい。	disk48/ﾊﾏｾｲ.png	main/ｸﾗｰｸ.png	KO	
disk48	NO32	10150	82	ドライブ１のディスクが違います。	disk48/ﾊﾏｾｲ.png	main/ｸﾗｰｸ.png	KO	드라이브 1의 디스크가 다릅니다.
disk49	NO33	1000	0	店内は日本人の客が多く見られる。	disk49/ﾃﾝﾅｲ.png		KO	식당 안에는 일본인 손님들이 눈에 많이 띄었다.
disk49	NO33	1005	1	テ－ブルはＢＯＸで仕切られていたので、隣の席に座ったクラ－ク達はデビッド達の会話が聞け、その上顔が見られなので安心して寿司を食べている。	disk49/ﾃﾝﾅｲ.png		KO	좌석이 칸막이로 나뉜 박스석이라 옆자리에 앉은 클라크와 빈스는 모습을 들키지 않은 채 두 사람의 대화를 들을 수 있었다. 덕분에 여유롭게 초밥까지 먹고 있었다.
disk49	NO33	1010	2	デビッドは、スシャ－ナと一つ鍋のスキヤキを食べながら話している。	disk49/ｽｷﾔｷ.png		KO	데이비드와 수잔나는 냄비를 사이에 두고 스키야키를 먹으며 이야기를 나눴다.
disk49	NO33	1050	3	デビッドが話す。	disk49/ｽｷﾔｷ.png		KO	데이비드가 말한다.
disk49	NO33	1050	4	スシャ－ナが話す。	disk49/ｽｷﾔｷ.png		KO	수잔나가 말한다.
disk49	NO33	1069	5	スシャ－ナが話す。	disk49/ｽｷﾔｷ.png		KO	수잔나가 말한다.
disk49	NO33	1120	6	デビッドが話す。	disk49/ｽｷﾔｷ.png		KO	데이비드가 말한다.
disk49	NO33	1170	7	ディミ－ルが話す。	disk49/ｽｷﾔｷ.png		KO	디미르가 말한다.
disk49	NO33	1200	8	スシャ－ナ「おいしい！　私、スキヤキを食べるのって久しぶり！　このショウユ・ス－プが、お肉をおいしくしているのね」	disk49/ｽｷﾔｷ.png	main/linR.png	KO	수잔나: 맛있어요! 저 스키야키 먹는 거 정말 오랜만이에요! 이 간장 수프가 고기를 맛있게 해 주는 것 같아요.
disk49	NO33	1210	9	デビッド「これト－フみたいだけど、このひもみたいな物はなんだい？・・・コリコリしてて・・・ス－プがしみて肉よりうまいや・・・」	disk49/ｽｷﾔｷ.png	main/davL.png	KO	데이비드: 이건 두부 같은데, 이 실 같은 건 뭐지? ...오독오독하고... 국물이 배어서 고기보다 더 맛있는데...
disk49	NO33	1220	10	スシャ－ナ「それは、糸コンニャクと言って美容食よ。デビッドはお肉を食べてスタミナをつけるの、私はコンニャクを食べて減量しなければ」	disk49/ｽｷﾔｷ.png	main/linR.png	KO	수잔나: 그건 실곤약이라고 미용식이에요. 데이비드는 고기를 먹고 체력을 보충하고, 저는 곤약 먹으면서 살 좀 빼야겠어요.
disk49	NO33	1230	11	二人はオニギリとスキヤキに感激して、はしゃぎながら食べている。	disk49/ｽｷﾔｷ.png	main/linR.png	KO	두 사람은 주먹밥과 스키야키에 감격하며 식사를 즐겼다.
disk49	NO33	1240	12	近くのテ－ブルではクラ－クとヴィンスが、時々二人の様子を見ている。	disk49/ﾃﾝﾅｲ.png	main/linR.png	KO	클라크와 빈스는 간간이 두 사람 쪽을 살폈다.
disk49	NO33	1250	13	ヴィンス「所長、寿司もうまいですが、あのスキヤキもおいしそうですよ。ス－プの匂いが・・・あれ？　いま店に入った客がスシャ－ナの所に・・・」	disk49/ﾃﾝﾅｲ.png	main/ｳｲﾝｽ.png	KO	빈스: 소장님, 초밥도 괜찮지만 저 스키야키도 정말 맛있어 보이는데요. 국물 냄새가... 어? 방금 들어온 남자가 수잔나한테 가는데요?
disk49	NO33	1255	14	クラ－ク「誰だろう？」	disk49/ﾃﾝﾅｲ.png	main/ｸﾗｰｸ.png	KO	클라크: 누구지?
disk49	NO33	1260	15	中年の男性がスシャ－ナに挨拶をしている。	disk49/ﾃﾝﾅｲ.png	main/ｸﾗｰｸ.png	KO	중년 남성이 수잔나에게 인사를 건넸다.
disk49	NO33	1270	16	スシャ－ナ「デビッド、こちらの方はイタリアでの公演のお世話をして頂いているディミ－ル音楽社のディミ－ルさんです」	disk49/ｽｷﾔｷ.png	main/linR.png	KO	수잔나: 데이비드, 이분은 이탈리아 공연을 맡아 도와주고 계신 디미르 음악사의 디미르 씨예요.
disk49	NO33	1280	17	ディミ－ル「ディミ－ルです。日本の音楽関係の方と、ここで会う約束で来たら、スシャ－ナさんとデビッドさんがいたので、びっくりしました。デビッドさんに直接あえるなんて感激です」	disk49/ｽｷﾔｷ.png	disk43/ﾃﾞｲﾐ.png	KO	디미르: 디미르입니다. 일본 음악 관계자와 여기서 만나기로 해서 왔는데, 수잔나 씨와 데이비드 씨가 계셔서 놀랐습니다. 데이비드 씨를 직접 만나다니 감격스럽군요.
disk49	NO33	1290	18	スシャ－ナ「ディミ－ルさん。どうぞお座りになって下さい」	disk49/ｽｷﾔｷ.png	main/linR.png	KO	수잔나: 디미르 씨, 이쪽에 앉으세요.
disk49	NO33	1300	19	ディミ－ル「ロ－マも狭いですね。こんな所で会えるなんて、スペイン広場を見学ですか」	disk49/ｽｷﾔｷ.png	disk43/ﾃﾞｲﾐ.png	KO	디미르: 로마도 좁군요. 이런 곳에서 만나다니, 스페인 광장을 구경하러 오신 겁니까?
disk49	NO33	1310	20	スシャ－ナ「ええ、でも本当の目的は、紋章探しをしていたの」	disk49/ｽｷﾔｷ.png	main/linR.png	KO	수잔나: 네, 그런데 사실은 어떤 문장을 찾으러 다니고 있었어요.
disk49	NO33	1320	21	ディミ－ル「紋章ですか、紋章なら私も趣味で実物のエンブレムから写真や絵など沢山集めています。どのような紋章ですか」	disk49/ｽｷﾔｷ.png	disk43/ﾃﾞｲﾐ.png	KO	디미르: 문장이라고요? 문장이라면 저도 취미로 실제 엠블럼부터 사진이나 그림까지 수집하고 있습니다. 어떤 문장입니까?
disk49	NO33	1330	22	デビッドは布を広げて紋章を見せた。	disk49/ﾓﾝｼｮ.png	disk43/ﾃﾞｲﾐ.png	KO	데이비드는 천을 펼쳐 문장을 보여 주었다.
disk49	NO33	1340	23	デビッド「この紋章ですが、図書館の紋章図鑑で調べても同じものがないので困っている所なんです」	disk49/ﾓﾝｼｮ.png	main/davL.png	KO	데이비드: 이 문장입니다. 도서관의 문장 도감으로 뒤져도 같은 것을 찾지 못해서 곤란하던 참입니다.
disk49	NO33	1350	24	ディミ－ル「私も、このような素晴らしい紋章を見たのは初めてです。どこで手に入れたのですか、よろしければ譲っていただけませんか」	disk49/ﾓﾝｼｮ.png	disk43/ﾃﾞｲﾐ.png	KO	디미르: 저도 이렇게 훌륭한 문장은 처음 보는군요. 어디서 구하신 겁니까? 혹시 괜찮다면 제게 넘겨주실 수 있을까요?
disk49	NO33	1360	25	デビッド「この紋章を使っている家柄を知るまでは手放せないのです。わかれば、お譲りします」	disk49/ﾓﾝｼｮ.png	main/davL.png	KO	데이비드: 이 문장을 사용하는 가문을 찾을 때까지는 드릴 수 없습니다. 알아내면 드리겠습니다.
disk49	NO33	1370	26	ディミ－ル「イギリスの人には・・・ロ－マでは紀元前から人や物を探す時、占い師の所に行くのです。ロ－マの占い師は良く当てますよ」	disk49/ﾓﾝｼｮ.png	disk43/ﾃﾞｲﾐ.png	KO	디미르: 영국 분들에게는 낯설겠지만... 로마에서는 아주 옛날부터 잃어버린 사람이나 물건을 찾을 때 점술가를 찾아가곤 합니다. 로마 점술가들은 꽤 용하거든요.
disk49	NO33	1380	27	デビッド「占いですか・・・」	disk49/ﾓﾝｼｮ.png	main/davL.png	KO	데이비드: 점술 말인가요...
disk49	NO33	1390	28	ディミ－ル「もし行かれるのでしたら、私が良い店を知っていますので、紹介しましょうか・・・」	disk49/ﾓﾝｼｮ.png	disk43/ﾃﾞｲﾐ.png	KO	디미르: 관심 있으시면 제가 괜찮은 곳을 소개해 드리겠습니다...
disk49	NO33	1400	29	スシャ－ナ「占い師に探させるのですね。デビッド、おもしろそうな話ね。遊び半分で行きましょうよ」	disk49/ﾓﾝｼｮ.png	main/linR.png	KO	수잔나: 점술가한테 답을 찾는 거군요. 데이비드, 재미있을 것 같아요. 장난 삼아 한 번 가봐요.
disk49	NO33	1410	30	ディミ－ル「その店はナイト・クラブ［パラダイス］の隣にある路地にあります。ヌシェルの店と言うのですが、評判の占い師ですから、クラブの近くで聞けば、すぐにわかります」	disk49/ﾓﾝｼｮ.png	disk43/ﾃﾞｲﾐ.png	KO	디미르: 나이트클럽 `파라다이스' 옆 골목에 누셸의 가게가 있는데 꽤 유명한 점술가라서 클럽 근처에서 물어보면 금방 찾을 수 있을 겁니다.
disk49	NO33	1420	31	スシャ－ナ「ありがとう、ディミ－ルさん。私達は食事が終わったので、これから、その占い師の所に行きます」	disk49/ﾓﾝｼｮ.png	main/linR.png	KO	수잔나: 고마워요, 디미르 씨. 마침 식사도 끝났으니 지금 바로 가 볼게요.
disk49	NO33	1430	32	ディミ－ル「もし見つかったら、その紋章の入ったハンカチをゆずって下さい」	disk49/ﾓﾝｼｮ.png	disk43/ﾃﾞｲﾐ.png	KO	디미르: 정체를 알아내시면 그 문장이 새겨진 손수건은 꼭 제게 넘겨 주십시오.
disk49	NO33	1440	33	デビッドとスシャ－ナは店を出た。クラ－ク達もその後を追う。	disk49/ﾏﾁﾅｶ.png	disk43/ﾃﾞｲﾐ.png	KO	데이비드와 수잔나가 식당을 나서자, 클라크와 빈스도 곧바로 뒤를 따라갔다.
disk49	NO33	1460	34	クラ－クが話す。	disk49/ﾏﾁﾅｶ.png	disk43/ﾃﾞｲﾐ.png	KO	클라크가 말한다.
disk49	NO33	1460	35	ヴィンスが話す。	disk49/ﾏﾁﾅｶ.png	disk43/ﾃﾞｲﾐ.png	KO	빈스가 말한다.
disk49	NO33	1600	36	ヴィンス「探偵に頼めば良いのに、よりによって占い師の所に行くとは・・・」	disk49/ﾏﾁﾅｶ.png	main/ｳｲﾝｽ.png	KO	빈스: 탐정한테 맡기면 될 텐데, 하필 점쟁이를 찾아가다니...
disk49	NO33	1610	37	クラ－ク「ディミ－ルと言う人物に怪しい所はみられ無いが、偶然に店で会ったり、紋章の話も出来過ぎている。しかし困ったな、後をつけても占い師の店に俺達が入るわけにはいかないしな」	disk49/ﾏﾁﾅｶ.png	main/ｸﾗｰｸ.png	KO	클라크: 디미르라는 인물에게 수상한 점은 보이지 않지만, 우연히 같은 식당에서 만났는데 마침 문장까지 잘 안다는 게 너무 작위적이야. 지금 문제는 뒤쫓아 가도 가게까지 따라 들어갈 수는 없다는 거겠지.
disk49	NO33	1620	38	ヴィンス「ロ－マのナイト・クラブのショ－ではストリップもやっているんでしょう。経験のために、食事をしながらでも見ておきたいものですね」	disk49/ﾏﾁﾅｶ.png	main/ｳｲﾝｽ.png	KO	빈스: 로마 나이트클럽에서는 스트립 쇼도 한다는데요? 경험 삼아 식사하면서 한 번 구경해 보는 것도...
disk49	NO33	1630	39	クラ－ク「あのネオンが［パラダイス］だ。二人が路地に入って行くぞ、くだらない事を言う前に、どこに入るか、見落とさないようにしろ」	disk49/ﾛｼﾞ1.png	main/ｸﾗｰｸ.png	KO	클라크: 저 네온사인이 `파라다이스'네. 둘이 골목으로 들어갔군. 쓸데없는 소리 그만하고 어디로 들어가는지 놓치지 말고 잘 보게.
disk49	NO33	1640	40	デビッドとスシャ－ナは路地に入りヌシェルの店を探している。	disk49/ﾛｼﾞ2.png	main/ｸﾗｰｸ.png	KO	데이비드와 수잔나는 골목으로 들어가 누셸을 찾고 있었다.
disk49	NO33	1700	41	デビッドが話す。	disk49/ﾛｼﾞ2.png	main/ｸﾗｰｸ.png	KO	데이비드가 말한다.
disk49	NO33	1700	42	スシャ－ナが話す。	disk49/ﾛｼﾞ2.png	main/ｸﾗｰｸ.png	KO	수잔나가 말한다.
disk49	NO33	1900	43	スシャ－ナ「路地に入ったら急に暗くなって、強盗でも出そうな所ね」	disk49/ﾛｼﾞ2.png	main/linR.png	KO	수잔나: 골목에 들어오니 갑자기 어두워지네요. 강도라도 나올 것 같아요.
disk49	NO33	1910	44	デビッド「この路地に間違い無い筈だが、どこにもヌシェルの看板は出てないようで・・・」	disk49/ﾛｼﾞ2.png	main/davL.png	KO	데이비드: 이 골목이 틀림없을 텐데, 누셸의 간판은 어디에도 안 보이는데...
disk49	NO33	1920	45	スシャ－ナ「本物の占い師の店は大きな看板を出していないのが普通なの、人の紹介だけしか相手にしないの。大勢の客を観ていたらエネルギ－が落ちてしまうそうよ」	disk49/ﾛｼﾞ2.png	main/linR.png	KO	수잔나: 진짜 용한 점술가들은 원래 큰 간판 같은 건 안 내걸어요. 소개로 찾아온 사람만 받는 경우가 많아요. 너무 많은 사람을 점쳐 주면 힘이 빠진대요.
disk49	NO33	1930	46	デビッド「俺達のように初めて来た人は、どこに店があるのか、わからないから帰ってしまわないかなあ」	disk49/ﾛｼﾞ2.png	main/davL.png	KO	데이비드: 우리처럼 처음 온 사람은 어디에 가게가 있는지 몰라서 그냥 돌아가 버리는 거 아냐?
disk49	NO33	1940	47	スシャ－ナ「大丈夫よ。占い師には力があるから、私達がお店を探しているのを知って、どこかに目印を出してくれるわ。必要の無い客には目印を出さないそうよ」	disk49/ﾛｼﾞ2.png	main/linR.png	KO	수잔나: 괜찮아요. 정말 용한 점술가라면 찾고 있다는 것을 알고 어디엔가 표식을 남겨 줄 거예요. 만나고 싶지 않으면 표식을 남기지 않겠죠.
disk49	NO33	1950	48	デビッド「スシャ－ナは何でも知っているんだな」	disk49/ﾛｼﾞ2.png	main/davL.png	KO	데이비드: 수잔나는 별걸 다 아는구나.
disk49	NO33	1960	49	スシャ－ナ「あったわ、壁に［ヌシェル］と刻んでる。この家よ。デビッド、入りましょう」	disk49/ｲﾘｸﾁ.png	main/linR.png	KO	수잔나: 찾았다, 벽에 `누셸'이라고 새겨져 있어요. 이 집이에요. 데이비드, 어서 들어가요.
disk49	NO33	1970	50	デビッドは壁の字を見た。名刺ぐらいの大きさで刻まれている。スシャ－ナの眼の良さに感心しながらスシャ－ナが開けた入口に入った。	disk49/ｲﾘｸﾁ.png	main/linR.png	KO	자세히 보니 벽에는 명함 정도의 크기로 아주 작게 글자가 새겨 있었다. 데이비드는 수잔나의 눈썰미에 감탄하며 그녀가 연 문으로 들어갔다.
disk49	NO33	10000	80	ＤＡＴＡをＳＡＶＥしますか？　Ｙ／Ｎ	disk49/ｲﾘｸﾁ.png	main/linR.png	KO	
disk49	NO33	10040	86	ドライブ１に、ＳＡＶＥ・ディスクを入れて下さい。	disk49/ｲﾘｸﾁ.png	main/linR.png	KO	
disk49	NO33	10070	88	ドライブ１のディスクが違います。	disk49/ｲﾘｸﾁ.png	main/linR.png	KO	드라이브 1의 디스크가 다릅니다.
disk49	NO33	10110	89	ＳＡＶＥしました。ドライブ１のディスクに、ＭＡＩＮディスクを入れて下さい。	disk49/ｲﾘｸﾁ.png	main/linR.png	KO	
disk49	NO33	10150	91	ドライブ１のディスクが違います。	disk49/ｲﾘｸﾁ.png	main/linR.png	KO	드라이브 1의 디스크가 다릅니다.
disk49	NO34	1000	0	占い師の家の中は黒いカ－テンで包まれ薄暗く、足もとを確かめるようにして二人は奥へと進んだ。	disk49/ｶｰﾃﾝ.png	main/linR.png	KO	점술가의 집 안은 검은 커튼으로 둘러싸여 어두컴컴했고, 두 사람은 발밑을 살피며 안쪽으로 걸어갔다.
disk49	NO34	1010	1	奥から男性の声が流れてきた。	disk49/ｶｰﾃﾝ.png	main/linR.png	KO	안쪽에서 남자의 목소리가 들려왔다.
disk49	NO34	1020	2	「手をのばして触れたカ－テンを開きなさい」	disk49/ｶｰﾃﾝ.png	main/linR.png	KO	"""손을 뻗어 커튼을 여십시오."""
disk49	NO34	1030	3	デビッドは手に触れたカ－テンを、右に開き中を見た。	disk49/ｱｹﾙ.png	main/linR.png	KO	데이비드는 손에 닿은 커튼을 오른쪽으로 젖히고 안을 들여다봤다.
disk49	NO34	1040	4	その中は黒いカ－テンに包まれた部屋で、テ－ブルの上に火のついたロ－ソクしかなく、男性の声の持ち主はいなかった。	disk49/ｱｹﾙ.png	main/linR.png	KO	안은 검은 커튼으로 둘러싸인 방이었고, 테이블 위에는 불이 켜진 촛불만 있을 뿐, 목소리의 주인은 없었다.
disk49	NO34	1050	5	「テ－ブルのそばに来てください」	disk49/ｱｹﾙ.png	main/linR.png	KO	"""테이블 앞으로 오십시오."""
disk49	NO34	1060	6	デビッドとスシャ－ナはテ－ブルのそばにたった。	disk49/ﾛｰｿｸ.png	main/linR.png	KO	두 사람은 테이블로 다가갔다.
disk49	NO34	1070	7	「よくいらっしゃいました。私が占い師のミケ－ルです」	disk49/ﾛｰｿｸ.png	main/linR.png	KO	"""어서 오십시오. 제가 점술가 미케르입니다."""
disk49	NO34	1080	8	ロ－ソクの炎がミケ－ルの言葉と共にゆれる。二人にはロ－ソクが話をしているよに思えた。	disk49/ﾛｰｿｸ.png	main/linR.png	KO	미케르의 목소리가 들릴 때마다 촛불이 일렁거렸다. 마치 그 촛불 자체가 말을 하고 있는 것처럼 보였다.
disk49	NO34	1100	9	スシャ－ナが話す。	disk49/ﾛｰｿｸ.png	main/linR.png	KO	수잔나가 말한다.
disk49	NO34	1100	10	ミケ－ルが話す。	disk49/ﾛｰｿｸ.png	main/linR.png	KO	미케르가 말한다.
disk49	NO34	1230	11	スシャ－ナが話す。	disk49/ﾛｰｿｸ.png	main/linR.png	KO	수잔나가 말한다.
disk49	NO34	1250	12	デビッドが話す。	disk49/ﾛｰｿｸ.png	main/linR.png	KO	데이비드가 말한다.
disk49	NO34	1300	13	ミケ－ル「貴方達は人を探しに来たようですね」	disk49/ﾛｰｿｸ.png	main/linR.png	KO	미케르: 두 분은 누군가를 찾으러 오셨군요.
disk49	NO34	1310	14	スシャ－ナ「デビッド、何も言ってないのに、なぜ、わかったのかしら・・・」	disk49/ﾛｰｿｸ.png	main/linR.png	KO	수잔나: 데이비드, 우리는 아무 말도 하지 않았는데 어떻게 알았을까요...
disk49	NO34	1320	15	ミケ－ル「私はただの占い師とは違う！　暗黒の魔術が使える魔導師だ」	disk49/ﾛｰｿｸ.png	main/linR.png	KO	미케르: 난 흔한 점술가가 아닌, 암흑의 마술을 다루는 마도사다.
disk49	NO34	1330	16	デビッドは暗黒の魔術と聞き一瞬これは夢かと疑った。	disk49/ﾛｰｿｸ.png	main/linR.png	KO	암흑의 마술이라는 말을 듣는 순간, 데이비드는 또 꿈을 꾸고 있는 게 아닌지 의심했다.
disk49	NO34	1340	17	スシャ－ナ「デビッド！　私、怖くなってきたわ。どうしょう・・・」	disk49/ﾛｰｿｸ.png	main/linR.png	KO	수잔나: 데이비드! 저 무서워지기 시작했어요. 어떻게 하죠...
disk49	NO34	1350	18	ミケ－ル「何も怖がる事は無い。探し人の年齢と名前を言って下さればいいのです。もし、その人の所持品などあればテ－ブルの上に置いて下さい」	disk49/ﾛｰｿｸ.png	main/linR.png	KO	미케르: 겁낼 필요 없습니다. 찾으려는 사람의 이름과 나이를 말씀해 주십시오. 그 사람의 물건이 있다면 이 테이블 위에 올려 주십시오.
disk49	NO34	1360	19	デビッドは、紋章の布をテ－ブルの上に広げて言った。	disk49/ﾓﾝｼｮ.png	main/linR.png	KO	데이비드는 문장이 새겨진 천을 테이블 위에 펼치며 말했다.
disk49	NO34	1370	20	デビッド「この布に画かれた紋章の持ち主を知りたいのです。その人については、何も知らないので、お答え出来ません」	disk49/ﾓﾝｼｮ.png	main/linR.png	KO	데이비드: 이 천에 새겨진 문장의 주인이 누구인지 알고 싶습니다. 그 사람에 대해서는 아무것도 모르기에 따로 말씀드릴 게 없습니다.
disk49	NO34	1380	21	ミケ－ル「この布以外に何か・・・」	disk49/ﾓﾝｼｮ.png	main/linR.png	KO	미케르: 이 천 말고 다른 정보는 없습니까?
disk49	NO34	1390	22	スシャ－ナ「紋章だけでは無理でしょうか・・・」	disk49/ﾓﾝｼｮ.png	main/linR.png	KO	수잔나: 문장만으로는 무리인가 보네요...
disk49	NO34	1400	23	ミケ－ル「黙れ！　女！　暗黒の魔術を駆使すればたやすい事だが、その術を使う事で俺の生命の灯火が又一つ消えてしまうのだ」	disk49/ﾛ3.png	main/linR.png	KO	미케르: 닥쳐라, 계집아! 암흑의 마술을 사용한다면 어렵지 않은 일이다. 하지만 그 술법을 사용할 때마다 내 생명의 불꽃이 하나씩 꺼져 간다.
disk49	NO34	1410	24	スシャ－ナ「お金なら持っています。いくらですか」	disk49/ﾛ3.png	main/linR.png	KO	수잔나: 돈이라면 충분히 있어요. 얼마면 되죠?
disk49	NO34	1420	25	ミケ－ル「俺の命を金で売れと言うのか・・・金なら掃いて捨てる程あるわい。他人の命の貴さも判らない人間に・・・魔術を使うのはやめだ！　帰れ！」	disk49/ﾛ3.png	main/linR.png	KO	미케르: 내 목숨을 돈으로 팔라는 것이냐... 돈이라면 썩어 넘칠 만큼 있다! 남의 목숨이 소중한지도 모르는 자들을 위해... 마술을 쓸 생각은 없다. 돌아가라!
disk49	NO34	1425	26	テ－ブルの上のロ－ソクの炎が激しくゆれる。	disk49/ﾛ4.png	main/linR.png	KO	테이블 위의 촛불이 거칠게 일렁거렸다.
disk49	NO34	1430	27	スシャ－ナ「ミケ－ルさん、貴方も暗黒の魔導師なら私達を見て断われるのでしょうか・・・」	disk49/ﾛ4.png	main/linR.png	KO	수잔나: 미케르 씨, 당신이 암흑의 마도사라면 우리를 직접 보고도 거절할 수 있을까요...?
disk49	NO34	1440	28	黒いカ－テンがゆれる。ミケ－ルがスシャ－ナとデビッドを見ているようだ。	disk49/ｶｰﾃﾝ.png	main/linR.png	KO	정면의 검은 커튼이 살짝 흔들렸다. 미케르가 두 사람을 직접 보고 있는 듯했다.
disk49	NO34	1445	29	「あっ・・・」ミケ－ルが声を上げた。	disk49/ｶｰﾃﾝ.png	main/linR.png	KO	"""앗...""
미케르가 놀란 듯 신음했다."
disk49	NO34	1450	30	ミケ－ル「失礼をしました。これより魔導師として暗黒の魔術を行います」	disk49/ｶｰﾃﾝ.png	main/linR.png	KO	미케르: 무례를 용서하십시오. 지금부터 마도사로서 암흑의 마술을 행하겠습니다.
disk49	NO34	1460	31	デビッドはミケ－ルの変わりように驚き、スシャ－ナに聞こうとした時、ミケ－ルの言葉にさえぎられてしまつた。	disk49/ｶｰﾃﾝ.png	main/linR.png	KO	갑자기 태도가 돌변한 미케르에 놀란 데이비드는 수잔나에게 이유를 물으려 했지만 미케르가 먼저 말을 이었다.
disk49	NO34	1470	32	ミケ－ル「これより布に残された残留思念をたぐり、その思念を追い求めてみますが、私の力では、とても無理な事ですので、お二人の波動の力をお借りしなければなりません」	disk49/ﾛｰｿｸ.png	main/linR.png	KO	미케르: 이제부터 이 천에 남아 있는 잔류사념을 따라가 그 흔적을 추적하겠습니다. 하지만 제 힘만으로는 부족하니, 두 분에게서 나오는 파동의 힘을 빌려 주십시오.
disk49	NO34	1480	33	スシャ－ナ「波動の力？　良くわからないけど、紋章の謎が解けるのでしたら、どうぞ」	disk49/ﾛｰｿｸ.png	main/linR.png	KO	수잔나: 파동의 힘? 잘 모르겠지만 문장의 비밀을 풀 수 있다면 마음대로 하세요.
disk49	NO34	1490	34	ミケ－ル「ありがとうございます。私は残留思念と共に行動して、貴方達に私の思念で情報をお送りいたします」	disk49/ﾛｰｿｸ.png	main/linR.png	KO	미케르: 감사합니다. 저는 잔류사념을 따라가면서 두 분에게 제 사념으로 정보를 전달하겠습니다.
disk49	NO34	1500	35	ミケ－ル「つまらぬ雑念を捨て、私の思念を受けられるように心を広げていて下さい。では・・・」	disk49/ﾛｰｿｸ.png	main/linR.png	KO	미케르: 쓸데없는 잡념을 버리고 제 사념을 받을 수 있도록 마음을 열어 두십시오. 그럼 시작합니다...
disk49	NO34	1510	36	ミケ－ルの言葉が聞こえなくなった時、デビッドは心が重くなるように感じてきた。これがミケ－ルの思念かと思えた。	disk49/ｶｰﾃﾝ.png	main/linR.png	KO	미케르의 목소리가 끊기자, 데이비드는 마음이 짓눌리는 듯한 무거움을 느꼈다. 이것이 미케르의 사념인가라고 생각했다.
disk49	NO34	1520	37	デビッドは心の重さに思念を集中しているが、何も変化が起きない。そのうちに、立っているのが、きつくなる程の疲れを感じてきた。	disk49/ｶｰﾃﾝ.png	main/linR.png	KO	데이비드는 그 무거운 감각에 정신을 집중했지만, 아무 일도 일어나지 않았다. 그러다 점차 서 있는 것조차 버거울 정도로 엄청난 피로가 몰려왔다.
disk49	NO34	1530	38	ミケ－ルの声がする。デビッドの耳からでなく、心の中に届いた思念を頭の中で言葉にしているような感じで聞こえる。	disk49/ｶｰﾃﾝ.png	main/linR.png	KO	미케르의 목소리가 들려왔다. 귀로 들리는 소리가 아니었다. 마음속으로 흘러든 사념이 머릿속에서 말로 바뀌는 듯했다.
disk49	NO34	1540	39	ミケ－ル「奴の祖先は魔王様を裏切った仲間です。その報酬として神の国で永遠の幸を貰っていますが、暗黒の復讐を恐れ紋章も人に知れないように伝えられています」	disk49/ﾛｰｿｸ.png	main/linR.png	KO	미케르: 놈의 조상은 마왕님을 배신했던 자입니다. 그 대가로 신의 나라에서 부귀영화를 얻었지만, 암흑의 복수를 두려워해 이 문장도 남들의 눈을 피해 은밀히 전해 내려왔습니다.
disk49	NO34	1550	40	ミケ－ル「奴の残留思念が分かりましたので、これから追い求めてみましょう」	disk49/ﾛｰｿｸ.png	main/linR.png	KO	미케르: 놈의 잔류사념을 알아냈으니, 지금부터 추적해 보겠습니다.
disk49	NO34	1560	41	デビッドはこれは夢だと確信したが、いつもの悪夢と違い、もっと見ていたい気持ちになっていた。	disk49/ﾛｰｿｸ.png	main/linR.png	KO	데이비드는 이것은 꿈이라고 확신했지만, 평소의 악몽과는 달라 좀 더 지켜보고 싶다는 기분이 들었다.
disk49	NO34	1562	42	ミケ－ル「見えますか・・・」	disk49/ｼﾛ3.png	main/linR.png	KO	미케르: 보이십니까...?
disk49	NO34	1564	43	ミケ－ル「この建物が思念に浮かんでいます」	disk49/ｼﾛ2.png	main/linR.png	KO	미케르: 이 건물이 사념 속에 떠오르고 있습니다.
disk49	NO34	1570	44	ミケ－ル「見えますか・・・この豪華な建物が紋章を受け伝えている家です。場所を確認して戻ります」	disk49/ｼﾛ1.png	main/linR.png	KO	미케르: 보이십니까...? 저 호화로운 저택이 바로 이 문장을 대대로 이어받은 가문입니다. 위치를 확인했으니 돌아가겠습니다.
disk49	NO34	1580	45	デビッドは頭の中に描かれた豪華な建物を見た。城のような建物だと・・・	disk49/ｼﾛ1.png	main/linR.png	KO	데이비드는 머릿속에 그려진 호화로운 건물을 바라봣다. 성처럼 보이는 저택을...
disk49	NO34	1583	46	映像が薄らいで消えた。	disk49/ｶｰﾃﾝ.png	main/linR.png	KO	영상은 점점 흐려지더니 완전히 사라졌다.
disk49	NO34	1590	47	デビッドの耳からミケ－ルの声が聞こえる。	disk49/ｶｰﾃﾝ.png	main/linR.png	KO	미케르의 목소리가 데이비드의 귀를 통해 들려왔다.
disk49	NO34	1600	48	ミケ－ル「これが私の力の全てです。お役に立てたでしょうか」	disk49/ｶｰﾃﾝ.png	main/linR.png	KO	미케르: 제가 할 수 있는 것은 여기까지입니다. 도움이 되셨습니까?
disk49	NO34	1610	49	スシャ－ナ「その城のような建物に行けるように地図を書いて下さい」	disk49/ｶｰﾃﾝ.png	main/linR.png	KO	수잔나: 그 성 같은 저택에 갈 수 있도록 지도를 그려 주세요.
disk49	NO34	1620	50	正面の黒いカ－テンがゆれ、その隙間から紙が出てきた。スシャ－ナはそれを受け取り、バックから多額の金を渡している。	disk49/ｶｰﾃﾝ.png	main/linR.png	KO	정면의 검은 커튼이 흔들리더니, 그 틈에서 종이가 나왔다. 수잔나는 그것을 받고, 가방에서 상당한 액수의 돈을 꺼내 건넸다.
disk49	NO34	1630	51	スシャ－ナ「デビッド、用は済んだわ。帰りましょう」	disk49/ｶｰﾃﾝ.png	main/linR.png	KO	수잔나: 데이비드, 이제 볼일은 끝났어요. 돌아가요.
disk49	NO34	1640	52	デビッドはスシャ－ナに手を握られた時、生々しい夢だと苦笑した。	disk49/ｶｰﾃﾝ.png	main/linR.png	KO	수잔나가 손을 잡자, 지독하게 생생한 꿈이라고 생각하며 쓴웃음을 지었다.
disk49	NO34	10000	88	ＤＡＴＡをＳＡＶＥしますか？　Ｙ／Ｎ	disk49/ｶｰﾃﾝ.png	main/linR.png	KO	
disk49	NO34	10040	94	ドライブ１に、ＳＡＶＥ・ディスクを入れて下さい。	disk49/ｶｰﾃﾝ.png	main/linR.png	KO	
disk49	NO34	10070	96	ドライブ１のディスクが違います。	disk49/ｶｰﾃﾝ.png	main/linR.png	KO	드라이브 1의 디스크가 다릅니다.
disk49	NO34	10110	97	ＳＡＶＥしました。ドライブ１のディスクに、ＭＡＩＮディスクを入れて下さい。	disk49/ｶｰﾃﾝ.png	main/linR.png	KO	
disk49	NO34	10150	99	ドライブ１のディスクが違います。	disk49/ｶｰﾃﾝ.png	main/linR.png	KO	드라이브 1의 디스크가 다릅니다.
disk49	NO35	1000	0	ミケ－ルの家を出たデビッドは、路地の陽射しを眼にした時、太陽の直射日光を浴びたように感じて、しばらくは眼を開けられなかった。	disk49/ｲﾘｸﾁ.png	main/linR.png	KO	미케르의 집을 나오자, 골목의 햇빛이 눈을 찔렀다. 마치 직사광선을 정면으로 받은 것처럼 눈을 뜰 수 없었다.
disk49	NO35	1010	1	すぐに明かるさに慣れ路地の景色を見る事で、ミケ－ルの魔術が夢でなかった事を知らされた。	disk49/ｲﾘｸﾁ.png	main/linR.png	KO	곧 빛에 익숙해져 골목의 풍경이 보이자, 방금 미케르의 마술이 꿈이 아니었다는 사실을 실감했다.
disk49	NO35	1030	2	デビッドが話す。	disk49/ｲﾘｸﾁ.png	main/linR.png	KO	데이비드가 말한다.
disk49	NO35	1030	3	スシャ－ナが話す。	disk49/ｲﾘｸﾁ.png	main/linR.png	KO	수잔나가 말한다.
disk49	NO35	1200	4	スシャ－ナ「ミケ－ルが書いてくれた地図の場所に行ってみる？・・・」	disk49/ﾛｼﾞ2.png	main/linR.png	KO	수잔나: 미케르가 지도에 표시해 준 곳으로 가볼까요?
disk49	NO35	1210	5	デビッド「もちろん行くさ・・・その前に気になる事があるんだ。ミケ－ルが怒って帰れと言った後、スシャ－ナの言葉でミケ－ルが急に態度が変わっただろう。どうして何だ？」	disk49/ﾛｼﾞ2.png	main/davL.png	KO	데이비드: 물론 가야지... 그 전에 하나 궁금한 게 있어. 아까 미케르가 화를 내면서 나가라고 했다가 수잔나의 말을 듣고 갑자기 태도를 바꿨잖아. 왜 그런 거야?
disk49	NO35	1220	6	スシャ－ナ「今のデビッドはロ－マでも最高の人気歌手よ。今朝の新聞にも大きく出てたでしょう。デビッドの事を知らない人はいないわ」	disk49/ﾛｼﾞ2.png	main/linR.png	KO	수잔나: 지금 데이비드는 로마에서도 최고 인기 가수잖아요. 오늘 아침 신문에도 크게 실렸으니, 당신을 모르는 사람은 없을 거예요.
disk49	NO35	1230	7	スシャ－ナ「でも本人が眼の前にいても、意外に気づかないものよ。だから歌手のデビッドだと教えて上げたの、ミケ－ルはデビッドを占ったと自慢できるから喜んでいたわ」	disk49/ﾛｼﾞ2.png	main/linR.png	KO	수잔나: 하지만 유명인이 눈앞에 있어도 의외로 알아차리지 못하는 법이죠. 그래서 가수 데이비드라고 알려 준 거예요. 미케르는 당신의 점을 봐줬다고 자랑할 수 있으니 기뻐했던 거고.
disk49	NO35	1235	8	デビッドはその説明には何となく釈然としないものを感じたが、会話をつづけた	disk49/ﾛｼﾞ2.png	main/linR.png	KO	데이비드는 그 설명이 어딘가 석연치 않았지만, 더 캐묻지 않고 말을 이어 갔다.
disk49	NO35	1240	9	デビッド「そんなものかな？　でも魔術を使われた時は、俺は夢を見ているような感じだつたよ。スシャ－ナは疲れなかった？　俺なんだかエネルギ－を抜かれたみたいで・・・」	disk49/ﾛｼﾞ2.png	main/davL.png	KO	데이비드: 그런가? 하지만 마술을 당했을 때는 꿈속에 있는 것 같았어. 수잔나는 피곤하지 않아? 나는 기운을 다 빨린 것 같았는데...
disk49	NO35	1250	10	スシャ－ナ「私は平気だけど、デビッドの顔色は少し・・・ホテルに戻りましょうか・・・」	disk49/ﾛｼﾞ2.png	main/linR.png	KO	수잔나: 전 괜찮아요. 그런데 데이비드의 안색이 안 좋아 보여요... 호텔로 돌아갈까요?
disk49	NO35	1255	11	デビッド「ここまで来たんだ。紋章の持ち主が判るまで頑張るよ。あそこにタクシ－が止まっている。あれで行こう」	disk49/ﾛｼﾞ2.png	main/davL.png	KO	데이비드: 여기까지 왔는데, 문장의 주인이 누구인지 알 때까지 힘내 볼게. 마침 저기 택시가 있네. 저걸 타자.
disk49	NO35	1260	12	二人はタクシ－に乗った。	disk49/ﾏﾁﾅｶ.png	main/davL.png	KO	두 사람은 택시에 탔다.
disk49	NO35	1270	13	タクシ－が走り去った後を、クラ－クとヴィンスが走りながらタクシ－を探している。	disk49/ﾏﾁﾅｶ.png	main/davL.png	KO	택시가 떠난 뒤, 클라크와 빈스가 달리면서 다급히 택시를 찾았다.
disk49	NO35	1280	14	デビッド達が乗ったタクシ－が見えなくなりそうになった時、クラ－ク達は、ようやくタクシ－に乗る事ができた。	disk49/ﾏﾁﾅｶ.png	main/davL.png	KO	두 사람의 택시가 시야에서 사라지기 직전에 두 탐정도 간신히 택시를 잡아탔다.
disk49	NO35	1300	15	クラ－クが話す。	disk49/ﾏﾁﾅｶ.png	main/davL.png	KO	클라크가 말한다.
disk49	NO35	1300	16	ヴィンスが話す。	disk49/ﾏﾁﾅｶ.png	main/davL.png	KO	빈스가 말한다.
disk49	NO35	1500	17	ヴィンス「運転手さん、ずっと先を走るタクシ－を追って下さい」	disk49/ﾀｸｼｰ.png	main/ｳｲﾝｽ.png	KO	빈스: 기사님, 저 앞에 가는 택시를 계속 따라가 주세요.
disk49	NO35	1510	18	幸いな事にデビッド達の乗ったタクシ－との間に走っている車は乗用車ばかりで、タクシ－が一台もなかった。	disk49/ﾀｸｼｰ.png	main/ｳｲﾝｽ.png	KO	다행히 두 사람의 택시와 그들 사이를 달리는 차는 승용차뿐이었고, 택시는 한 대도 없었다.
disk49	NO35	1520	19	クラ－ク「運転手に言え！　もっとスピ－ドを上げろと、もたもた走っていると、すぐに他の車が割り込んできやがる。ロ－マには交通規則がないのか」	disk49/ﾀｸｼｰ.png	main/ｸﾗｰｸ.png	KO	클라크: 기사한테 더 밟으라고 하게! 이렇게 꾸물거리다간 다른 차가 계속 끼어든다고! 로마에는 교통법규라는 게 없는 건가?
disk49	NO35	1530	20	ヴィンス「ホテルから、どんどん離れて行きますよ。どこに行くつもりでしょうか」	disk49/ﾀｸｼｰ.png	main/ｳｲﾝｽ.png	KO	빈스: 호텔에서 계속 멀어지고 있어요. 어디로 갈 생각일까요?
disk49	NO35	1540	21	クラ－ク「タクシ－はテベレ川に向かっている。サン・ピエトロ大寺院があるバチカン市に行くつもりかも知れない」	disk49/ﾀｸｼｰ.png	main/ｸﾗｰｸ.png	KO	"클라크: 테베레강 쪽으로 가고 있군. 어쩌면 산 피에트로 대성당이 있는 바티칸 시국으로 가려는 걸지도 모르지."
disk49	NO35	1550	22	ヴィンス「バチカン市は世界一小さい独立国で、神の国とか、精神の王国と言われ、カトリック教会の総本山でしょう。ロ－マ法王は世界を動かす力をもっていると聞いてますが・・・」	disk49/ﾀｸｼｰ.png	main/ｳｲﾝｽ.png	KO	빈스: 바티칸 시국은 세계에서 가장 작은 독립국으로 신의 나라라든가 정신의 왕국이라고 불리며 가톨릭교회의 총본산이죠. 로마 교황은 세계를 움직이는 힘을 가지고 있다고 들었습니다만...
disk49	NO35	1560	23	クラ－ク「ヴィンス君、なかなか物知りだな。バチカン市国は０．４４平方Ｋｍしかないが、世界中に１００以上の大使館を出している大金持ちの国なのだ」	disk49/ﾀｸｼｰ.png	main/ｸﾗｰｸ.png	KO	클라크: 빈스 군, 제법 박식하군. 바티칸 시국은 0.44제곱킬로미터밖에 안 되지만, 전 세계에 100곳 이상의 대사관을 두고 있는 굉장한 부국이지.
disk49	NO35	1570	24	ヴィンス「サンタンジェロ橋を渡りました。所長の言った通りサン・ピエトロ大寺院に行くようです」	disk49/ﾋﾛﾊﾞ.png	main/ｳｲﾝｽ.png	KO	빈스: 산탄젤로 다리를 건넜습니다. 소장님 말씀대로 산 피에트로 대성당으로 가는 것 같습니다.
disk49	NO35	1580	25	クラ－ク「変だ？　タクシ－がサン・ピエトロ広場を通り越した。サン・ピエトロ大寺院やバチカン宮殿を見学するのには、ここで降りるのだが・・・」	disk49/ﾋﾛﾊﾞ.png	main/ｸﾗｰｸ.png	KO	클라크: 이상한데? 택시가 산 피에트로 광장을 지나쳤어. 대성당이나 바티칸 궁전을 구경하려면 여기서 내려야 할 텐데...
disk49	NO35	1590	26	ヴィンス「バチカン博物館を通り過ぎました。デビッドのタクシ－はスピ－ドをあげています」	disk49/ｷﾕﾃﾝ.png	main/ｳｲﾝｽ.png	KO	빈스: 바티칸 박물관도 지나쳤습니다. 데이비드의 택시가 속도를 올리고 있어요.
disk49	NO35	1600	27	クラ－ク「ここはレオナルド・ダビンチで知られているオッタビア－ノの町だ」	disk49/ｷﾕﾃﾝ.png	main/ｸﾗｰｸ.png	KO	클라크: 여기는 레오나르도 다빈치로 알려진 오타비아노 거리군.
disk49	NO35	1610	28	ヴィンス「タクシ－が、また曲がりました。どこに行くのか見当もつきません」	disk49/ｷﾕﾃﾝ.png	main/ｳｲﾝｽ.png	KO	빈스: 택시가 또 꺾었습니다. 어디로 가는지 짐작도 안 됩니다.
disk49	NO35	1620	29	クラ－ク「やっとタクシ－が止まった。二人は降りて歩いて行くが、タクシ－は停車したままだ。待たせているのかな？　しばらく車の中で様子を見よう」	disk49/ﾀｸﾏﾁ.png	main/ｸﾗｰｸ.png	KO	클라크: 드디어 멈췄구나. 둘은 내려서 걸어가는데 택시는 그대로 있군. 돌아올 때까지 기다리라고 한 모양일세. 우리도 여기서 잠깐 지켜보지.
disk49	NO35	1630	30	デビッドとスシャ－ナがタクシ－から降りて、辺りを見回している。	disk49/ｼﾛ.png	main/ｸﾗｰｸ.png	KO	데이비드와 수잔나가 택시에서 내려 주위를 둘러봤다.
disk49	NO35	1650	31	デビッドが話す。	disk49/ｼﾛ.png	main/ｸﾗｰｸ.png	KO	데이비드가 말한다.
disk49	NO35	1650	32	スシャ－ナが話す。	disk49/ｼﾛ.png	main/ｸﾗｰｸ.png	KO	수잔나가 말한다.
disk49	NO35	1800	33	スシャ－ナ「デビッド！　この建物よ！」	disk49/ｼﾛ.png	main/linR.png	KO	수잔나: 데이비드! 이 건물이에요!
disk49	NO35	1810	34	デビッド「間違いない。この城のような建物だ。ミケ－ルの魔術は本物だったのだ」	disk49/ｼﾛ.png	main/davL.png	KO	데이비드: 틀림없어. 바로 그 성 같은 저택이야. 미케르의 마술은 진짜였어.
disk49	NO35	1820	35	スシャ－ナ「どこかに紋章がないかしら、ミケ－ルはこの家の紋章は秘密にされ伝えられていると言っていたけど、これだけの建物を建てながら、紋章をつけていない訳はないわ・・・」	disk49/ｼﾛ.png	main/linR.png	KO	수잔나: 어딘가에 문장이 있지 않을까요? 미케르는 이 가문의 문장이 비밀리에 전해지고 있다고 했지만, 이만한 건물을 지어 놓고 문장을 새기지 않았을 리는 없을 거예요.
disk49	NO35	1830	36	二人は建物の回りを調べながら歩いている。	disk49/ｼﾛﾓﾝ.png	main/linR.png	KO	두 사람은 건물 주위를 조사하며 걸었다.
disk49	NO35	1840	37	デビッド「スシャ－ナ！　あったよ！　門柱のすみに布の紋章と同じ大きさの紋章が刻まれている」	disk49/ｼﾛﾓﾝ.png	main/davL.png	KO	데이비드: 수잔나! 찾았어! 문기둥 구석에 천의 문장과 똑같은 문장이 새겨져 있어.
disk49	NO35	1850	38	スシャ－ナ「本当！　色は付けられていないけど、同じ形ね。大きな門柱に小さな紋章では誰も気ずかなかったのかも知れないわ」	disk49/ｼﾛﾓﾝ.png	main/linR.png	KO	수잔나: 정말이네요! 색은 없지만, 모양이 완전히 똑같아요. 이렇게 큰 문기둥 구석에 작게 새겨져 있으니 아무도 눈치채지 못했던 모양이에요.
disk49	NO35	1860	39	スシャ－ナ「デビッド、紋章の家が見つかって良かったわね。魔王という言葉もミケ－ルの話の中で出てたのだから、夢の老人も喜んでいる筈よ」	disk49/ｼﾛﾓﾝ.png	main/linR.png	KO	수잔나: 데이비드, 문장의 주인을 찾아서 다행이에요. 미케르가 마왕이라고 말을 했으니, 꿈속의 노인도 기뻐할 거예요.
disk49	NO35	1870	40	デビッド「表札に書かれている字はダミエル・ホルカイと読むのかな」	disk49/ｼﾛﾓﾝ.png	main/davL.png	KO	데이비드: 문패에 다미엘 홀카이라고 적혀 있는 건가?
disk49	NO35	1872	41	デビッドはどこかで聞いたような名前だと思ったが、思いだせなかった。	disk49/ｼﾛﾓﾝ.png	main/davL.png	KO	데이비드는 왠지 낯익은 이름이라 느꼈지만, 자세히 기억이 나지 않았다.
disk49	NO35	1875	42	デビッド「これで全てが終わった筈だ。スシャ－ナがいなかったら今夜も老人に悩まされてた筈だ。これで安心してホテルに帰れるよ」	disk49/ｼﾛﾓﾝ.png	main/davL.png	KO	데이비드: 이제 다 끝난 거겠지. 수잔나가 없었다면 오늘 밤도 노인에게 시달렸을 거야. 이제 안심하고 호텔로 돌아갈 수 있겠어.
disk49	NO35	1880	43	二人は待たせていたタクシ－に乗りホテルに向かった。	disk49/ｼﾛ.png	main/davL.png	KO	두 사람은 기다리고 있던 택시를 타고 호텔로 돌아갔다.
disk49	NO35	1900	44	クラ－クが話す。	disk49/ｼﾛ.png	main/davL.png	KO	클라크가 말한다.
disk49	NO35	1900	45	ヴィンスが話す。	disk49/ｼﾛ.png	main/davL.png	KO	빈스가 말한다.
disk49	NO35	2000	46	ヴィンス「二人を乗せたタクシ－が走りだした。どうしますか」	disk49/ｼﾛ.png	main/ｳｲﾝｽ.png	KO	빈스: 둘이 탄 택시가 출발합니다. 어떻게 하죠?
disk49	NO35	2010	47	クラ－ク「俺は降りて二人がいた門柱を調べてホテルに戻るから、君は二人のタクシ－を追え！」	disk49/ｼﾛ.png	main/ｸﾗｰｸ.png	KO	클라크: 나는 내려서 두 사람이 살피던 문기둥을 조사한 뒤 호텔로 돌아갈 테니, 자네는 두 사람의 택시를 따라가게!
disk49	NO35	2020	48	クラ－クはタクシ－から降りた。ヴィンスを乗せたタクシ－は、デビッド達のタクシ－を追う。	disk49/ｼﾛ.png	main/ｸﾗｰｸ.png	KO	클라크가 택시에서 내리자, 빈스를 태운 택시는 두 사람의 택시를 뒤쫓았다.
disk49	NO35	2030	49	クラ－クは門柱のそばに行き、二人が調べていた所を見ている。	disk49/ｼﾛﾓﾝ.png	main/ｸﾗｰｸ.png	KO	클라크는 문기둥 곁으로 가서 두 사람이 살폈던 곳을 조사했다.
disk49	NO35	2040	50	クラ－ク「この柱に刻まれた紋章は、あの布に画かれていた紋章と同じだ。占い師が教えたのか・・・」	disk49/ｼﾛﾓﾝ.png	main/ｸﾗｰｸ.png	KO	클라크: 이 기둥에 새겨진 문장은 그 천의 것과 똑같군. 점쟁이가 알려 준 건가...
disk49	NO35	3000	51	ＣＤ－ＲＯＭよりＤＡＴＡの読み込みを始めます。ＨＩＴ　ＡＮＹ　ＫＥＹ	disk49/ｼﾛﾓﾝ.png	main/ｸﾗｰｸ.png	KO	CD-ROM에서 데이터 읽습니다. 아무 키나 눌러주세요.
disk49	NO35	3010	52	　　　　　　　　ＣＤ－ＲＯＭよりＤＡＴＡを読み込み中	disk49/ｼﾛﾓﾝ.png	main/ｸﾗｰｸ.png	KO	데이터를 읽는 중...
disk49	NO35	10000	95	ＤＡＴＡをＳＡＶＥしますか？　Ｙ／Ｎ	disk49/ｼﾛﾓﾝ.png	main/ｸﾗｰｸ.png	KO	
disk49	NO35	10040	101	ドライブ１に、ＳＡＶＥ・ディスクを入れて下さい。	disk49/ｼﾛﾓﾝ.png	main/ｸﾗｰｸ.png	KO	
disk49	NO35	10070	103	ドライブ１のディスクが違います。	disk49/ｼﾛﾓﾝ.png	main/ｸﾗｰｸ.png	KO	드라이브 1의 디스크가 다릅니다.
disk49	NO35	10110	104	ＳＡＶＥしました。ドライブ１のディスクに、ＭＡＩＮディスクを入れて下さい。	disk49/ｼﾛﾓﾝ.png	main/ｸﾗｰｸ.png	KO	
disk49	NO35	10150	106	ドライブ１のディスクが違います。	disk49/ｼﾛﾓﾝ.png	main/ｸﾗｰｸ.png	KO	드라이브 1의 디스크가 다릅니다.
disk50	NO36	300	0	デヒッドが話す。			KO	데이비드가 말한다.
disk50	NO36	300	1	アランが話す。			KO	앨런이 말한다.
disk50	NO36	300	2	マ－チンが話す。			KO	마틴이 말한다.
disk50	NO36	300	3	アンドリュ－が話す。			KO	앤드류가 말한다.
disk50	NO36	300	4	スシャ－ナが話す。			KO	수잔나가 말한다.
disk50	NO36	1000	5	ホテルに戻ったデヒッドは、服を着たままベッドの上で寝ていた。	disk50/ﾍﾞｯﾄ.png		KO	호텔로 돌아온 데이비드는 옷도 갈아입지 않은 채 침대 위에 쓰러져 잠들어 있었다.
disk50	NO36	1010	6	占い師ミケ－ルからエネルギ－を抜かれた気分になっていたデヒッドは、アランから電話で呼ばれた時には、少し気分が良くなっていた。	disk50/ﾍﾞｯﾄ.png		KO	미케르의 마술에 기운을 빼앗긴 데이비드는 앨런의 전화로 깨어날 무렵에는 조금 상태가 나아졌다.
disk50	NO36	1020	7	デヒッドがロビ－に降りると、メンバ－の全員とスシャ－ナもいた。	disk50/ﾛﾋﾞｰ.png		KO	로비로 내려가 보니, 멤버들과 수잔나가 모두 모여 있었다.
disk50	NO36	1300	8	アンドリュ－「よう！　気分はどうだ？　顔色は普通だし大丈夫のようだな」	disk50/ﾛﾋﾞｰ.png	main/andL.png	KO	앤드류: 데이비드, 몸은 좀 어때? 안색이 좋은 거 보니 괜찮은 것 같네.
disk50	NO36	1310	9	アラン「明日のコンサ－トの事だけど、曲の順番を入れ替えようと皆で相談していたんだ」	disk50/ﾛﾋﾞｰ.png	main/alnL.png	KO	앨런: 내일 공연 말인데, 곡 순서를 좀 바꾸자고 상의하고 있었어.
disk50	NO36	1320	10	スシャ－ナ「デヒッドの歌にパワ－が有過ぎて、観客がノリ過ぎるから少し押さえぎみにしたいの」	disk50/ﾛﾋﾞｰ.png	main/linR.png	KO	수잔나: 데이비드 노래가 강해서 관객들이 너무 흥분하니까 조금 차분하게 끌고 가는 게 좋을 것 같아요.
disk50	NO36	1330	11	アラン「よそのバンドが聞いたら、バカな話だと思うかも知れないが、このまま続ければケガ人が出そうなんだ。デヒッドの意見は・・・」	disk50/ﾛﾋﾞｰ.png	main/alnL.png	KO	앨런: 다른 밴드가 들으면 배부른 소리라고 하겠지만, 이대로 가다간 정말 다치는 사람이 나올 것 같아. 네 생각은 어때?
disk50	NO36	1340	12	デヒッド「昨夜のコンサ－トはスシャ－ナに助けられたから無事だったが、俺も曲順を変えるのに賛成だ」	disk50/ﾛﾋﾞｰ.png	main/davL.png	KO	데이비드: 어젯밤 공연도 수잔나가 도와주지 않았으면 큰일 날 뻔했어, 나도 곡 순서를 바꾸는 데 찬성이야.
disk50	NO36	1350	13	アンドリュ－「デヒッドが賛成なら全員が賛成した事になる。これで決まりだ。さあ　食事に行こう。いい店を見つけてきたんだ」	disk50/ﾛﾋﾞｰ.png	main/andL.png	KO	앤드류: 네가 찬성이라면 만장일치네. 그럼, 결정됐다. 자, 이제 밥 먹으러 가자. 괜찮은 가게를 하나 찾아놨어.
disk50	NO36	1360	14	アンドリュ－「静かで広くってさ、夜には全員で食事をして飲もうと予約しておいたのさ。デヒッド、抜けるなんて言わさないぜ」	disk50/ﾛﾋﾞｰ.png	main/andL.png	KO	앤드류: 조용하고 넓은 곳이야. 오늘 밤 다 같이 먹고 마시려고 예약까지 해놨어. 데이비드, 이번엔 빠질 생각 하지 마.
disk50	NO36	1370	15	ホテルの裏口から二台のタクシ－に乗り出発した。	disk50/ﾄｵﾘ1.png	main/andL.png	KO	멤버들은 호텔 뒷문으로 빠져나와 택시 두 대에 나눠 타고 출발했다.
disk50	NO36	1380	16	その後をクラ－ク達の車が走る。	disk50/ﾄｵﾘ1.png	main/andL.png	KO	그 뒤를 탐정들의 차가 뒤쫓았다.
disk50	NO36	1390	17	タクシ－は繁華街を通り越して、［カンツォ－ネ］と書かれたネオンの下で止まった。	disk50/ﾚｽﾄ.png	main/andL.png	KO	택시는 번화가를 지나 `칸초네'라는 네온사인이 걸린 가게 앞에 멈췄다.
disk50	NO36	1400	18	店の中に入ると大勢の客が立ち上がりデヒッド達に拍手をする。	disk50/ﾑｶｴ.png	main/andL.png	KO	멤버들이 들어서자, 가게 안의 손님들이 일제히 자리에서 일어나 박수를 보냈다.
disk50	NO36	1410	19	マスタ－「近所の連中に［エレノ・ヴィジョン］が食事の予約をしたと話したら、デヒッドさんを一目見るんだと皆な集まってしまって、もうこれ以上客が入れませんのでネオンを消します」	disk50/ﾑｶｴ.png	disk43/ﾏｽﾀｰ.png	KO	주인: 동네 사람들에게 `엘레노 비전'이 예약했다고 자랑했더니, 다들 데이비드 씨 얼굴을 한 번 보겠다고 몰려왔습니다. 이제 자리가 꽉 찼으니 간판 불도 꺼야겠군요.
disk50	NO36	1420	20	店内は、若者もいたが年寄りが多く、コンサ－トの客とまるで違い家庭でのパ－ティのような雰囲気になっている。	disk50/ﾊﾟﾃｲ.png	disk43/ﾏｽﾀｰ.png	KO	가게 안에는 젊은 사람도 있었지만, 노인들도 많아 공연 관객과는 완전히 달리 가족 파티 같은 분위기였다.
disk50	NO36	1580	21	店のマスタ－	disk50/ﾊﾟﾃｲ.png	店のマスタ－	KO	가게 주인이 말한다.
disk50	NO36	1600	22	アンドリュ－「いや、まいったな。今夜はあまり静かになりそうもないな。ここのマスタ－が気が良くってさ、つい［エレノ・ヴィジョン］の話をして、デヒッドを連れて来るなんて言っちゃって・・・」	disk50/ﾊﾟﾃｲ.png	main/andL.png	KO	앤드류: 이거 참, 오늘은 조용히 먹기는 글렀네. 주인장이 워낙 사람이 좋아서 나도 모르게 `엘레노 비전' 얘기를 꺼내고 널 데려온다고 말해버렸거든...
disk50	NO36	1610	23	デヒッド「かまわないよ、ロンドンに出てきてから、ずっと忘れていた雰囲気だから、たまにはいいよ」	disk50/ﾊﾟﾃｲ.png	main/davL.png	KO	데이비드: 괜찮아. 런던을 떠난 뒤로 계속 잊고 있던 분위기잖아. 가끔은 이런 것도 좋지.
disk50	NO36	1620	24	マスタ－「さあテ－ブルについて下さい。今夜は楽しい夜になれそうです。朝まで飲み明かしましょう」	disk50/ﾊﾟﾃｲ.png	disk43/ﾏｽﾀｰ.png	KO	주인: 자, 모두 앉으세요! 오늘 밤은 즐거운 밤이 될 것 같군요. 아침까지 실컷 마셔 봅시다!
disk50	NO36	1630	25	デヒッド達がテ－ブルにつくとワインの乾杯が始まった。テ－ブルには生かき・はまぐりや子羊の焼き肉まで、きりなく運ばれて来る。	disk50/ﾊﾟﾃｲ.png	disk43/ﾏｽﾀｰ.png	KO	멤버들이 자리에 앉자 와인으로 건배가 시작됐다. 생굴과 조개, 어린양 구이까지 각종 음식이 끊임없이 테이블 위에 올라왔다.
disk50	NO36	1640	26	店内にある小さなステ－ジでは、近所のおやじといった格好の太った男性がカンツォ－ネをどなっているのを、皆気持ち良さそうに聞いていた。	disk50/ﾊﾟﾃｲ.png	disk43/ﾏｽﾀｰ.png	KO	가게 안의 작은 무대에서는 동네 아저씨 차림의 뚱뚱한 남자가 목청껏 칸초네를 불렀고, 모두 기분 좋게 듣고 있었다.
disk50	NO36	1650	27	店の外にはクラ－ク達の車が止まっている。	disk50/Kｸﾙﾏ.png	disk43/ﾏｽﾀｰ.png	KO	가게 밖에는 탐정들의 차가 멈춰 있었다.
disk50	NO36	1670	28	クラ－クが話す。	disk50/Kｸﾙﾏ.png	disk43/ﾏｽﾀｰ.png	KO	클라크가 말한다.
disk50	NO36	1670	29	ヴィンスが話す。	disk50/Kｸﾙﾏ.png	disk43/ﾏｽﾀｰ.png	KO	빈스가 말한다.
disk50	NO36	1800	30	ヴィンス「あんなに騒いでいて、本日の営業は終わりだなんて、客を馬鹿にしている」	disk50/Kｸﾙﾏ.png	main/ｳｲﾝｽ.png	KO	빈스: 저렇게 시끄럽게 떠들면서 오늘 영업은 끝이라고 말하다니 사람을 바보 취급하는군요.
disk50	NO36	1810	31	クラ－ク「ロ－マでもデヒッドの人気は物凄い勢いだな、この店にスシャ－ナがいる以上、ここで張り込むしかないようだが・・・」	disk50/Kｸﾙﾏ.png	main/ｸﾗｰｸ.png	KO	클라크: 로마에서도 데이비드의 인기는 엄청나구만. 수잔나가 저 안에 있는 이상 여기서 잠복할 수밖에 없겠군...
disk50	NO36	1820	32	ヴィンス「デヒッドは紋章の家を見つけたのに、中に入らず帰ってしまったのは何故ですか・・・」	disk50/Kｸﾙﾏ.png	main/ｳｲﾝｽ.png	KO	빈스: 데이비드는 문장의 주인을 찾았는데 왜 안으로 들어가지 않고 돌아온 걸까요?
disk50	NO36	1830	33	クラ－ク「そんな事が俺にわかるか、俺はここで見張ってるから君はホット・ドックでも買ってこい。店の様子からして今夜は長期戦になりそうだ」	disk50/Kｸﾙﾏ.png	main/ｸﾗｰｸ.png	KO	클라크: 그런 걸 내가 어떻게 알겠나. 나는 여기서 지켜볼 테니 자네는 핫도그라도 사 오게. 가게 분위기를 보니 오늘 밤은 장기전이 될 것 같으니.
disk50	NO36	1840	34	時計が午前０時を指した。店の中では誰一人帰る様子もなく騒いでいる。ワインの酔いが回ったデヒッドは、ほほ杖をついてボ－としている。	disk50/ﾊﾟﾃｲ.png	main/ｸﾗｰｸ.png	KO	자정이 되었는데도 아무도 돌아갈 생각이 없어 보였다. 와인에 취기가 오른 데이비드는 턱을 괸 채 멍하니 있었다.
disk50	NO36	2000	35	スシャ－ナ「デヒッド、大丈夫・・・疲れてたから眠くなったのね」	disk50/ﾊﾟﾃｲ.png	main/linR.png	KO	수잔나: 데이비드, 괜찮아요...? 많이 피곤한 거예요?
disk50	NO36	2010	36	デヒッド「いや、まだ大丈夫さ、でもイタリア人ってすごく明るくって、パ－ティを徹底的に楽しんでいるよ」	disk50/ﾊﾟﾃｲ.png	main/davL.png	KO	데이비드: 아니, 아직 괜찮아. 그런데 이탈리아 사람들은 정말 활기차고 파티를 제대로 즐기는 걸.
disk50	NO36	2020	37	スシャ－ナ「イタリア人だけではなさそうよ。見て！　アンドリュ－だってカンツォ－ネを歌ったりして負けてないわ」	disk50/ﾊﾟﾃｲ.png	main/linR.png	KO	수잔나: 이탈리아 사람들만 그런 것 같지는 않는데요. 저기 봐요! 앤드류도 칸초네를 부르면서 완전히 신났잖아요.
disk50	NO36	2030	38	デヒッド「少し酔ったな、外にでて夜風にあたるか、すぐに戻るから心配いらないよ」	disk50/ﾊﾟﾃｲ.png	main/davL.png	KO	데이비드: 조금 취한 것 같으니 밖에서 바람 좀 쐬고 올게. 금방 돌아올 테니까 걱정하지 마.
disk50	NO36	2040	39	デヒッドは外に出て、新鮮な空気を胸に入れ、酔いを醒ますため近くを歩いていた。	disk50/ﾚｽﾄ.png	main/davL.png	KO	데이비드는 밖으로 나가 신선한 공기를 들이마시며 술을 깨기 위해 근처를 걷기 시작했다.
disk50	NO36	2050	40	繁華街と違い午前０時を過ぎると、この辺りは車も人も通らず、散歩をするには丁度いい時間のようだ。	disk50/ﾚｽﾄ.png	main/davL.png	KO	번화가와 달리 자정이 넘은 이곳은 차도 사람도 거의 없기에 조용히 걷기에는 더없이 좋은 시간이었다.
disk50	NO36	2060	41	デヒッドは深夜の町並みを見ながら不思議な気分になった。	disk50/ﾛｼﾞ1.png	main/davL.png	KO	한밤중의 거리를 보면서 데이비드는 문득 기묘한 느낌을 받았다.
disk50	NO36	2070	42	・・・この辺りを歩くのは初めてなのに、この街並みを見た記憶がある・・・	disk50/ﾛｼﾞ1.png	main/davL.png	KO	...분명 처음 걷는 곳인데, 이 거리 풍경을 어디선가 본 적이 있어...
disk50	NO36	2080	43	デヒッドはいつも歩いている道のように、なれた足つきで街を歩いている。	disk50/ｺｼﾞ2.png	main/davL.png	KO	데이비드는 마치 늘 다니던 길인 것처럼 익숙한 발걸음으로 거리를 걷고 있었다.
disk50	NO36	2090	44	・・・この先を曲がると路地が見えてくる筈だ・・・	disk50/ｺｼﾞ2.png	main/davL.png	KO	...이 앞에서 꺾으면 골목이 나올 거야...
disk50	NO36	2100	45	デヒッドが道を曲がった時、急に立ち止まり、ぼ－ぜんとなっていた。	disk50/ｺｼﾞ2.png	main/davL.png	KO	모퉁이를 도는 순간, 데이비드는 그 자리에 얼어붙었다.
disk50	NO36	2110	46	・・・この建物は・・・あの紋章のダミエル・ホルカイの家だ・・・	disk50/ｼﾛ.png	main/davL.png	KO	...이 저택은... 그 문장이 새겨져 있던 다미엘 홀카이의 집이잖아...
disk50	NO36	2120	47	・・・俺がなぜオッタビア－ノの町にいるのか・・・	disk50/ｼﾛ.png	main/davL.png	KO	...내가 왜 오타비아노 마을에 있는 거지...
disk50	NO36	2125	48	デヒッドは、門に近ずいた。	disk50/ﾓﾝ.png	main/davL.png	KO	데이비드는 문으로 다가갔다.
disk50	NO36	2130	49	その時、ホルカイの家の中で、悲鳴があがった。	disk50/ﾓﾝ.png	main/davL.png	KO	바로 그때, 홀카이의 집 안에서 날카로운 비명이 터졌다.
disk50	NO36	2140	50	「キャ－！！　人殺し！　ホルカイ様が・・・」	disk50/ﾓﾝ.png	main/davL.png	KO	"""꺄아!! 살인이다! 홀카이 님이..."""
disk50	NO36	2150	51	ホルカイの家の閉まった門を透けるように人影が現れた。人影はデヒッドの前を走り抜け闇に消えた。	disk50/ﾓﾝ.png	main/davL.png	KO	닫힌 대문을 통과하듯 사람 그림자 하나가 나타났다. 그 그림자는 데이비드 앞을 스쳐 지나 어둠 속으로 사라졌다.
disk50	NO36	2160	52	・・・なにが起こったのか？　一瞬だったが、あの人影の顔に見覚えがある・・・誰だったか・・・	disk50/ﾓﾝ.png	main/davL.png	KO	...대체 무슨 일이지? 찰나이지만 저 얼굴 분명 어디선가 본 적이 있어... 누구였지...
disk50	NO36	2170	53	ホルカイの家の門が開き、手に棒を持った男達が出てきて、デヒッドを取り囲んだ。	disk50/ﾓﾝﾋﾄ.png	main/davL.png	KO	곧 대문이 열리더니, 몽둥이를 든 남자들이 뛰쳐나와 데이비드를 에워쌌다.
disk50	NO36	2180	54	「こいつだ！　こいつがホルカイ様を殺したんだ。殺せ！！」	disk50/ﾓﾝﾋﾄ.png	main/davL.png	KO	"""이놈이다! 이놈이 홀카이 님을 죽였어! 죽여 버려!!"""
disk50	NO36	2190	55	デヒッド「人違いだ！！　門から出て行った奴は、向こうに行った！」	disk50/ﾓﾝﾋﾄ.png	main/davL.png	KO	데이비드: 사람 잘못 봤어! 진짜 범인은 방금 저쪽으로 도망갔다고!
disk50	NO36	2200	56	「何をとぼけやがって！　俺は人殺しの顔を見たんだ。貴様に間違いない！　こいつを殺せ！」	disk50/ﾓﾝﾋﾄ.png	main/davL.png	KO	"""시치미 떼지 마! 내가 살인범 얼굴을 똑똑히 봤어. 네놈이 틀림없어! 이놈을 죽여라!"""
disk50	NO36	2210	57	デヒッドは危険を感じて逃げようとしたが、男達に囲まれて逃げる隙間もない。	disk50/ﾓﾝﾋﾄ.png	main/davL.png	KO	데이비드는 위험을 느끼고 달아나려 했지만 남자들에게 둘러싸여 빠져나갈 틈이 없었다.
disk50	NO36	2220	58	「ご主人様の仇だ！！」	disk50/ｵﾉ.png	main/davL.png	KO	"""주인님의 원수다!!"""
disk50	NO36	2230	59	デヒッドの顔面にオノが振り降ろされた・・・	disk50/ｵﾉ.png	main/davL.png	KO	도끼가 데이비드의 얼굴을 향해 내리꽂혔다...
disk50	NO36	2240	60	デヒッド「うあぁ・・・」	disk50/ｵﾉ.png	main/davL.png	KO	데이비드: 으아아...
disk50	NO36	2245	61	「ガシャン！！」ビンが割れるような音がした。	disk50/ｵﾉ.png	main/davL.png	KO	쨍그랑, 유리병이 깨지는 소리가 울려 퍼졌다.
disk50	NO36	2400	62	スシャ－ナ「デヒッド！　大丈夫！　ワインを倒してシャツもズボンもビショ濡れよ」	disk50/ﾊﾟﾃｲ.png	main/linR.png	KO	수잔나: 데이비드, 괜찮아요? 와인병이 넘어져서 셔츠도 바지도 흠뻑 젖었어요!
disk50	NO36	2410	63	デヒッド「・・・・・・」	disk50/ﾊﾟﾃｲ.png	main/davL.png	KO	데이비드: ......
disk50	NO36	2420	64	デヒッドはシャツに濡れた赤ワインを指でなめ、また悪夢を見ていた事に気づく、	disk50/ﾊﾟﾃｲ.png	main/davL.png	KO	데이비드는 셔츠에 젖은 적포도주를 손가락으로 핥으며 또 악몽을 꿨다는 사실을 깨달았다.
disk50	NO36	2430	65	デヒッド「ごめん、酔ってたので、手もとが狂ってしまったようだ」	disk50/ﾊﾟﾃｲ.png	main/davL.png	KO	데이비드: 미안, 취해서 손이 빗나갔나 봐.
disk50	NO36	2440	66	スシャ－ナ「これ以上飲んだら明日のコンサ－トはメロメロになりそう」	disk50/ﾊﾟﾃｲ.png	main/linR.png	KO	수잔나: 여기서 더 마시면 내일 공연은 완전히 망치겠어요.
disk50	NO36	2450	67	デヒッドがテ－ブルから落としたワインのビンの割れる音で、パ－ティは終わってしまった。	disk50/ﾊﾟﾃｲ.png	main/linR.png	KO	데이비드가 떨어뜨린 와인병의 깨지는 소리로 파티도 결국 끝을 고했다.
disk50	NO36	9910	129	デビッド「ウワァッ！！・・・・、ハァ、ハァ・・」	main/MEU4.png	main/linR.png	KO	데이비드: 으아악!! ...하아, 하아...
disk50	NO36	10000	136	ＤＡＴＡをＳＡＶＥしますか？　Ｙ／Ｎ	main/MEU4.png	main/linR.png	KO	
disk50	NO36	10040	142	ドライブ１に、ＳＡＶＥ・ディスクを入れて下さい。	main/MEU4.png	main/linR.png	KO	
disk50	NO36	10070	144	ドライブ１のディスクが違います。	main/MEU4.png	main/linR.png	KO	드라이브 1의 디스크가 다릅니다.
disk50	NO36	10110	145	ＳＡＶＥしました。ドライブ１のディスクに、ＭＡＩＮディスクを入れて下さい。	main/MEU4.png	main/linR.png	KO	
disk50	NO36	10150	147	ドライブ１のディスクが違います。	main/MEU4.png	main/linR.png	KO	드라이브 1의 디스크가 다릅니다.
disk50	NO37	900	0	デビッドが話す。	main/MEU4.png	main/linR.png	KO	데이비드가 말한다.
disk50	NO37	900	1	アランが話す。	main/MEU4.png	main/linR.png	KO	앨런이 말한다.
disk50	NO37	900	2	マ－チンが話す。	main/MEU4.png	main/linR.png	KO	마틴이 말한다.
disk50	NO37	900	3	アンデリュ－が話す。	main/MEU4.png	main/linR.png	KO	앤드류가 말한다.
disk50	NO37	900	4	スシャ－ナが話す。	main/MEU4.png	main/linR.png	KO	수잔나가 말한다.
disk50	NO37	1000	5	ホテルに戻ったデビッドは、悪夢を恐れてスシャ－ナに薬を貰って寝た。	disk50/ﾍﾞｯﾄ.png	main/linR.png	KO	호텔로 돌아온 데이비드는 또 악몽을 꿀까 두려워 수잔나에게 약을 받아 먹고 잠자리에 들었다.
disk50	NO37	1010	6	薬のせいか、酒に酔っていた為か、夢を見る事もなく十分な睡眠がとれ、快適な遅い朝を迎えた。	disk50/ﾍﾞｯﾄ.png	main/linR.png	KO	약 덕분인지 술기운 때문인지, 그날 밤에는 아무런 꿈도 꾸지 않고 푹 잘 수 있어서 쾌적한 아침을 맞이했다.
disk50	NO37	1020	7	今日もホテルの裏口にクラ－クとヴィンスが乗った車が止まっている。	disk50/ﾄｵﾘ1.png	main/linR.png	KO	오늘도 호텔 뒷문에는 클라크와 빈스가 탄 차가 멈춰 있었다.
disk50	NO37	1040	8	クラ－クが話す。	disk50/ﾄｵﾘ1.png	main/linR.png	KO	클라크가 말한다.
disk50	NO37	1040	9	ヴィンスが話す。	disk50/ﾄｵﾘ1.png	main/linR.png	KO	빈스가 말한다.
disk50	NO37	1200	10	ヴィンス「ロ－マにきてからスシャ－ナの動きに変化がないですね。今夜のコンサ－トを最後に明日はドイツに行くのでしょう」	disk50/ﾄｵﾘ1.png	main/ｳｲﾝｽ.png	KO	빈스: 로마에 온 뒤로는 수잔나에게 별다른 움직임이 없네요. 오늘 밤 공연을 끝으로 내일이면 독일로 떠나는 거죠?
disk50	NO37	1210	11	クラ－ク「今朝の新聞の記事を見て驚いてたのは君だった筈だが・・・あの紋章の家のダミエル・ホルカイが何者にか殺された記事を・・・」	disk50/ﾄｵﾘ1.png	main/ｸﾗｰｸ.png	KO	클라크: 오늘 아침 신문을 보고 놀란 건 자네였을 텐데... 그 문장의 집에 있던 다미엘 홀카이가 누군가에게 살해당했다는 기사 말일세...
disk50	NO37	1220	12	ヴィンス「だって、ホルカイが殺されたのは午前０時頃と書いてましたよ。あの時間は僕達が店の外で見張っていた時間だから、殺人とスシャ－ナは関係がありませんです」	disk50/ﾄｵﾘ1.png	main/ｳｲﾝｽ.png	KO	빈스: 하지만 홀카이가 살해당한 건 자정 무렵이라고 했잖아요. 그 시간에는 우리가 가게 밖에서 감시하고 있었으니 그 살인과 수잔나는 관계가 없습니다.
disk50	NO37	1230	13	クラ－ク「デビッドの紋章探し・占い師・ホルカイの死、ただの偶然とは思いたくないのだ。ホルカイは法王の近くに仕えていた伯爵だった。これはただの殺人事件ではなさそうだ」	disk50/ﾄｵﾘ1.png	main/ｸﾗｰｸ.png	KO	클라크: 데이비드의 문장 찾기, 점쟁이, 홀카이의 죽음... 단순한 우연이라고는 생각되지 않네. 홀카이는 교황의 측근으로 일하던 백작이었네. 이건 단순한 살인 사건이 아닌 것 같네.
disk50	NO37	1240	14	ヴィンス「所長は、何でもスシャ－ナに関連させ、怪しい人物に仕立てていますが、ホルカイの殺人だけは、ただの偶然ですよ」	disk50/ﾄｵﾘ1.png	main/ｳｲﾝｽ.png	KO	빈스: 소장님은 무슨 일이든 수잔나와 엮어서 수상하게 보시지만, 이번 홀카이 살인만큼은 우연일 겁니다.
disk50	NO37	1250	15	陽が落ちデビッド達［エレノ・ビジョン］の、ロ－マでの最後のコンサ－トが始まった。	disk50/ｽﾃｰｼ.png	main/ｳｲﾝｽ.png	KO	날이 저무고 `엘레노 비전'의 로마 마지막 공연이 시작됐다.
disk50	NO37	1260	16	デビッドのノりは観客を沸かしたが、曲順の入れ替えが効をそうして、貧血で倒れた観客は出たが、進行を変える事なく無事にコンサ－トは終了できた。	disk50/ｽﾃｰｼ.png	main/ｳｲﾝｽ.png	KO	데이비드의 열정적인 무대에 관객들은 흥분했지만, 바꿔 놓은 곡 순서가 효과를 발휘했는지 빈혈로 쓰러진 관객이 나왔으나 진행을 중단하지 않고 무사히 공연을 끝낼 수 있었다.
disk50	NO37	1270	17	翌日［エレノ・ヴィジョン］の一行は、大勢のファンに見送られ、ロ－マ空港を後にして飛び立った。	disk50/747.png	main/ｳｲﾝｽ.png	KO	다음 날, `엘레노 비전' 멤버들은 수많은 팬의 배웅을 받으며 로마 공항을 떠나 하늘로 날아올랐다.
disk50	NO37	1275	18	デビッドは、ホルカイの殺人事件も知らずに、西ドイツのフランクフルト・マイン空港へと向かう。	disk50/747.png	main/ｳｲﾝｽ.png	KO	데이비드는 홀카이가 살해됐다는 사실조차 모른 채 서독의 프랑크푸르트 마인 공항에 도착했다.
disk50	NO37	1280	19	空港での歓迎は、熱狂したファンより報道関係者にかこまれホテルに着くのが大変だった。	disk50/747.png	main/ｳｲﾝｽ.png	KO	공항에서는 열광적인 팬들 못지않게 수많은 취재진이 몰려들어 호텔까지 이동하는 것조차 쉽지 않았다.
disk50	NO37	1290	20	フランクフルトの中心部に近いパ－ク・ホテルも熱狂的ファンが入口の近くで、警備のガ－ドマンともみあっている。	disk50/HOTE.png	main/ｳｲﾝｽ.png	KO	프랑크푸르트 중심가에 가까운 파크 호텔 앞에도 열성 팬들이 경비원들과 실랑이를 벌이고 있었다.
disk50	NO37	1300	21	ヨ－ロッパのコンサ－ト・ツア－に出る前のデビッド達にとっては、夢のような現実に戸惑っていた。	disk50/HOTE.png	main/ｳｲﾝｽ.png	KO	유럽 투어를 시작하기 전에는 상상조차 못했던 꿈 같은 현실에 멤버들 역시 얼떨떨해했다.
disk50	NO37	1310	22	アランの部屋に全員が集まっている。	disk50/Aﾍﾔ.png	main/ｳｲﾝｽ.png	KO	멤버 전원이 앨런의 방에 모였다.
disk50	NO37	1500	23	アンデリュ－「ヨ－ロッパ・ツア－をやって良かったぜ！　こんなに人気が出るなんて考えられねえよ」	disk50/Aﾍﾔ.png	main/andL.png	KO	앤드류: 유럽 투어를 하길 잘했어! 우리가 이렇게까지 뜰 줄 누가 알았겠냐고!
disk50	NO37	1510	24	アラン「今の人気は想像もしてなかったが、イギリスに帰るのが楽しみだな」	disk50/Aﾍﾔ.png	main/alnL.png	KO	앨런: 나도 이 정도일 줄은 몰랐어. 영국으로 돌아갈 때가 벌써부터 기대되는 걸.
disk50	NO37	1520	25	マ－チン「こうなったら、ぜがひでもイギリスのラスト・コンサ－トには、新曲を発表したくなってきたよ」	disk50/Aﾍﾔ.png	main/marL.png	KO	마틴: 이렇게 된 이상 어떻게 해서든 영국의 마지막 콘서트에서는 신곡을 발표하고 싶어졌어.
disk50	NO37	1530	26	アラン「さて、コンサ－トまでの二日間を、どうするかだ・・・友達に買い物を頼まれていたから街にも出ていかないといけないし・・・」	disk50/Aﾍﾔ.png	main/alnL.png	KO	앨런: 그럼, 공연까지 남은 이틀을 어떻게 쓸지가 문제네... 친구가 부탁한 물건도 사야 해서 시내에도 나가야 하고...
disk50	NO37	1540	27	デビッド「スシャ－ナは、どうしてる・・・」	disk50/Aﾍﾔ.png	main/davL.png	KO	데이비드: 수잔나는 지금 뭐 해?
disk50	NO37	1550	28	アラン「興行事務所から電話があって出かけた筈だが・・・」	disk50/Aﾍﾔ.png	main/alnL.png	KO	앨런: 흥행사무소에서 연락이 와서 나갔어.
disk50	NO37	1560	29	マ－チン「そうだ、新曲の練習をやろう。この前はデビッドが抜けたから・・・」	disk50/Aﾍﾔ.png	main/marL.png	KO	마틴: 맞다, 우리 신곡 연습이나 하자. 지난번엔 데이비드가 빠져서 제대로 못 했으니까...
disk50	NO37	1570	30	アラン「二日もあるんだから、時間を作っておくよ。さて昼飯でも食べに行くか」	disk50/Aﾍﾔ.png	main/alnL.png	KO	앨런: 이틀이나 남았으니 시간을 빼볼게. 그보다 점심이나 먹으러 갈까?
disk50	NO37	1580	31	デビッド達はホテルのレストランに出かけた。	disk50/Aﾍﾔ.png	main/alnL.png	KO	멤버들은 호텔 레스토랑으로 갔다.
disk50	NO37	1590	32	その頃、クラ－クとヴィンスの車は、メルヘン街道を走っている。もちろん、その前を走ってるタクシ－にはスシャ－ナが乗っていた。	disk50/ﾒﾙﾍﾝ.png	main/alnL.png	KO	그 무렵, 클라크와 빈스의 차는 메르헨 가도를 달리고 있었다. 물론 앞서 달리는 택시에는 수잔나가 타고 있었다.
disk50	NO37	1610	33	クラ－クが話す。	disk50/ﾒﾙﾍﾝ.png	main/alnL.png	KO	클라크가 말한다.
disk50	NO37	1610	34	ヴィンスが話す。	disk50/ﾒﾙﾍﾝ.png	main/alnL.png	KO	빈스가 말한다.
disk50	NO37	1700	35	ヴィンス「西ドイツに着いたばかりだと言うのに、スシャ－ナは一人でタクシ－に乗って、どこに行くと思いますか・・・」	disk50/ﾒﾙﾍﾝ.png	main/ｳｲﾝｽ.png	KO	빈스: 서독에 도착한 지 얼마 되지도 않았는데, 수잔나가 혼자 택시를 타고 어디로 가는 걸까요...?
disk50	NO37	1710	36	クラ－ク「カッセルの町を越えてしまったから、たぶんハ－メルンあたりと違うかな？　誰かと会うに違いない」	disk50/ﾒﾙﾍﾝ.png	main/ｸﾗｰｸ.png	KO	클라크: 카셀까지 지나쳤으니 아마 하멜른 쪽이겠지. 분명 누군가를 만나려는 게 틀림없네.
disk50	NO37	1720	37	ヴィンス「人と待ち合わせなら、この西ドイツ製の盗聴器が楽しみですよ。パリでこれがあれば、コ－ヒ－・ハウスの話が聞けたのに、残念な事をしましたね」	disk50/ﾒﾙﾍﾝ.png	main/ｳｲﾝｽ.png	KO	빈스: 누군가와 만나는 거라면 이번에 준비한 도청기가 활약을 하겠네요. 파리에서 이게 있었다면 커피하우스의 이야기를 들을 수 있었을 텐데 아깝네요.
disk50	NO37	1730	38	クラ－ク「西ドイツに知り合いの探偵がいたから頼んでおいたのさ、この盗聴器は西ドイツ製では最高の物だと言っていたが・・・」	disk50/ﾒﾙﾍﾝ.png	main/ｸﾗｰｸ.png	KO	클라크: 서독에 아는 탐정이 있어서 부탁해 뒀지. 서독제 중에서는 최고급품이라고 하더군...
disk50	NO37	1740	39	ヴィンス「そろそろハ－メルンの町ですよ。スシャ－ナは、この町で降りますかね」	disk50/ﾒﾙﾍﾝ.png	main/ｳｲﾝｽ.png	KO	빈스: 이제 곧 하멜른이네요. 여기서 내릴까요?
disk50	NO37	1750	40	スシャ－ナの車は川ぞいのレストランの前で止まった。	disk50/ﾚｽﾄﾗ.png	main/ｳｲﾝｽ.png	KO	수잔나의 차는 강가에 있는 레스토랑 앞에 멈춰 섰다.
disk50	NO37	1760	41	スシャ－ナがレストランに入る。クラ－クがレストランの看板を見あげて、ヴィンスと一緒に入った。	disk50/ﾚｽﾄﾗ.png	main/ｳｲﾝｽ.png	KO	수잔나가 안으로 들어갔다. 클라크는 간판을 확인한 뒤 빈스와 함께 뒤따라 들어갔다.
disk50	NO37	1770	42	田舎町のレストランにしては、客で賑わっている。スシャ－ナは一番すみのテ－ブルに座っている。	disk50/ﾚｽﾅｶ.png	main/ｳｲﾝｽ.png	KO	시골 마을의 레스토랑치고는 손님들로 꽤 북적였다. 수잔나는 가장 구석의 테이블에 앉아 있었다.
disk50	NO37	1780	43	その近くには空いてる席が無かったので、クラ－ク達は、少し離れたテ－ブルに座った。	disk50/ﾚｽﾅｶ.png	main/ｳｲﾝｽ.png	KO	수잔나 근처에는 빈자리가 없었기에 탐정들은 조금 떨어진 테이블에 자리를 잡았다.
disk50	NO37	1790	44	クラ－クがヴィンスに何か話すと、ヴィンスは席をたってスシャ－ナの隣のテ－ブルの客と話している。	disk50/ﾚｽﾅｶ.png	main/ｳｲﾝｽ.png	KO	클라크가 무언가를 지시하자, 빈스는 자리에서 일어나 수잔나 옆 테이블의 손님에게 다가가 말을 걸었다.
disk50	NO37	1800	45	ヴィンスが頭をさげながら戻って来た。	disk50/ﾚｽﾅｶ.png	main/ｳｲﾝｽ.png	KO	잠시 후, 빈스가 고개를 숙여 인사하고 자리로 돌아왔다.
disk50	NO37	1900	46	ヴィンス「所長、盗聴器をスシャ－ナのテ－ブルの下に張ってきましたよ」	disk50/ﾚｽﾅｶ.png	main/ｳｲﾝｽ.png	KO	빈스: 소장님, 수잔나 테이블 밑에 도청기를 붙여 놓고 왔습니다.
disk50	NO37	1910	47	クラ－ク「ごくろう。君は隣の客に何を話したんだ」	disk50/ﾚｽﾅｶ.png	main/ｸﾗｰｸ.png	KO	클라크: 수고했네. 그런데 옆자리 손님에게는 뭐라고 했나?
disk50	NO37	1920	48	ヴィンス「貴方の食べてる料理はおいしそうですね。何と言う料理ですかって聞いたんですよ」	disk50/ﾚｽﾅｶ.png	main/ｳｲﾝｽ.png	KO	빈스: 먹고 있는 음식이 맛있어 보이는데 무슨 요리냐고 물어봤죠.
disk50	NO37	1930	49	ヴィンス「そしたらニシンのフライで、この店で安くて一番おいしい料理だと言ってましたから、ニシンのフライを食べないといけないのかな。僕は魚が嫌いなんだけど・・・」	disk50/ﾚｽﾅｶ.png	main/ｳｲﾝｽ.png	KO	빈스: 그랬더니 청어 튀김인데, 이 집에서 가장 싸고 맛있는 메뉴라고 하더군요. 이러면 저희도 청어 튀김을 주문해야겠네요. 전 생선을 싫어하는데...
disk50	NO37	1940	50	クラ－ク「君が魚を食べなかったら、あの客が来てドイツ語をまくしたてるかも知れないぞ。そんな事にでもなればスシャ－ナに俺達の事が知れ、これから先どうするつもりだ」	disk50/ﾚｽﾅｶ.png	main/ｸﾗｰｸ.png	KO	클라크: 자네가 생선을 먹지 않으면 그 손님이 와서 독일어로 잔뜩 떠들어댈지도 모르네. 그러다 수잔나가 우리를 눈치라도 채면 어떻게 할 셈인가?
disk50	NO37	1950	51	ヴィンス「いいですよ。注文すればいいのでしょう。所長もつきあって下さいよ」	disk50/ﾚｽﾅｶ.png	main/ｳｲﾝｽ.png	KO	빈스: 알았어요. 시키면 되잖습니까. 대신 소장님도 같이 먹으셔야 합니다.
disk50	NO37	1960	52	クラ－ク達のテ－ブルにニシンのフライが並んだ時、スシャ－ナの前に男が座った。	disk50/ﾚｽﾅｶ.png	main/ｳｲﾝｽ.png	KO	탐정들의 테이블에 청어 튀김이 놓일 무렵, 수잔나 맞은편 자리에 한 남자가 앉았다.
disk50	NO37	1970	53	ヴィンスがカメラを隠して男に向けた。クラ－クの耳にイヤホ－ンがつけられている。	disk50/ﾚｽﾅｶ.png	main/ｳｲﾝｽ.png	KO	빈스는 카메라를 숨긴 채 남자를 향해 초점을 맞췄고, 클라크는 귀에 이어폰을 꽂았다.
disk50	NO37	3000	54	ＣＤＲＯＭより読み込み中　しばらく、お待ち下さい。	disk50/ﾚｽﾅｶ.png	main/ｳｲﾝｽ.png	KO	CD-ROM에서 데이터 읽는 중이니, 기다려주십시오.
disk50	NO37	3010	55	　　　　　　　　ＣＤ－ＲＯＭよりＤＡＴＡを読み込み中	disk50/ﾚｽﾅｶ.png	main/ｳｲﾝｽ.png	KO	데이터를 읽는 중...
disk50	NO37	10000	98	ＤＡＴＡをＳＡＶＥしますか？　Ｙ／Ｎ	disk50/ﾚｽﾅｶ.png	main/ｳｲﾝｽ.png	KO	
disk50	NO37	10040	104	ドライブ１に、ＳＡＶＥ・ディスクを入れて下さい。	disk50/ﾚｽﾅｶ.png	main/ｳｲﾝｽ.png	KO	
disk50	NO37	10070	106	ドライブ１のディスクが違います。	disk50/ﾚｽﾅｶ.png	main/ｳｲﾝｽ.png	KO	드라이브 1의 디스크가 다릅니다.
disk50	NO37	10110	107	ＳＡＶＥしました。ドライブ１のディスクに、ＭＡＩＮディスクを入れて下さい。	disk50/ﾚｽﾅｶ.png	main/ｳｲﾝｽ.png	KO	
disk50	NO37	10150	109	ドライブ１のディスクが違います。	disk50/ﾚｽﾅｶ.png	main/ｳｲﾝｽ.png	KO	드라이브 1의 디스크가 다릅니다.
disk51	NO38	980	0	男性は３０才位で、簡素な服装から見て経営者やサラリ－マンとは違い芸術家風な感じのする男性だとクラ－クは思った。	disk51/ﾚｽﾄ.png		KO	남자는 서른 살쯤 되어 보였고, 수수한 옷차림으로 보아 사업가나 회사원보다는 예술가에 가까운 분위기를 풍기고 있었다.
disk51	NO38	990	1	スシャ－ナは男性を知っているのか、笑顔で挨拶をしている。	disk51/ﾚｽﾄ.png		KO	수잔나는 그 남자를 아는 듯 미소를 지으며 인사를 건넸다.
disk51	NO38	1000	2	男が話す。	disk51/ﾚｽﾄ.png		KO	남자가 말한다.
disk51	NO38	1000	3	スシャ－ナが話す。	disk51/ﾚｽﾄ.png		KO	수잔나가 말한다.
disk51	NO38	1180	4	ゲッヘルが話す。	disk51/ﾚｽﾄ.png		KO	쾨헬이 말한다.
disk51	NO38	1200	5	男「ゲッヘルです。ロンドンでは、お世話になりました」	disk51/ﾚｽﾄ.png	disk43/ｹﾞﾍﾙ.png	KO	남자: 쾨헬입니다. 런던에서는 여러모로 신세를 졌습니다.
disk51	NO38	1210	6	スシャ－ナ「こちらこそ、このような遠いい場所にお呼びだてして、お世話になります」	disk51/ﾚｽﾄ.png	main/linR.png	KO	수잔나: 저야말로 이런 먼 곳까지 불러내서 죄송해요.
disk51	NO38	1220	7	ゲッヘル「魔王様の症状は変わりましたか」	disk51/ﾚｽﾄ.png	disk43/ｹﾞﾍﾙ.png	KO	쾨헬: 마왕님의 상태에는 변화가 있습니까?
disk51	NO38	1230	8	スシャ－ナ「夢と現実の垣根がくずれかけています。身体に夢アザが残っているのが何よりの証拠です」	disk51/ﾚｽﾄ.png	main/linR.png	KO	수잔나: 꿈과 현실의 경계가 무너지기 시작했어요. 꿈의 상처가 몸에 남아 있다는 게 무엇보다 확실한 증거죠.
disk51	NO38	1240	9	ゲッヘル「昨日連絡が入りましたが、裏切りの血を断たれたそうで、おめでとうございます」	disk51/ﾚｽﾄ.png	disk43/ｹﾞﾍﾙ.png	KO	쾨헬: 어제 소식을 들었습니다. 배신의 핏줄이 단죄됐다니, 축하드립니다.
disk51	NO38	1250	10	スシャ－ナ「あれも、魔王様の力が現れたためで、夢から送られた奇跡があったからこそ成功できたのです」	disk51/ﾚｽﾄ.png	main/linR.png	KO	수잔나: 그것도 마왕님의 힘이 깨어나기 시작했기 때문이에요. 꿈에서 보낸 기적이 있었기에 성공할 수 있었던 거죠.
disk51	NO38	1260	11	ゲッヘル「魔導の血を断たねばならない者が、この西ドイツにいると聞いていますが、私達の力では探す事が不可能で、その影すら浮かんできません」	disk51/ﾚｽﾄ.png	disk43/ｹﾞﾍﾙ.png	KO	쾨헬: 단죄해야 할 마도의 핏줄이 서독에 있다고 들었습니다만, 저희 능력으로는 찾을 수 없어서 그 흔적조차 잡지 못했습니다.
disk51	NO38	1270	12	スシャ－ナ「魔王の力がなければ私達にも無理な事です。それで例の物は持って来て頂きましたか・・・」	disk51/ﾚｽﾄ.png	main/linR.png	KO	수잔나: 마왕님의 힘이 없다면 저희도 무리예요. 그래서 그 물건은 가져오셨나요...?
disk51	NO38	1280	13	ゲッヘルは、ポケットから小さな箱をだして、テ－ブルの上に置いて開いた。	disk51/ﾚｽﾄ.png	main/linR.png	KO	쾨헬은 주머니에서 작은 상자를 꺼내 테이블 위에 놓고 뚜껑을 열었다.
disk51	NO38	1290	14	スシャ－ナ「これがロンドンの集まりで聞いた指輪ですか、これをお借りしてもいいのですか」	disk51/ﾚｽﾄ.png	main/linR.png	KO	수잔나: 이것이 런던의 모임에서 들었던 그 반지인가요? 이것을 제가 빌려도 괜찮을까요?
disk51	NO38	1300	15	ゲッヘル「私達にとっては命より大切な指輪ですが、復活を願う心は皆さんと同じです。どうぞお持ちになって下さい」	disk51/ﾚｽﾄ.png	disk43/ｹﾞﾍﾙ.png	KO	쾨헬: 저희에게는 목숨보다도 귀중한 반지입니다만, 그분의 부활을 바라는 마음은 저희도 마찬가지입니다. 부디 가져가 주십시오.
disk51	NO38	1305	16	スシャ－ナ「夢から現実に、そして現実から夢に・・・私達の願いがかなえられるかも知れません」	disk51/ﾚｽﾄ.png	main/linR.png	KO	수잔나: 꿈에서 현실로, 그리고 현실에서 꿈으로... 저희의 소원이 이루어질지도 모르겠네요.
disk51	NO38	1310	17	ゲッヘル「それにしても、デビッドさんの人気はうなぎ昇りの勢いで、スシャ－ナさんも大変でしょう」	disk51/ﾚｽﾄ.png	disk43/ｹﾞﾍﾙ.png	KO	쾨헬: 그건 그렇고 데이비드 씨의 인기는 하늘 높은 줄 모르고 올라가고 있으니, 수잔나 씨도 힘드시겠군요.
disk51	NO38	1320	18	スシャ－ナ「予想外の人気で、なれない仕事でしょう。警備や報道関係の処理に頭を痛めてますの」	disk51/ﾚｽﾄ.png	main/linR.png	KO	수잔나: 예상 밖의 인기라 익숙하지 않은 일이죠. 경비나 취재진에 대응하느라 골치를 앓고 있어요.
disk51	NO38	1330	19	ゲッヘル「話に夢中になって、料理が冷めてしまいました。いただきましょう」	disk51/ﾚｽﾄ.png	disk43/ｹﾞﾍﾙ.png	KO	쾨헬: 이야기만 하다가 음식이 다 식겠군요. 어서 먹도록 하죠.
disk51	NO38	1340	20	スシャ－ナは指輪の箱をバックに入れ、ゲッヘルと食事を始めた。	disk51/ﾚｽﾄ.png	disk43/ｹﾞﾍﾙ.png	KO	수잔나는 상자를 가방에 넣고 쾨헬과 식사를 시작했다.
disk51	NO38	1360	21	クラ－クが話す。	disk51/ﾚｽﾄ.png	disk43/ｹﾞﾍﾙ.png	KO	클라크가 말한다.
disk51	NO38	1360	22	ヴィンスが話す。	disk51/ﾚｽﾄ.png	disk43/ｹﾞﾍﾙ.png	KO	빈스가 말한다.
disk51	NO38	1500	23	ヴィンス「所長、イヤホ－ンを貸して下さい。所長ばかり聞いて、ずるいですよ」	disk51/KVﾚｽ.png	disk43/ｹﾞﾍﾙ.png	KO	빈스: 소장님, 저도 이어폰 좀 주세요. 소장님만 듣다니 치사해요.
disk51	NO38	1510	24	クラ－ク「テ－プに録音してあるから後で聞けばいい。君はニシンを食べてなさい」	disk51/KVﾚｽ.png	disk43/ｹﾞﾍﾙ.png	KO	클라크: 전부 녹음 중이니까 나중에 듣게나. 자네는 청어나 계속 먹게.
disk51	NO38	1520	25	ヴィンス「イヤホ－ンはいりませんから、会話の内容だけでも教えて下さい」	disk51/KVﾚｽ.png	disk43/ｹﾞﾍﾙ.png	KO	빈스: 이어폰은 됐으니까 무슨 얘기인지라도 알려 주세요.
disk51	NO38	1530	26	クラ－ク「それが何を言っているのか、すぐには理解できない話だ。後でテ－プを聞きながらチェックするしかないな」	disk51/KVﾚｽ.png	disk43/ｹﾞﾍﾙ.png	KO	클라크: 듣고 있어도 무슨 소린지 도통 이해가 안 되는군. 나중에 녹음한 걸 들으면서 확인하는 수밖에 없겠네.
disk51	NO38	1540	27	ヴィンス「話の要点だけでも・・・」	disk51/KVﾚｽ.png	disk43/ｹﾞﾍﾙ.png	KO	빈스: 대충 요점만이라도...
disk51	NO38	1550	28	クラ－ク「スシャ－ナとゲッヘルは、何かの会合でロンドンで会っているようだが、話の中で魔王とか、裏切りの血とか、魔導の血を断つとか・・・」	disk51/KVﾚｽ.png	disk43/ｹﾞﾍﾙ.png	KO	클라크: 수잔나와 쾨헬은 런던의 어떤 모임을 통해 만난 모양인데, 하는 얘기가 마왕이니, 배신자의 핏줄이니, 마도의 피를 끊는다느니 같은 말뿐일세...
disk51	NO38	1560	29	クラ－ク「魔王は人のあだ名として、後の言葉はまるでオカルト映画を聞いているような話だ」	disk51/KVﾚｽ.png	disk43/ｹﾞﾍﾙ.png	KO	클라크: 마왕이 누군가의 별명이라고 쳐도, 나머지는 완전히 오컬트 영화에나 나올 법한 이야기군.
disk51	NO38	1570	30	クラ－ク「ここで、会った目的はゲッヘルが大切にしている指輪をスシャ－ナに渡した事だが、今はバックの中で、残念ながら見る事ができない」	disk51/KVﾚｽ.png	disk43/ｹﾞﾍﾙ.png	KO	클라크: 이번 만남의 목적은 쾨헬이 아끼는 반지를 수잔나에게 넘기는 것이지만, 유감스럽게도 지금은 반지가 가방 안에 있으니 확인할 수 없겠군.
disk51	NO38	1580	31	ヴィンス「所長の話では、意味が良くわかりません。後でテ－プを聞かせて下さい」	disk51/KVﾚｽ.png	disk43/ｹﾞﾍﾙ.png	KO	빈스: 소장님 설명만 들어서는 모르겠네요. 나중에 녹음한 거 꼭 들려 주세요.
disk51	NO38	1590	32	スシャ－ナとゲッヘルは食事を終えて外に出た。	disk51/KVﾚｽ.png	disk43/ｹﾞﾍﾙ.png	KO	식사를 마친 수잔나와 쾨헬은 레스토랑 밖으로 나갔다.
disk51	NO38	1600	33	ヴィンス「君は、ゲッヘルを追え！　俺はスシャ－ナをつける」	disk51/ﾚｽﾄﾗ.png	disk43/ｹﾞﾍﾙ.png	KO	빈스: 자네는 쾨헬을 쫓게! 나는 수잔나를 따라가겠네!
disk51	NO38	1610	34	クラ－ク達は二人を追う。ゲッヘルは自分の車にスシャ－ナを乗せて走り始めた。	disk51/ﾚｽﾄﾗ.png	disk43/ｹﾞﾍﾙ.png	KO	탐정들은 두 사람을 뒤쫓았다. 쾨헬은 자기 차에 수잔나를 태우고 곧바로 출발했다.
disk51	NO38	1620	35	ゲッヘルの車はフランクフルトの方向へと走りはじめた。	disk51/ﾏﾁ.png	disk43/ｹﾞﾍﾙ.png	KO	쾨헬의 차는 프랑크푸르트 방향으로 달리기 시작했다.
disk51	NO38	1625	36	陽も落ち外灯がともりはじめた頃、ゲッヘルの車はデビッド達が泊まるホテルの近くで止まり、スシャ－ナを降ろして走り去った。	disk51/ﾏﾁ.png	disk43/ｹﾞﾍﾙ.png	KO	해가 지고 가로등이 켜지기 시작할 무렵, 쾨헬은 멤버들의 호텔 근처에 차를 세워 수잔나를 내려 준 뒤 그곳을 떠났다.
disk51	NO38	1630	37	ヴィンスはクラ－クを降ろし、ゲッヘルの車を追う。	disk51/ﾏﾁ.png	disk43/ｹﾞﾍﾙ.png	KO	빈스는 클라크를 내려 주고 쾨헬의 차를 쫓아갔다.
disk51	NO38	1640	38	スシャ－ナは、そのままホテルに入って行った。	disk51/ﾛﾋﾞｰ.png	disk43/ｹﾞﾍﾙ.png	KO	수잔나는 곧장 호텔 안으로 들어갔다.
disk51	NO38	1650	39	スシャ－ナはフロントで係員と話をしている。	disk51/ﾛﾋﾞｰ.png	disk43/ｹﾞﾍﾙ.png	KO	수잔나는 프런트 직원에게 말을 걸었다.
disk51	NO38	1660	40	スシャ－ナ「メンバ－の人達はホテルにいますか・・・」	disk51/ﾛﾋﾞｰ.png	disk43/ｹﾞﾍﾙ.png	KO	수잔나: 멤버들은 지금 호텔에 있나요...?
disk51	NO38	1670	41	係員「さきほど出ていかれましたが・・・キ－をお預かりしていますので、まだお戻りになっていないようです」	disk51/ﾛﾋﾞｰ.png	disk43/ｹﾞﾍﾙ.png	KO	직원: 조금 전에 나가셨습니다... 열쇠가 보관되어 있으니 아직 돌아오시지 않은 것 같습니다.
disk51	NO38	1800	42	スシャ－ナは部屋のキ－を受け取り、エレベ－タ－に向かった。	disk51/ﾛﾋﾞｰ.png	disk43/ｹﾞﾍﾙ.png	KO	수잔나는 자기 방 열쇠를 받아 들고 엘리베이터로 향했다.
disk51	NO38	1810	43	１０時頃になってデビッド達がホテルに戻って来たが、アンドリュ－がいない。	disk51/ﾛﾋﾞｰ.png	disk43/ｹﾞﾍﾙ.png	KO	밤 10시쯤에 멤버들이 호텔로 돌아왔지만, 앤드류의 모습은 보이지 않았다.
disk51	NO38	1830	44	デビッドが話す。	disk51/ﾛﾋﾞｰ.png	disk43/ｹﾞﾍﾙ.png	KO	데이비드가 말한다.
disk51	NO38	1830	45	アランが話す。	disk51/ﾛﾋﾞｰ.png	disk43/ｹﾞﾍﾙ.png	KO	앨런이 말한다.
disk51	NO38	1830	46	マ－チンが話す。	disk51/ﾛﾋﾞｰ.png	disk43/ｹﾞﾍﾙ.png	KO	마틴이 말한다.
disk51	NO38	2000	47	アラン「デビッド、大丈夫かい。今夜はだいぶビ－ルを飲んだみたいだが・・・」	disk51/ﾛﾋﾞｰ.png	main/alnL.png	KO	앨런: 데이비드, 괜찮아? 오늘 밤은 맥주를 꽤 많이 마신 것 같던데...
disk51	NO38	2010	48	デビッド「今夜の体調は最高だよ。ドイツのビ－ルがあってるのか、いくら飲んでも悪酔いしないんだ」	disk51/ﾛﾋﾞｰ.png	main/davL.png	KO	데이비드: 오늘은 컨디션 최고야. 독일 맥주가 나랑 잘 맞는지 아무리 마셔도 취기가 오르지 않고 상쾌해.
disk51	NO38	2020	49	アラン「アンドリュ－は久しぶりに女にもてたので、調子にのって困った奴だよ」	disk51/ﾛﾋﾞｰ.png	main/alnL.png	KO	앨런: 앤드류는 오랜만에 여자들에게 인기가 있다고 우쭐해져서는, 정말 못 말린다니까.
disk51	NO38	2030	50	デビッド「でもアンドリュ－はいいよ。ああして羽をのばせるのだから。俺なんか音楽以外に趣味は無いから」	disk51/ﾛﾋﾞｰ.png	main/davL.png	KO	데이비드: 그래도 앤드류가 부러워. 저렇게 마음껏 놀 수도 있고. 난 음악 말고는 이렇다 할 취미도 없으니까.
disk51	NO38	2040	51	マ－チン「明日はアンドリュ－が二日酔いで新曲の練習はだめかもしれないな・・・」	disk51/ﾛﾋﾞｰ.png	main/marL.png	KO	마틴: 저러다 내일 앤드류가 숙취 때문에 신곡 연습도 못 할지도 몰라...
disk51	NO38	2050	52	デビッド「スシャ－ナは帰ったかな・・・会場を下見に行くって言ってたが・・・」	disk51/ﾛﾋﾞｰ.png	main/davL.png	KO	데이비드: 수잔나는 돌아왔으려나... 공연장을 사전 점검하러 간다고 했는데...
disk51	NO38	2060	53	マ－チン「スシャ－ナは良く働くよ。彼女がいなかったら、コンサ－トはここまで成功していなかったよ」	disk51/ﾛﾋﾞｰ.png	main/marL.png	KO	마틴: 수잔나는 정말 부지런해. 그녀가 없었으면 이번 투어가 이렇게까지 성공하지 못했을 거야.
disk51	NO38	2070	54	デビッド「アンドリュ－、俺達のレコ－ドは生産がまにあわないって聞いたが、どれくらいの儲けになるんだ」	disk51/ﾛﾋﾞｰ.png	main/davL.png	KO	데이비드: 앤드류, 우리 음반을 찍어 내는 속도가 판매량을 못 따라간다는데 얼마나 벌게 될까?
disk51	NO38	2080	55	アラン「収入は俺達メンバ－と事務所が半々で分けるから、え－と・・・一人あたり・・・酔いが回って計算できないよ。大金持ちになった事は確かだ」	disk51/ﾛﾋﾞｰ.png	main/alnL.png	KO	앨런: 수익은 멤버들과 사무소가 절반씩 나누니까, 어디 보자... 한 사람당... 취기 때문에 계산이 안 되네. 아무튼 우리 모두 큰돈을 벌게 되는 건 확실해.
disk51	NO38	2090	56	デビッド「さて、寝るか、酔いが残っているうちに寝ないと熟睡できずに悪夢を見てしまうかも知れないんだ」	disk51/ﾛﾋﾞｰ.png	main/davL.png	KO	데이비드: 난 이만 잘래. 취기가 남아 있을 때 자지 않으면 푹 자지 못해 악몽을 꿀지도 모르거든.
disk51	NO38	2100	57	マ－チン「アンドリュ－は、一人で大丈夫かな・・・前からすぐ調子に乗るタイプだから、人気が出てから特にひどくなったようで・・・」	disk51/ﾛﾋﾞｰ.png	main/marL.png	KO	마틴: 앤드류 혼자 괜찮을까... 원래도 금방 들뜨는 타입이었는데, 유명해지고 나서 특히 더 심해진 것 같아...
disk51	NO38	2110	58	アラン「イタリアのレストランの一件は、俺達も十分楽しんだから文句はいえないし、皆な大人だからアンドリュ－だって限度は知っているよ。さあ寝よう」	disk51/ﾛﾋﾞｰ.png	main/alnL.png	KO	앨런: 이탈리아 레스토랑 때는 우리도 실컷 놀았으니 앤드류한테 뭐라 할 처지도 아니잖아. 다 큰 성인인데 앤드류도 알아서 선을 지키겠지. 이제 잠이나 자자고.
disk51	NO38	2120	59	三人は、それぞれの部屋に戻った。	disk51/ﾛﾋﾞｰ.png	main/alnL.png	KO	세 사람은 각자의 방으로 돌아갔다.
disk51	NO38	10000	93	ＤＡＴＡをＳＡＶＥしますか？　Ｙ／Ｎ	disk51/ﾛﾋﾞｰ.png	main/alnL.png	KO	
disk51	NO38	10040	99	ドライブ１に、ＳＡＶＥ・ディスクを入れて下さい。	disk51/ﾛﾋﾞｰ.png	main/alnL.png	KO	
disk51	NO38	10070	101	ドライブ１のディスクが違います。	disk51/ﾛﾋﾞｰ.png	main/alnL.png	KO	드라이브 1의 디스크가 다릅니다.
disk51	NO38	10110	102	ＳＡＶＥしました。ドライブ１のディスクに、ＭＡＩＮディスクを入れて下さい。	disk51/ﾛﾋﾞｰ.png	main/alnL.png	KO	
disk51	NO38	10150	104	ドライブ１のディスクが違います。	disk51/ﾛﾋﾞｰ.png	main/alnL.png	KO	드라이브 1의 디스크가 다릅니다.
disk51	NO39	900	0	デビッドが話す。	disk51/ﾛﾋﾞｰ.png	main/alnL.png	KO	데이비드가 말한다.
disk51	NO39	900	1	アランが話す。	disk51/ﾛﾋﾞｰ.png	main/alnL.png	KO	앨런이 말한다.
disk51	NO39	900	2	マ－チンが話す。	disk51/ﾛﾋﾞｰ.png	main/alnL.png	KO	마틴이 말한다.
disk51	NO39	900	3	アンドリュ－が話す。	disk51/ﾛﾋﾞｰ.png	main/alnL.png	KO	앤드류가 말한다.
disk51	NO39	900	4	スシャ－ナが話す。	disk51/ﾛﾋﾞｰ.png	main/alnL.png	KO	수잔나가 말한다.
disk51	NO39	900	5	賭けの相手が話す。	disk51/ﾛﾋﾞｰ.png	main/alnL.png	KO	도박꾼이 말한다.
disk51	NO39	1000	6	デビッドが部屋に入って着替えをしようとした時、ドアがノックされた。	disk51/ﾍﾞｯﾄ.png	main/alnL.png	KO	데이비드가 방에 들어가 옷을 갈아입으려 할 때, 노크 소리가 들렸다.
disk51	NO39	1010	7	デビッドはドアを開くとスシャ－ナがいた。	disk51/ﾍﾞｯﾄ.png	main/alnL.png	KO	데이비드가 문을 열자, 수잔나가 서 있었다.
disk51	NO39	1200	8	スシャ－ナ「帰ってたの、あら！　お酒を飲んだのね。顔が少し赤くなってるわ」	disk51/ﾍﾞｯﾄ.png	main/linR.png	KO	수잔나: 돌아왔네요. 어머, 술 마셨네요? 얼굴이 조금 빨개졌어요.
disk51	NO39	1210	9	デビッド「うん、少しね」	disk51/ﾍﾞｯﾄ.png	main/davL.png	KO	데이비드: 응, 조금 마셨어.
disk51	NO39	1220	10	デビッドはスシャ－ナを部屋の中に通して、ドアを閉めキスをした。	disk51/ﾍﾞｯﾄ.png	main/davL.png	KO	데이비드는 수잔나를 방 안으로 들인 뒤, 문을 닫고 그녀에게 키스했다.
disk51	NO39	1221	11	デビッド「スシャ－ナ、愛してるよ」	disk51/ﾍﾞｯﾄ.png	main/davL.png	KO	데이비드: 수잔나, 사랑해.
disk51	NO39	1230	12	スシャ－ナ「愛してるわ。デビッド、薬を持ってきたの、どう体の具合は・・・」	disk51/ﾍﾞｯﾄ.png	main/linR.png	KO	수잔나: 저도 사랑해요. 데이비드, 약을 가져왔어요. 몸은 좀 어때요?
disk51	NO39	1240	13	デビッド「今日は大丈夫みたいだが、用心のため薬を貰っておくよ。悪夢の奴は体調とは関係なく出てくるみたいだからな」	disk51/ﾍﾞｯﾄ.png	main/davL.png	KO	데이비드: 오늘은 괜찮을 것 같지만, 혹시 모르니까 약은 받아 둘게. 악몽은 내 컨디션과 상관없이 찾아오는 것 같으니까.
disk51	NO39	1250	14	スシャ－ナ「デビッド、悪夢の事だけど、笑わないで聞いてくれる」	disk51/ﾍﾞｯﾄ.png	main/linR.png	KO	수잔나: 데이비드, 악몽 때문에 할 말이 있는데 웃지 말고 들어 줄래요?
disk51	NO39	1260	15	スシャ－ナはポケットから指輪を取り出してデビッドに渡した。	disk51/ﾍﾞｯﾄ.png	main/linR.png	KO	수잔나는 주머니에서 반지를 꺼내 데이비드에게 건넸다.
disk51	NO39	1265	16	スシャ－ナ「この指輪の事なの」	disk51/ﾍﾞｯﾄ.png	main/linR.png	KO	수잔나: 바로 이 반지 이야기예요.
disk51	NO39	1270	17	デビッド「この指輪が悪夢に何か関係があるのかい」	disk51/ﾍﾞｯﾄ.png	main/davL.png	KO	데이비드: 이 반지가 악몽이랑 무슨 상관인데?
disk51	NO39	1280	18	スシャ－ナ「そうなの、この指輪をしてたら悪夢を払ってくれるそうよ。興行事務所で悪魔払いに凝っている人がいて、私が悪夢を見て困っていると言ったら、これをしなさいって」	disk51/ﾍﾞｯﾄ.png	main/linR.png	KO	수잔나: 이걸 끼고 있으면 악몽을 물리쳐 준대요. 흥행사무소에 악령 퇴치에 푹 빠진 사람이 있는데, 제가 악몽 때문에 힘들다고 했더니 이 반지를 끼라고 줬어요.
disk51	NO39	1290	19	デビッド「指輪で悪夢を・・・スシャ－ナも意外と迷信深いんだな、薬ならともかく、指輪で効くはずがないよ」	disk51/ﾍﾞｯﾄ.png	main/davL.png	KO	데이비드: 반지로 악몽을... 수잔나도 의외로 미신을 믿는구나. 약이라면 몰라도 반지로 효과가 있을 리 없잖아.
disk51	NO39	1300	20	スシャ－ナ「でも気持ちの問題よ。指輪をしてたら悪夢を見ないと信じていれば、見ないかも知れないわ」	disk51/ﾍﾞｯﾄ.png	main/linR.png	KO	수잔나: 하지만 다 마음먹기잖아요. 반지를 끼면 악몽을 꾸지 않는다고 믿으면 정말 효과가 있을지도 몰라요.
disk51	NO39	1310	21	デビッド「そうだな、スシャ－ナがせっかく手に入れてきてくれた指輪だから。でも俺の指にあうかな」	disk51/ﾍﾞｯﾄ.png	main/davL.png	KO	데이비드: 좋아, 수잔나가 일부러 구해 온 거니까 껴볼게. 그런데 내 손가락에 맞으려나?
disk51	NO39	1320	22	デビッドが指輪をはめる。	disk51/ﾍﾞｯﾄ.png	main/davL.png	KO	데이비드는 반지를 꼈다.
disk51	NO39	1330	23	デビッド「この指輪は俺の指にピッタシだ。それに、この指輪の模様は凄みがあって悪夢に効きそうだな」	disk51/ﾍﾞｯﾄ.png	main/davL.png	KO	데이비드: 신기하게도 딱 맞네. 문양도 꽤 섬뜩하고 강렬해서 정말 악몽을 쫓아 줄 것 같아.
disk51	NO39	1340	24	スシャ－ナ「そうよ、きっと効くと信じるのよ」	disk51/ﾍﾞｯﾄ.png	main/linR.png	KO	수잔나: 그래요, 반드시 효과가 있다고 믿어 봐요.
disk51	NO39	1350	25	その時、部屋の電話が鳴った。	disk51/ﾍﾞｯﾄ.png	main/linR.png	KO	그때, 방의 전화가 울렸다.
disk51	NO39	1351	26	スシャ－ナ「電話が鳴ってるわ」	disk51/ﾍﾞｯﾄ.png	main/linR.png	KO	수잔나: 전화 왔어요.
disk51	NO39	1360	27	デビッド「やあ、アラン、どうしたんだ・・・えっ！　アンドリュ－が・・・うんスシャ－ナに連絡してロビ－に行くよ」	disk51/ﾍﾞｯﾄ.png	main/davL.png	KO	데이비드: 여보세요, 앨런, 무슨 일이야? ...뭐! 앤드류가? 알았어. 수잔나한테 말하고 바로 로비로 내려갈게.
disk51	NO39	1370	28	スシャ－ナ「どうしたの・・・アンドリュ－に何かあったの・・・」	disk51/ﾍﾞｯﾄ.png	main/linR.png	KO	수잔나: 무슨 일이죠? 앤드류에게 무슨 일이 생겼나요...?
disk51	NO39	1380	29	デビッド「うん、アンドリュ－が賭けトランプをして派手に負けて困ってるみたいなんだ。あの時ホテルに一緒に帰ろうと言ったんだが、英語の話せる女性と意気投合して・・・」	disk51/ﾍﾞｯﾄ.png	main/davL.png	KO	데이비드: 그래. 앤드류가 돈을 걸고 트럼프를 하다가 크게 져서 곤란해진 모양이야. 같이 호텔로 돌아가자고 했는데, 영어를 할 줄 아는 여자와 눈이 맞아서...
disk51	NO39	1390	30	スシャ－ナ「アンドリュ－も一緒に戻ってると思ってたのに、問題が起こらないうちに行かないと大変な事になってしまうわ。私、小切手をとってくるからロビ－で待っていて」	disk51/ﾍﾞｯﾄ.png	main/linR.png	KO	수잔나: 앤드류도 같이 돌아온 줄 알았는데, 일이 더 커지기 전에 빨리 가 봐야겠네요. 제가 수표를 가져올 테니까 로비에서 기다리세요.
disk51	NO39	1400	31	スシャ－ナは部屋を出て行った。デビッドはアンドリュ－の事を考えると不安な気持ちにかられた。	disk51/ﾍﾞｯﾄ.png	main/davL.png	KO	수잔나가 방을 나가자, 데이비드는 앤드류 때문에 불안해졌다.
disk51	NO39	1410	32	スシャ－ナが置いていった薬を見て思った。この薬を飲んだ後は変に自信がわき、思い通り事が運ぶみたいだ。今の不安を消すために薬を飲むか迷った。	disk51/ﾍﾞｯﾄ.png	main/davL.png	KO	데이비드는 수잔나가 놓고 간 약을 바라봤다. 이상하게도 그 약을 먹고 나면 자신감이 넘치고 무슨 일이든 뜻대로 풀리는 듯했다. 지금 느끼는 불안을 없애기 위해 약을 먹을지 잠시 고민했다.
disk51	NO39	1420	33	薬をあまり飲むと習慣になるからやめる。	disk51/ﾍﾞｯﾄ.png	main/davL.png	KO	약에 의존하게 될 수도 있으니 먹지 않는다.
disk51	NO39	1420	34	不安を消すためだ。飲もう。	disk51/ﾍﾞｯﾄ.png	main/davL.png	KO	불안을 떨쳐 내기 위해 약을 먹는다.
disk51	NO39	1424	35	デビッドは、部屋を出る。	disk51/ﾍﾞｯﾄ.png	main/davL.png	KO	데이비드는 방을 나섰다.
disk51	NO39	1430	36	ロビ－にアランとマ－チンが待っていた。	disk51/ﾛﾋﾞｰ.png	main/davL.png	KO	로비에는 앨런과 마틴이 기다리고 있었다.
disk51	NO39	1600	37	アラン「スシャ－ナはいたのか・・・」	disk51/ﾛﾋﾞｰ.png	main/alnL.png	KO	앨런: 수잔나에게 말했어?
disk51	NO39	1610	38	デビッド「うん、すぐに降りて来ると言っていたよ。アンドリュ－の奴いくら位負けたんだ」	disk51/ﾛﾋﾞｰ.png	main/davL.png	KO	데이비드: 응, 금방 내려온대. 그런데 앤드류는 대체 얼마나 잃은 거야?
disk51	NO39	1620	39	アラン「２００００ＤＭ（約１５０万円）も負けたとか言っていたよ。俺に電話しても、そんな金はないし、スシャ－ナに立て替えてもらうしか・・・」	disk51/ﾛﾋﾞｰ.png	main/alnL.png	KO	앨런: 20,000 마르크(약 1만 달러)나 잃었다더라. 나한테 애걸해 봐야 그런 거금이 있을 리가 없으니, 수잔나에게 대신 내 달라고 부탁하는 수밖에...
disk51	NO39	1621	40	スシャ－ナが降りて来た。	disk51/ﾛﾋﾞｰ.png	main/alnL.png	KO	수잔나가 내려왔다.
disk51	NO39	1630	41	アラン「スシャ－ナ、やっかいな事になったよ」	disk51/ﾛﾋﾞｰ.png	main/alnL.png	KO	앨런: 수잔나, 골치 아픈 일이 생겼어.
disk51	NO39	1640	42	スシャ－ナ「アンドリュ－の負けはいくらなの・・・」	disk51/ﾛﾋﾞｰ.png	main/linR.png	KO	수잔나: 앤드류가 얼마나 잃었는데요?
disk51	NO39	1650	43	アラン「２００００ＤＭって言ってたけど、奴の事だ俺達が行くまで、まだ賭けトランプをしてるかも知れないよ」	disk51/ﾛﾋﾞｰ.png	main/alnL.png	KO	앨런: 20,000 마르크라고 했는데, 앤드류 성격이면 우리가 도착할 때까지 계속 도박하고 있을지도 몰라.
disk51	NO39	1660	44	スシャ－ナ「小切手を持ってきたから支払いはできるけど、アンドリュ－の収入から引く事になるわ。さあ行きましょう」	disk51/ﾛﾋﾞｰ.png	main/linR.png	KO	수잔나: 수표를 가져왔으니 일단 갚을 수는 있겠지만, 그만큼 앤드류 정산금에서 제할 거예요. 어서 가죠.
disk51	NO39	1665	45	デビッド達はホテルの前のタクシ－でアンドリュ－のいる店に行った。	disk51/ﾊﾟﾌﾞ.png	main/linR.png	KO	멤버들은 호텔 앞에서 택시를 잡아 앤드류가 있다는 가게로 향했다.
disk51	NO39	1668	46	店の中に入るとアンドリュ－は、身なりの良い紳士風の男とトランプをしていた。	disk51/ﾐｾﾅｶ.png	main/linR.png	KO	가게 안으로 들어가자, 앤드류는 말쑥한 신사풍 남자와 트럼프를 하고 있었다.
disk51	NO39	1900	47	アンドリュ－「よう！　来てくれたな、あれから少し負けたが、今はつきが回ってきたから、少し待ってくれよ」	disk51/ﾐｾﾅｶ.png	main/andL.png	KO	앤드류: 어이! 와줬구나. 그 뒤로 조금 더 졌지만, 이제 운이 붙기 시작했으니 조금만 기다려봐.
disk51	NO39	1910	48	アラン「アンドリュ－、そんなに酒が入って賭け事は無理だよ。さあ帰るんだ」	disk51/ﾐｾﾅｶ.png	main/alnL.png	KO	앨런: 앤드류, 그렇게 취한 상태로 도박해서 이길 수 있겠냐고. 이제 그만하고 돌아가자.
disk51	NO39	1920	49	アンドリュ－「よし！　賭け金を１００００ＤＭにして一発勝負にしょう。金を持って来てくれたから、つきもよくなるぜ」	disk51/ﾐｾﾅｶ.png	main/andL.png	KO	앤드류: 좋아! 10,000 마르크 걸고 한 판에 끝내자! 이제 돈도 가져왔으니 운도 돌아올 거야!
disk51	NO39	1930	50	賭けの相手「私は勝たせて頂いていますから、掛け金は、お好きなようにして下さい。でもイギリス人はきっぷがいいですね」	disk51/ﾐｾﾅｶ.png	disk43/ｵﾄｺ.png	KO	도박꾼: 저야 계속 이기고 있으니 판돈은 마음대로 하십시오. 역시 영국인은 통이 크군요.
disk51	NO39	1940	51	男がトランプを配る。アンドリュ－の手は３カ－ドになっている。	disk51/ﾐｾﾅｶ.png	disk43/ｵﾄｺ.png	KO	남자가 카드를 나눠줬다. 앤드류의 패는 쓰리 카드였다.
disk51	NO39	1941	52	賭けの相手「どうしますか・・・」	disk51/ﾐｾﾅｶ.png	disk43/ｵﾄｺ.png	KO	도박 상대: 어떻게 하시겠습니까?
disk51	NO39	1950	53	アンドリュ－「よし、２枚替えるか」	disk51/ﾐｾﾅｶ.png	main/andL.png	KO	앤드류: 좋아, 두 장 바꾸지.
disk51	NO39	1960	54	カ－ドを２枚替えたが、３カ－ドのままだった。	disk51/ﾐｾﾅｶ.png	main/andL.png	KO	카드 두 장을 바꿨지만, 쓰리 카드 그대로였다.
disk51	NO39	1970	55	賭けの相手「私は４と８のフルハウスです。これで３００００ＤＭの貸しになりました。アンドリュ－さん、まだ続けますか・・・」	disk51/ﾐｾﾅｶ.png	disk43/ｵﾄｺ.png	KO	도박 상대: 저는 4와 8의 풀하우스입니다. 이걸로 제게 갚으셔야 할 돈이 30,000 마르크가 됐군요. 앤드류 씨, 그래도 계속하시겠습니까?
disk51	NO39	1980	56	アンドリュ－「まだまだやるぜ、俺の金は、この金額の１０倍は入る筈だから、なっ！　スシャ－ナ」	disk51/ﾐｾﾅｶ.png	main/andL.png	KO	앤드류: 아직 더 할 거야. 내가 벌 돈은 지금 빚의 열 배는 더 된다고. 그렇지, 수잔나?
disk51	NO39	1990	57	スシャ－ナ「アンドリュ－、もうこれ以上しないで、この方はプロよ。貴方がいくらしても勝てる筈がないのに」	disk51/ﾐｾﾅｶ.png	main/linR.png	KO	수잔나: 앤드류, 이제 그만해요. 이 사람은 프로예요. 당신이 아무리 해도 이길 수 없어요.
disk51	NO39	2000	58	アンドリュ－「このまま負けて帰れと言うのか、いやだね。元を取り戻すまで頑張らないと」	disk51/ﾐｾﾅｶ.png	main/andL.png	KO	앤드류: 이렇게 잃기만 하고 돌아가라고? 싫어, 적어도 본전은 되찾아야지.
disk51	NO39	2200	59	アラン「みんな心配してるんだ。帰ろう」	disk51/ﾐｾﾅｶ.png	main/alnL.png	KO	앨런: 모두 걱정하고 있다고. 돌아가자.
disk51	NO39	2210	60	デビッド「アンドリュ－、この賭けは俺達素人がやるゲ－ムとは違うようだ。無理しないで帰ろうよ」	disk51/ﾐｾﾅｶ.png	main/davL.png	KO	데이비드: 앤드류, 이건 우리가 재미로 치는 트럼프랑 달라. 더 무리하지 말고 그만 돌아가자.
disk51	NO39	2220	61	アンドリュ－「そんな事を言ったって、負けてるのは俺なんだぜ」	disk51/ﾐｾﾅｶ.png	main/andL.png	KO	앤드류: 말이야 쉽지. 정작 돈을 잃은 건 나라고.
disk51	NO39	2230	62	スシャ－ナ「アンドリュ－の負けは３００００ＤＭね。小切手を渡したからゲ－ムを終わりにして下さい」	disk51/ﾐｾﾅｶ.png	main/linR.png	KO	수잔나: 앤드류가 빚진 돈이 30,000 마르크죠? 수표로 지불할 테니 여기서 끝내 주세요.
disk51	NO39	2240	63	賭けの相手「すみませんね。私も［エルノ・ビジョン］のフアンですが、賭け事は別でね。きちんと頂かせてもらいます」	disk51/ﾐｾﾅｶ.png	disk43/ｵﾄｺ.png	KO	도박꾼: 죄송합니다. 저도 `엘레노 비전'의 팬이지만 승부는 승부니까요. 돈은 정확히 받겠습니다.
disk51	NO39	2250	64	スシャ－ナ「アンドリュ－、くよくよしないで今夜の事は忘れましょうね。みんなも忘れて」	disk51/ﾐｾﾅｶ.png	main/linR.png	KO	수잔나: 앤드류, 너무 속상해하지 마요. 오늘 일은 그냥 잊어요. 그리고 여러분도요.
disk51	NO39	2260	65	デビッド達は表に待たせていたタクシ－に乗ってホテルに帰った。	disk51/ﾐｾﾅｶ.png	main/linR.png	KO	멤버들은 밖에서 기다리던 택시를 타고 호텔로 돌아갔다.
disk51	NO39	2300	67	デビッドは掛け金の大きさに魅力を感じていた。一瞬にして１００００ＤＭがもうかると思うと・・・	disk51/ﾐｾﾅｶ.png	main/linR.png	KO	데이비드는 엄청난 판돈에 묘한 매력을 느끼고 있었다. 단 한 번의 승부로 10,000 마르크를 벌 수 있다고 생각하니...
disk51	NO39	2310	68	アンドリュ－と代わって賭けトランプをする。	disk51/ﾐｾﾅｶ.png	main/linR.png	KO	앤드류 대신 도박판에 끼어든다.
disk51	NO39	2310	69	賭け事などすべきではない。	disk51/ﾐｾﾅｶ.png	main/linR.png	KO	그냥 지켜본다.
disk51	NO39	10000	102	ＤＡＴＡをＳＡＶＥしますか？　Ｙ／Ｎ	disk51/ﾐｾﾅｶ.png	main/linR.png	KO	
disk51	NO39	10040	108	ドライブ１に、ＳＡＶＥ・ディスクを入れて下さい。	disk51/ﾐｾﾅｶ.png	main/linR.png	KO	
disk51	NO39	10070	110	ドライブ１のディスクが違います。	disk51/ﾐｾﾅｶ.png	main/linR.png	KO	드라이브 1의 디스크가 다릅니다.
disk51	NO39	10110	111	ＳＡＶＥしました。ドライブ１のディスクに、ＭＡＩＮディスクを入れて下さい。	disk51/ﾐｾﾅｶ.png	main/linR.png	KO	
disk51	NO39	10150	113	ドライブ１のディスクが違います。	disk51/ﾐｾﾅｶ.png	main/linR.png	KO	드라이브 1의 디스크가 다릅니다.
disk51	NO40	900	0	デビッドが話す。	disk51/ﾐｾﾅｶ.png	main/linR.png	KO	데이비드가 말한다.
disk51	NO40	900	1	アランが話す。	disk51/ﾐｾﾅｶ.png	main/linR.png	KO	앨런이 말한다.
disk51	NO40	900	2	マ－チンが話す。	disk51/ﾐｾﾅｶ.png	main/linR.png	KO	마틴이 말한다.
disk51	NO40	900	3	アンドリュ－が話す。	disk51/ﾐｾﾅｶ.png	main/linR.png	KO	앤드류가 말한다.
disk51	NO40	900	4	スシャ－ナが話す。	disk51/ﾐｾﾅｶ.png	main/linR.png	KO	수잔나가 말한다.
disk51	NO40	900	5	賭けの相手が話す。	disk51/ﾐｾﾅｶ.png	main/linR.png	KO	도박꾼이 말한다.
disk51	NO40	910	6	デビッドはアンドリュ－を椅子から押しのけて座った。	disk51/ﾐｾﾅｶ.png	main/linR.png	KO	데이비드는 앤드류를 의자에서 밀어내고 앉았다.
disk51	NO40	1300	7	アンドリュ－「デビッド、何をするんだ。賭けをしているのは俺なんだぜ」	disk51/ﾐｾﾅｶ.png	main/andL.png	KO	앤드류: 데이비드, 뭐하는 거야? 지금 승부 중인 건 나라고!
disk51	NO40	1310	8	デビッド「相手がプロでは、朝までやっても勝てる筈がない。文無しにならないうちに代われよ」	disk51/ﾐｾﾅｶ.png	main/davL.png	KO	데이비드: 상대가 프로라면 아침까지 해봐야 이길 수 없어. 빈털터리가 되기 전에 나한테 맡겨.
disk51	NO40	1320	9	アンドリュ－「デビッド！　ポ－カ－は俺より弱いくせに、負けはお前が払うんだぜ」	disk51/ﾐｾﾅｶ.png	main/andL.png	KO	앤드류: 데이비드! 포커는 나보다 못 치잖아. 대신 지면 네가 갚는 거다.
disk51	NO40	1330	10	アラン「デビッド、俺達はアンドリュ－を連れ戻しに来たのに、どうしたんだ」	disk51/ﾐｾﾅｶ.png	main/alnL.png	KO	앨런: 데이비드, 우린 앤드류를 데리러 온 거잖아. 갑자기 왜 그래?
disk51	NO40	1340	11	スシャ－ナ「デビッド、やめて！」	disk51/ﾐｾﾅｶ.png	main/linR.png	KO	수잔나: 데이비드, 그만둬요!
disk51	NO40	1350	12	デビッド「掛け金は２００００ＤＭにして下さい。細かいと時間の無駄だから、いいですね」	disk51/ﾐｾﾅｶ.png	main/davL.png	KO	데이비드: 판돈은 20,000 마르크로 하죠. 푼돈으로 해봐야 시간 낭비니까, 괜찮겠습니까?
disk51	NO40	1360	13	賭けの相手「私には異存ありません。貴方がデビッドさんですね。私は貴方のフアンで、こうしてお相手できるのは光栄です。でも手は抜きませんよ」	disk51/ﾐｾﾅｶ.png	disk43/ｵﾄｺ.png	KO	도박꾼: 저야 좋습니다. 당신이 데이비드 씨군요. 저도 팬인데 이렇게 직접 승부하게 되어 영광입니다. 그렇다고 봐드리지 않겠습니다.
disk51	NO40	1370	14	男は、楽しむように、ゆっくりとトランプを配る。	disk51/ﾐｾﾅｶ.png	disk43/ｵﾄｺ.png	KO	남자는 이 상황을 즐기기라도 하듯 느긋하게 카드를 돌렸다.
disk51	NO40	1380	15	デビッドがカ－ドを開くと３のスリ－カ－ドとハ－トのエ－スと４になっている。	disk51/ﾐｾﾅｶ.png	disk43/ｵﾄｺ.png	KO	데이비드가 카드를 펼쳐 보니, 숫자 3 세 장과 하트 A 한 장, 숫자 4 한 장이 있었다.
disk51	NO40	1390	16	賭けの相手「何枚替えますか・・・」	disk51/ﾐｾﾅｶ.png	disk43/ｵﾄｺ.png	KO	도박꾼: 몇 장 바꾸시겠습니까?
disk51	NO40	1400	17	デビッド「４枚下さい」	disk51/ﾐｾﾅｶ.png	main/davL.png	KO	데이비드: 네 장 바꾸겠습니다.
disk51	NO40	1410	18	デビッドはハ－トのエ－スを残して全てのカ－ドを替えた。	disk51/ﾐｾﾅｶ.png	main/davL.png	KO	데이비드는 하트 A를 남기고 모든 카드를 버렸다.
disk51	NO40	1420	19	デビッド「貴方は替えないのですか」	disk51/ﾐｾﾅｶ.png	main/davL.png	KO	데이비드: 당신은 바꾸지 않습니까?
disk51	NO40	1430	20	賭けの相手「私はこれでいいでしょう」	disk51/ﾐｾﾅｶ.png	disk43/ｵﾄｺ.png	KO	도박꾼: 저는 이대로 가겠습니다.
disk51	NO40	1440	21	賭けの相手はカ－ドを開いた。キングの４カ－ドだ。	disk51/ﾐｾﾅｶ.png	disk43/ｵﾄｺ.png	KO	도박꾼은 카드를 펼쳤다. 킹 포 카드였다.
disk51	NO40	1450	22	アンドリュ－「始めから４カ－ドなんて、おかしすぎるぜ」	disk51/ﾐｾﾅｶ.png	main/andL.png	KO	앤드류: 처음부터 포 카드라니, 너무 수상하잖아.
disk51	NO40	1460	23	賭けの相手「私がカ－ドに何かしたというのですか？　証拠でもあるのですか」	disk51/ﾐｾﾅｶ.png	disk43/ｵﾄｺ.png	KO	도박꾼: 제가 속임수를 썼다는 겁니까? 증거라도 있습니까?
disk51	NO40	1470	24	デビッド「アンドリュ－、黙ってろ」	disk51/ﾐｾﾅｶ.png	main/davL.png	KO	데이비드: 앤드류, 가만있어.
disk51	NO40	1480	25	デビッドがカ－ドを開く、エ－スの４カ－ドだ。	disk51/ﾐｾﾅｶ.png	main/davL.png	KO	데이비드가 카드를 펼쳤다. 에이스 포 카드였다.
disk51	NO40	1490	26	デビッド「俺はエ－スだから勝ちですね。さあ、もう一度やりましょう。カ－ドを配るのが苦手なので、お願いします」	disk51/ﾐｾﾅｶ.png	main/davL.png	KO	데이비드: 에이스니까 제가 이겼군요. 자, 한 판 더 하죠. 저는 카드를 돌리는 데 익숙하지 않으니 계속 부탁하겠습니다.
disk51	NO40	1500	27	アンドリュ－「どうなってるんだ。二人とも４カ－ドだなんて、デビッドのツキは最高だぜ」	disk51/ﾐｾﾅｶ.png	main/andL.png	KO	앤드류: 이게 대체 어떻게 된 거야? 둘 다 포 카드라니! 오늘 데이비드의 운이 미쳤는데!
disk51	NO40	1510	28	スシャ－ナ「デビッド、やめましょう。いまなら１００００ＤＭの負けだから・・・」	disk51/ﾐｾﾅｶ.png	main/linR.png	KO	수잔나: 데이비드, 이제 그만해요. 지금 끝내도 10,000 마르크로 끝낼 수 있어요...
disk51	NO40	1520	29	賭けの相手「デビッドさんのツキは凄いですね。私も真剣に勝負しなければ・・・」	disk51/ﾐｾﾅｶ.png	disk43/ｵﾄｺ.png	KO	도박꾼: 데이비드 씨, 정말 대단한 운이군요. 저도 이제 진지하게 상대하겠습니다...
disk51	NO40	1530	30	賭けの相手はカ－ドを念入りにきってデビッドに差し出したが、デビッドはカ－ドにふれもしなかったので、そのまま配った。	disk51/ﾐｾﾅｶ.png	disk43/ｵﾄｺ.png	KO	도박꾼은 카드를 꼼꼼하게 섞어 데이비드에게 내밀었지만, 데이비드가 카드에 손조차 대지 않자 그대로 카드를 테이블에 놓았다.
disk51	NO40	1540	31	デビッドのカ－ドはばらばらだった。	disk51/ﾐｾﾅｶ.png	disk43/ｵﾄｺ.png	KO	데이비드가 받은 패에는 아무런 조합도 없었다.
disk51	NO40	1550	32	賭けの相手「何枚替えますか・・・」	disk51/ﾐｾﾅｶ.png	disk43/ｵﾄｺ.png	KO	도박꾼: 몇 장 바꾸시겠습니까?
disk51	NO40	1560	33	デビッド「５枚下さい」	disk51/ﾐｾﾅｶ.png	main/davL.png	KO	데이비드: 전부 바꾸겠습니다.
disk51	NO40	1570	34	デビッドは全てのカ－ドを替えた。	disk51/ﾐｾﾅｶ.png	main/davL.png	KO	데이비드는 카드를 전부 새로 받았다.
disk51	NO40	1580	35	賭けの相手「私はこれでいいでしょう」	disk51/ﾐｾﾅｶ.png	disk43/ｵﾄｺ.png	KO	도박꾼: 저는 이대로 가겠습니다.
disk51	NO40	1590	36	賭けの相手はカ－ドを開いた。ハ－トのロイヤル・ストレ－ト・フラッシュだった。	disk51/ﾐｾﾅｶ.png	disk43/ｵﾄｺ.png	KO	도박꾼은 카드를 펼쳤다. 하트 로열 스트레이트 플러시였다.
disk51	NO40	1600	37	アンドリュ－「これはイカサマだ。カ－ドを切る時につんでいた筈だ」	disk51/ﾐｾﾅｶ.png	main/andL.png	KO	앤드류: 이건 사기야! 카드 섞을 때 미리 패를 만들어 놓은 게 틀림없어!
disk51	NO40	1610	38	賭けの相手「私はプロです。でもデビッドさんは、カ－ドをカットしなかったのですよ。私の責任ではありませんよ」	disk51/ﾐｾﾅｶ.png	disk43/ｵﾄｺ.png	KO	도박꾼: 전 프로입니다. 그리고 데이비드 씨가 직접 컷을 하지 않으셨잖습니까. 그건 제 탓은 아닙니다.
disk51	NO40	1620	39	デビッド「ハ－トよりスペ－ドの方が上ですよね」	disk51/ﾐｾﾅｶ.png	main/davL.png	KO	데이비드: 하트보다 스페이드가 더 높죠?
disk51	NO40	1630	40	デビッドのカ－ドが開かれた。スペ－ドのロイヤル・ストレ－ト・フラッシュができている。	disk51/ﾐｾﾅｶ.png	main/davL.png	KO	데이비드의 카드가 펼쳐졌다. 스페이드 로열 스트레이트 플러시가 완성되어 있었다.
disk51	NO40	1640	41	デビッド「貴方もあまいですね。カ一ドをいじる時は最高の手にしないと勝てませんよ」	disk51/ﾐｾﾅｶ.png	main/davL.png	KO	데이비드: 너무 안일했군요. 카드에 손을 댈 거라면 처음부터  최강의 패로 만들어 놨어야죠.
disk51	NO40	1650	42	アンドリュ－「まさか、こんな事が起こるなんて、俺は信じられるない」	disk51/ﾐｾﾅｶ.png	main/andL.png	KO	앤드류: 설마 이런 일이 일어나다니, 믿기지가 않아.
disk51	NO40	1660	43	デビッド「これで１００００ＤＭの勝ちですね。でもアンドリュ－を遅くまでお守りをして頂いたので、お礼に差し上げます」	disk51/ﾐｾﾅｶ.png	main/davL.png	KO	데이비드: 이제 제가 10,000 마르크를 딴 셈이군요. 하지만 늦은 시간까지 앤드류를 상대해 주신 답례로 드리죠.
disk51	NO40	1670	44	スシャ－ナ「デビッド、何かあったの・・・おかげで助かったけど、さあ帰りましょう」	disk51/ﾐｾﾅｶ.png	main/linR.png	KO	수잔나: 데이비드, 이게 어떻게 된 거죠? 덕분에 살았지만... 아무튼 이제 돌아가죠.
disk51	NO40	1680	45	アラン「これは奇跡としかいいようがないよ。コンサ－トの時に感じたパワ－と同じだ。鳥肌がたってるよ」	disk51/ﾐｾﾅｶ.png	main/alnL.png	KO	앨런: 이건 기적이라고밖에는 말할 수 없어. 공연 때 느꼈던 힘과 같아. 나 지금 소름까지 돋았어.
disk51	NO40	1690	46	スシャ－ナ「この事はアンドリュ－のためにみんな忘れてちょうだい。そしてアンドリュ－もデビッドも二度と賭け事をしないと約束をして。貴方達はミュ－ジシャンよ」	disk51/ﾐｾﾅｶ.png	main/linR.png	KO	수잔나: 이 일은 앤드류를 위해 모두 잊어줘요. 그리고 앤드류도 데이비드도 두 번 다시 도박하지 않겠다고 약속하세요. 당신들은 뮤지션이에요.
disk51	NO40	1700	47	デビッド達は店の外に待たせていたタクシ－に乗ってホテルに帰った。	disk51/ﾐｾﾅｶ.png	main/linR.png	KO	멤버들은 밖에서 기다리던 택시에 올라 호텔로 돌아갔다.
disk51	NO40	1705	48	賭けの相手は、椅子から立ち上がる気力もなくしたのか、トランプをいじりながら、つぶやいている。	disk51/ﾐｾﾅｶ.png	main/linR.png	KO	도박꾼는 의자에서 일어날 힘조차 잃었는지 카드를 만지작거리며 중얼거리고 있었다.
disk51	NO40	1710	49	賭けの相手「あれだけイカサマをやって負けたのは初めてだ。私も歳になったのかな・・・あんな素人に負けるなんて・・・」	disk51/ﾐｾﾅｶ.png	disk43/ｵﾄｺ.png	KO	도박꾼: 그렇게까지 속임수를 쓰고도 진 것은 처음이군. 나도 이제 늙은 건가... 저런 초보한테 지다니...
disk51	NO40	10000	79	ＤＡＴＡをＳＡＶＥしますか？　Ｙ／Ｎ	disk51/ﾐｾﾅｶ.png	disk43/ｵﾄｺ.png	KO	
disk51	NO40	10040	85	ドライブ１に、ＳＡＶＥ・ディスクを入れて下さい。	disk51/ﾐｾﾅｶ.png	disk43/ｵﾄｺ.png	KO	
disk51	NO40	10070	87	ドライブ１のディスクが違います。	disk51/ﾐｾﾅｶ.png	disk43/ｵﾄｺ.png	KO	드라이브 1의 디스크가 다릅니다.
disk51	NO40	10110	88	ＳＡＶＥしました。ドライブ１のディスクに、ＭＡＩＮディスクを入れて下さい。	disk51/ﾐｾﾅｶ.png	disk43/ｵﾄｺ.png	KO	
disk51	NO40	10150	90	ドライブ１のディスクが違います。	disk51/ﾐｾﾅｶ.png	disk43/ｵﾄｺ.png	KO	드라이브 1의 디스크가 다릅니다.
disk51	NO41	1000	0	ホテルに戻ったデビッドは、賭けトランプの興奮が残っているのか寝つかれずにいた。	disk51/ﾍﾞｯﾄ.png	disk43/ｵﾄｺ.png	KO	호텔로 돌아온 뒤에도 도박판의 흥분이 가라앉지 않아 데이비드는 좀처럼 잠들 수 없었다.
disk51	NO41	1010	1	部屋の灯りを全て消して寝ようとしたが、それも無理だつた。	disk51/ﾍﾞｯﾄ.png	disk43/ｵﾄｺ.png	KO	방의 불을 전부 끄고 억지로 잠을 청해 봤지만, 소용없었다.
disk51	NO41	1020	2	デビッドはなにげなく、手を天井にかざして見ていた。	disk51/ﾃ.png	disk43/ｵﾄｺ.png	KO	데이비드는 무심코 한 손을 천장 쪽으로 뻗어 올려 바라봤다.
disk51	NO41	1030	3	窓からの僅かな明かりが、闇の中の手を照らしている。	disk51/ﾃ.png	disk43/ｵﾄｺ.png	KO	창문으로 들어오는 희미한 빛이 어둠 속의 손을 비추고 있었다.
disk51	NO41	1035	4	その手の周りを、かげろうのようにゆらめくものが見えてきた。	disk51/ﾎﾞｹﾃ.png	disk43/ｵﾄｺ.png	KO	그 손 주위로 아지랑이처럼 흔들리는 무언가가 보이기 시작했다.
disk51	NO41	1040	5	その、ゆらめくものを見続けていると、いつの間にか一つの形に変わりイメ－ジを空想したかのように映像が浮かんできた。	disk51/ﾎﾞｹ.png	disk43/ｵﾄｺ.png	KO	그 일렁임을 계속 보고 있자, 어느새 하나의 형태로 변했고, 마치 머릿속의 상상이 현실에 투영된 것처럼 영상이 떠올랐다.
disk51	NO41	1050	6	緑に囲まれた城の映像が空間に浮かんでいる。	disk51/ｼﾛ.png	disk43/ｵﾄｺ.png	KO	허공에 푸른 초원으로 둘러싸인 성의 모습이 떠올랐다.
disk51	NO41	1060	7	映像が切り変わり、二人の男が城の上から、はるか地平線まで広がる緑の土地を見おろしながら話している。	disk51/ｹｼｷ.png	disk43/ｵﾄｺ.png	KO	영상이 바뀌고 두 남자가 성 위에서 아득한 지평선까지 펼쳐진 푸른 땅을 내려다보며 이야기를 나누고 있었다.
disk51	NO41	1070	8	その一人の男が、デビッドに良く似た、いや、デビッドが後１０才老けていたら、瓜二つといえるだろう。	disk51/ｹｼｷ.png	disk43/ｵﾄｺ.png	KO	그중 한 남자는 데이비드와 아주 닮았다. 아니, 데이비드가 지금보다 열 살쯤 더 나이를 먹는다면 바로 그 모습일 것 같았다.
disk51	NO41	1090	9	フロオスが話す。	disk51/ｹｼｷ.png	disk43/ｵﾄｺ.png	KO	플로스 왕이 말한다.
disk51	NO41	1090	10	男が話す。	disk51/ｹｼｷ.png	disk43/ｵﾄｺ.png	KO	남자가 말한다.
disk51	NO41	1180	11	ラフィルが話す。	disk51/ｹｼｷ.png	disk43/ｵﾄｺ.png	KO	라필이 말한다.
disk51	NO41	1200	12	男「フロオス様が、暗黒の秘義をお使いなされたおかげで、見て下さい。土地はこえ、民はこれ以上にない暮らしに喜び、王に感謝しております」	disk51/ｹｼｷ.png	disk43/ﾌﾛS.png	KO	남자: 플로스 님께서 암흑의 비술을 사용하신 덕분입니다. 보십시오. 황폐했던 땅은 비옥해졌고, 백성들은 더없이 풍요로운 삶을 누리며 왕께 감사하고 있습니다.
disk51	NO41	1210	13	デビッドに良く似た男はフロオスと呼ばれている。	disk51/ｹｼｷ.png	disk43/ﾌﾛS.png	KO	데이비드와 아주 닮은 남자는 플로스라고 불리고 있었다.
disk51	NO41	1220	14	フロオス「ラフィル、ここまでこれたのも貴方の力があっての事で、暗黒の秘義は、その下地を作っただけです」	disk51/ｹｼｷ.png	disk43/ﾃﾞS.png	KO	플로스: 라필, 여기까지 올 수 있었던 건 모두 당신의 힘 때문입니다. 암흑의 비술은 그 토대를 마련했을 뿐입니다.
disk51	NO41	1230	15	もう一人の男、ラフィルは８０才位の男で、王であるフロオスの後見人のようにみえる。	disk51/ｹｼｷ.png	disk43/ﾃﾞS.png	KO	또 한 명의 남자 라필은 여든 살가량 되어 보였고, 왕인 플로스의 후견인처럼 보였다.
disk51	NO41	1240	16	フロオス「北の民族は幸わせに暮らせているのだろうか、援助できるものなら、わが国の幸を送りたいのだが」	disk51/ｹｼｷ.png	disk43/ﾃﾞS.png	KO	플로스: 북방의 백성들도 평안히 살고 있을까요? 가능하다면 이 풍요를 그들에게도 나누어 주고 싶습니다.
disk51	NO41	1250	17	ラフィル「北の王は援助を受けることを拒むでしょう。民を税金で絞ることですむのですから、北の王は民が餓死しても王家が豊であればいいのです」	disk51/ｹｼｷ.png	disk43/ﾌﾛS.png	KO	라필: 북방의 왕은 결코 도움을 받아들이지 않을 겁니다. 백성에게 세금만 더 쥐어짜면 된다고 생각하는 자니까요. 백성이 굶어 죽든 말든 왕가만 풍족하면 그만인 자입니다.
disk51	NO41	1260	18	フロオス「ラフィル、その餓死する民だけでも救済する道はないのか」	disk51/ｹｼｷ.png	disk43/ﾃﾞS.png	KO	플로스: 라필, 그 굶어 죽는 백성들만이라도 구제할 방법은 없습니까?
disk51	NO41	1270	19	ラフィル「王よ、北の民の事は忘れて下され、何をしても北の王を怒らせるだけで、もし戦いともなれば、あの強力な戦力を防ぐのは無理な事です」	disk51/ｹｼｷ.png	disk43/ﾌﾛS.png	KO	라필: 왕이시여, 부디 북방의 백성들은 잊으십시오. 우리가 무엇을 하든 북방의 왕을 자극할 뿐이며, 전쟁이라도 벌어진다면 저들의 막강한 군세를 막아 내기 어렵습니다.
disk51	NO41	1280	20	フロオス「私は全ての民を幸わせにするために王になったのだ。北の王もわかって下さると思うのだが」	disk51/ｹｼｷ.png	disk43/ﾃﾞS.png	KO	플로스: 저는 모든 백성을 행복하게 만들기 위해 왕이 된 것입니다. 북방의 왕도 이해해 주지 않겠습니까.
disk51	NO41	1290	21	ラフィル「すでに北の王は貴方様を暗黒の秘義を使う魔王だと、この国にもふれ回り、他国の王にも言っているそうで、どうか北の国は見ないようにお願いします」	disk51/ｹｼｷ.png	disk43/ﾌﾛS.png	KO	라필: 이미 북방의 왕은 폐하를 암흑의 비술을 쓰는 마왕이라 부르며 저희 나라뿐만 아니라 다른 나라의 왕들에게까지 소문을 퍼뜨리고 있습니다. 부디 북방의 일에는 더 이상 관여하지 마십시오.
disk51	NO41	1335	22	その時、フロオスが姿を消え、すべての映像が空間から消えてしまった。	main/ﾒｱｸ.png	disk43/ﾌﾛS.png	KO	그 순간, 플로스가 모습을 감추고 모든 영상이 허공에서 사라져 버렸다.
disk51	NO41	1340	23	デビッド「・・・これは夢とは違う。なぜか意識して、あれを見ようとしていた気がする・・・それにしても、この疲れは・・・」	main/OKIL.png	disk43/ﾌﾛS.png	KO	데이비드: ...이건 꿈과는 달라. 내가 의식해서 보고 있었던 것 같아... 그런데 왜 이렇게 피곤하지...
disk51	NO41	1345	24	デビッドは、あの映像を呼び起こそうとしたが、疲労のため集中できずに、いつのまにか寝てしまった。	main/OKIL.png	disk43/ﾌﾛS.png	KO	데이비드는 그 영상을 다시 불러일으키려 했지만, 피로 때문에 집중하지 못한 채 어느새 잠들어 버렸다.
disk51	NO41	1350	25	デビッドは窓から入るひざしに眼を覚ました。身体は少し重いが睡眠は十分にとれている。	disk51/ﾍﾞｯﾄ.png	disk43/ﾌﾛS.png	KO	창문으로 들어온 아침 햇살에 데이비드는 눈을 떴다. 몸은 조금 무거웠지만, 잠은 충분히 잔 느낌이었다.
disk51	NO41	1360	26	シャワ－を浴びて、朝食を食べに部屋を出た。	disk51/ﾍﾞｯﾄ.png	disk43/ﾌﾛS.png	KO	샤워를 마친 데이비드는 아침을 먹으러 방을 나섰다.
disk51	NO41	1370	27	レストランに入るとスシャ－ナがコ－ヒ－を飲んでいたので、隣りの席に座った。	disk51/Hﾚｽﾄ.png	disk43/ﾌﾛS.png	KO	식당으로 들어가니 수잔나가 커피를 마시고 있어서 옆자리에 앉았다.
disk51	NO41	1390	28	デビッドが話す。	disk51/Hﾚｽﾄ.png	disk43/ﾌﾛS.png	KO	데이비드가 말한다.
disk51	NO41	1390	29	スシャ－ナが話す。	disk51/Hﾚｽﾄ.png	disk43/ﾌﾛS.png	KO	수잔나가 말한다.
disk51	NO41	1600	30	スシャ－ナ「おはようデビッド、今朝は早いのね。まだ１０時よ」	disk51/Hﾚｽﾄ.png	main/linR.png	KO	수잔나: 좋은 아침이에요, 데이비드. 오늘은 꽤 일찍 일어났네요. 아직 열 시밖에 안 됐는데.
disk51	NO41	1610	31	デビッド「昨夜は悪夢を見なかったので、熟睡してしまったよ」	disk51/Hﾚｽﾄ.png	main/davL.png	KO	데이비드: 어젯밤엔 악몽을 안 꿔서 정말 푹 잤어.
disk51	NO41	1620	32	スシャ－ナ「きっと指輪が効いたのよ。でも少し疲れているみたい。何かあったの・・・」	disk51/Hﾚｽﾄ.png	main/linR.png	KO	수잔나: 반지가 효과가 있었나 보네요. 그런데 조금 피곤해 보여요. 무슨 일 있었어요?
disk51	NO41	1630	33	デビッド「うん、悪夢の代わりに幻のような幻影を見てしまって、古代の様子が映画のように・・・」	disk51/Hﾚｽﾄ.png	main/davL.png	KO	데이비드: 그게, 악몽 대신 환상 같은 환영을 봐서... 고대의 모습이 영화처럼 눈앞에 펼쳐졌거든...
disk51	NO41	1640	34	スシャ－ナ「おもしろそうな話ね。その中にデビッドは出ていたの」	disk51/Hﾚｽﾄ.png	main/linR.png	KO	수잔나: 흥미로운 이야기네요. 그 환영 속에 당신도 나왔어요?
disk51	NO41	1650	35	デビッド「うん。フロオスといって、ずっと年上の人だったが、俺に良くにてるんだ。どこかの国の王で、世界中を富める国にしょうと努力していたみたいだ」	disk51/Hﾚｽﾄ.png	main/davL.png	KO	데이비드: 그래. 플로스라고 하는 훨씬 나이가 많은 사람이었는데 나와 아주 닮았어. 어느 나라의 왕이었는데, 모두가 풍요롭게 사는 세상을 만들려고 애쓰는 것 같았어.
disk51	NO41	1660	36	デビッドは記憶に残っている事を全てスシャ－ナに話した。	disk51/Hﾚｽﾄ.png	main/davL.png	KO	데이비드는 기억나는 내용을 하나도 빠짐없이 수잔나에게 들려줬다.
disk51	NO41	1670	37	スシャ－ナ「民を思う素晴らしい王がデビッドに似ていたなんて素的な話だわ。それで北の国はどうなったの・・・」	disk51/Hﾚｽﾄ.png	main/linR.png	KO	수잔나: 백성을 그렇게 생각하는 훌륭한 왕이 당신과 닮았다니 멋지네요. 그래서 북방의 나라는 어떻게 됐어요?
disk51	NO41	1680	38	デビッド「そこで急に映像は消えて、その後を見ようとしても現れないんだ。その時もの凄い疲れを感じていたから、あの映像をみるのにはスタミナがいるようだな」	disk51/Hﾚｽﾄ.png	main/davL.png	KO	데이비드: 바로 거기서 환영이 갑자기 끊겼어. 다시 보려고 해도 나타나지 않았고. 그때 엄청난 피로가 몰려왔으니 환영을 보는 데도 상당한 체력이 필요한 것 같아.
disk51	NO41	1690	39	スシャ－ナ「今夜も続きを見るの・・・だったら朝食をステ－キにして、スタミナをつけなければ・・・」	disk51/Hﾚｽﾄ.png	main/linR.png	KO	수잔나: 오늘 밤도 계속 볼 건가요? 그렇다면 아침으로 스테이크를 먹고 체력을 보충해야겠네요.
disk51	NO41	1700	40	デビッドのテ－ブルに１Ｋｇのステ－キが置かれた。二人は楽しそうに食事をしている。	disk51/Hﾚｽﾄ.png	main/linR.png	KO	잠시 후, 데이비드의 테이블에 1kg의 스테이크가 놓였다. 두 사람은 즐겁게 아침 식사를 먹었다.
disk51	NO41	3000	41	ＣＤ－ＲＯＭよりＤＡＴＡの読み込みを始めます。ＨＩＴ　ＡＮＹ　ＫＥＹ	disk51/Hﾚｽﾄ.png	main/linR.png	KO	CD-ROM에서 데이터 읽습니다. 아무 키나 눌러주세요.
disk51	NO41	3010	42	　　　　　　　　ＣＤ－ＲＯＭよりＤＡＴＡを読み込み中	disk51/Hﾚｽﾄ.png	main/linR.png	KO	데이터를 읽는 중...
disk51	NO41	10000	79	ＤＡＴＡをＳＡＶＥしますか？　Ｙ／Ｎ	disk51/Hﾚｽﾄ.png	main/linR.png	KO	
disk51	NO41	10040	85	ドライブ１に、ＳＡＶＥ・ディスクを入れて下さい。	disk51/Hﾚｽﾄ.png	main/linR.png	KO	
disk51	NO41	10070	87	ドライブ１のディスクが違います。	disk51/Hﾚｽﾄ.png	main/linR.png	KO	드라이브 1의 디스크가 다릅니다.
disk51	NO41	10110	88	ＳＡＶＥしました。ドライブ１のディスクに、ＭＡＩＮディスクを入れて下さい。	disk51/Hﾚｽﾄ.png	main/linR.png	KO	
disk51	NO41	10150	90	ドライブ１のディスクが違います。	disk51/Hﾚｽﾄ.png	main/linR.png	KO	드라이브 1의 디스크가 다릅니다.
disk52	NO42	1000	0	デビッド達メンバ－はコンサ－ト会場を下見して、スシャ－ナが用意してくれたスタジオに行き、マ－チンの新曲を練習していた。	disk52/ｽﾀｼｵ.png		KO	멤버들은 공연장을 미리 둘러본 뒤, 수잔나가 마련해 둔 스튜디오로 이동해 마틴의 신곡을 연습하고 있었다.
disk52	NO42	1020	1	アランが話す。	disk52/ｽﾀｼｵ.png		KO	앨런이 말한다.
disk52	NO42	1020	2	マ－チンが話す。	disk52/ｽﾀｼｵ.png		KO	마틴이 말한다.
disk52	NO42	1160	3	アンドリュ－が話す。	disk52/ｽﾀｼｵ.png		KO	앤드류가 말한다.
disk52	NO42	1200	4	マ－チン「いいなぁ、デビッドの声にピッタリだ。あとは、曲の雰囲気をハウス風にアレンジしたらどうかな・・・」	disk52/ｽﾀｼｵ.png	main/marL.png	KO	마틴: 좋아! 데이비드 목소리에 딱 맞아. 이제 전체 분위기를 하우스 스타일로 편곡하면 어떨까?
disk52	NO42	1210	5	アラン「ハウスか、今のデビッドには、似合ってるかも・・・それに、ファンが今の雰囲気に飽きない内に、今までと違ったイメ－ジを作るのもいいか」	disk52/ｽﾀｼｵ.png	main/alnL.png	KO	앨런: 하우스라... 지금 데이비드한테는 잘 어울릴지도 모르겠네. 팬들이 지금 스타일에 익숙해지기 전에 새로운 이미지를 보여 주는 것도 좋을 것 같고.
disk52	NO42	1220	6	マ－チン「そうと、決まったら　はやく、アレンジに取りかかろう。ロンドン公演まで　あまり時間は、ないから」	disk52/ｽﾀｼｵ.png	main/marL.png	KO	마틴: 그렇게 결정됐으면 빨리 편곡을 시작하자. 런던 공연까지 시간이 별로 없다고.
disk52	NO42	1230	7	アラン「マ－チン、このスタジオの機材ではアレンジは、出来ないよ・・・ロンドンに帰ってからでないと。なあアンドリュ－」	disk52/ｽﾀｼｵ.png	main/alnL.png	KO	앨런: 마틴, 여기 장비로는 제대로 편곡 못 해... 런던으로 돌아가야 가능하다고. 그렇지, 앤드류?
disk52	NO42	1240	8	アンドリュ－「ロンドンか、はやくドイツのコンサ－トを終わらせて帰りたいよ」	disk52/ｽﾀｼｵ.png	main/andL.png	KO	앤드류: 런던이라... 독일 공연을 빨리 끝내고 돌아가고 싶다.
disk52	NO42	1250	9	アラン「たかが賭け事ぐらいで元気を無くして、アンドリュ－らしくないよ、おっと、賭けの事は言わない約束だったな」	disk52/ｽﾀｼｵ.png	main/alnL.png	KO	앨런: 고작 도박 정도로 풀이 죽다니 앤드류답지 않아. 아차, 도박 이야기는 하지 않기로 약속했는데.
disk52	NO42	1260	10	アンドリュ－「よし！　アレンジの事は、ロンドンに帰って考えるとして、もう一度、練習しょうぜ。明日は本番だからデビッドは、ほどほどに歌ってくれ」	disk52/ｽﾀｼｵ.png	main/andL.png	KO	앤드류: 좋아! 편곡은 런던 가서 생각하고 한 번 더 맞춰 보자. 내일이 공연이니까 데이비드는 목 너무 쓰지 말고 적당히 불러.
disk52	NO42	1270	11	デビッド達は練習を終え、まっすぐにホテルに帰った。	disk52/ｽﾀｼｵ.png	main/andL.png	KO	연습을 마친 멤버들은 곧장 호텔로 돌아갔다.
disk52	NO42	1280	12	ホテルの裏口では、クラ－クとヴィンスの乗った車が、スシャ－ナを張っている。	disk52/Hｳﾗ.png	main/andL.png	KO	호텔 뒷문에서는 클라크와 빈스가 차 안에서 수잔나를 계속 감시하고 있었다.
disk52	NO42	1300	13	クラ－クが話す。	disk52/Hｳﾗ.png	main/andL.png	KO	클라크가 말한다.
disk52	NO42	1300	14	ヴィンスが話す。	disk52/Hｳﾗ.png	main/andL.png	KO	빈스가 말한다.
disk52	NO42	1400	15	ヴィンス「スシャ－ナがレストランで会っていたゲッヘルは、絵かきだったので、彼の絵を調べに画廊に行きましたが、売れるような絵とは思えませんでした」	disk52/Hｳﾗ.png	main/ｳｲﾝｽ.png	KO	빈스: 수잔나가 만났던 쾨헬은 화가더군요. 화랑에 가서 그림도 좀 봤는데, 제 눈에는 돈 주고 살 만큼 대단해 보이진 않았습니다.
disk52	NO42	1410	16	クラ－ク「君は絵の批評ができるのかね。現にゲッヘルの絵は良く売れてると言ったの君だった筈だが」	disk52/Hｳﾗ.png	main/ｸﾗｰｸ.png	KO	클라크: 자네가 그림 비평도 할 줄 알았나? 실제로 쾨헬의 그림은 잘 팔린다고 말한 것도 자네였을 텐데...
disk52	NO42	1420	17	ヴィンス「彼は金持ち連中を相手に絵を売り込んでいるようで、口がうまいのでしょう」	disk52/Hｳﾗ.png	main/ｳｲﾝｽ.png	KO	빈스: 부자들 상대로 그림을 파는 모양이니, 아마 말재주가 좋은 거겠죠.
disk52	NO42	1430	18	クラ－ク「奴の趣味は多彩だったが、その中に占いは無かったかな」	disk52/Hｳﾗ.png	main/ｸﾗｰｸ.png	KO	클라크: 그 자의 취미가 다양하던데, 혹시 점술 쪽은 없었나?
disk52	NO42	1440	19	ヴィンス「ゲッヘルは暇と金があるから、手帳を見ないと・・・え－と、ありますよ。占いの趣味があると何か・・・」	disk52/Hｳﾗ.png	main/ｳｲﾝｽ.png	KO	빈스: 쾨헬은 시간도 돈도 넘쳐 취미가 많다 보니... 수첩 좀 확인하겠습니다... 어디 보자, 있네요. 점술 취미가 있는 게 무슨 문제라도 있나요?
disk52	NO42	1450	20	クラ－ク「パリでスシャ－ナが会っていた貿易会社の社長のフランネルも占いの趣味があったし、スシャ－ナはデビッドと占い師のミケ－ルの家にも行っている」	disk52/Hｳﾗ.png	main/ｸﾗｰｸ.png	KO	클라크: 파리에서 수잔나가 만났던 무역회사 사장 프란넬도 점술이 취미였고, 수잔나는 데이비드를 데리고 점쟁이 미케르까지 찾아갔지.
disk52	NO42	1460	21	ヴィンス「そういえば、フランスもイタリアもドイツでも、必ず［占い］の字が手帳に残されています」	disk52/Hｳﾗ.png	main/ｳｲﾝｽ.png	KO	빈스: 그러고 보니 프랑스도 이탈리아도 독일에서도 반드시 `점술'이라는 단어가 수첩에 적혀 있습니다.
disk52	NO42	1470	22	クラ－ク「よし、スシャ－ナと占いの関係をロンドンの探偵協会に調べてもらおう。たぶんスシャ－ナに占いの趣味がある筈だ」	disk52/Hｳﾗ.png	main/ｸﾗｰｸ.png	KO	클라크: 좋아, 런던 탐정협회에 수잔나와 점술의 관계를 조사해 달라고 하자고. 아마 그녀도 점술과 관련이 있을 걸세.
disk52	NO42	1480	23	ヴィンス「それにしてもスシャ－ナの調査を頼んだ依頼人からは、なにも連絡がありませんね」	disk52/Hｳﾗ.png	main/ｳｲﾝｽ.png	KO	빈스: 그건 그렇고 수잔나 조사를 맡긴 의뢰인 쪽에서는 아무 연락도 없군요.
disk52	NO42	1490	24	クラ－ク「ロンドンに戻れば、すぐに電話があるよ。もう夜中の二時か、明日はコンサ－トだから今夜は何も起こらないようだ。帰ろう」	disk52/Hｳﾗ.png	main/ｸﾗｰｸ.png	KO	클라크: 런던에 돌아가면 바로 연락이 오겠지. 벌써 새벽 두 시군. 내일 공연도 있으니 오늘 밤에는 별일 없을 것 같네. 그만 돌아가지.
disk52	NO42	1510	25	クラ－ク達の車が走り去った頃、デビッドは部屋を暗くし手を天井にかざしてオ－ラを見ようと、手のシルエットにすべての神経を集中していた。	main/OKIL.png	main/ｸﾗｰｸ.png	KO	탐정들의 차가 떠나갈 무렵, 데이비드는 방을 어둡게 하고 손을 천장에 뻗어 오라를 보려고 손의 실루엣에 모든 신경을 집중하고 있었다.
disk52	NO42	1520	26	デビッドは、自分に良く似たフロオスが、どうなるのか気になり、スタジオでは、１秒でもはやく部屋に戻りたいと思っていた。	disk52/ﾃ1.png	main/ｸﾗｰｸ.png	KO	데이비드는 자신과 닮은 플로스가 어떻게 되는지가 신경 쓰여 스튜디오에 있을 때부터 한시라도 빨리 방으로 돌아오고 싶다고 생각했다.
disk52	NO42	1530	27	暗やみに白い点が現れ、大きく広がり、天井との空間に映像が現れてきた。	disk52/ﾃ3.png	main/ｸﾗｰｸ.png	KO	어둠 속에 하얀 점이 나타나 크게 퍼지며 천장 아래 공간에 영상이 나타나기 시작했다.
disk52	NO42	1535	28	昨夜見たあの城が大勢の兵に囲まれ、炎に包まれた城は、いまにも崩れ落ちそうになっている。	disk52/ﾓｴﾙ.png	main/ｸﾗｰｸ.png	KO	어젯밤 보았던 성은 수많은 병사들에게 포위되어 있었다. 성은 불길에 휩싸여 당장이라도 무너질 듯했다.
disk52	NO42	1540	29	映像が変わった。石を積みあげて作られた通路のような所に、ラフィルと女性に抱えられたフロオス王がいる。	disk52/ﾄﾝﾈﾙ.png	main/ｸﾗｰｸ.png	KO	장면이 바뀌고, 돌을 쌓아 만든 통로 같은 곳에서 플로스 왕이 라필과 한 여성의 부축을 받고 있었다.
disk52	NO42	1550	30	デビッドは女性を見て、あまりにもスシャ－ナに、そっくりなので驚いてしまった。	disk52/ﾄﾝﾈﾙ.png	main/ｸﾗｰｸ.png	KO	데이비드는 그 여자가 수잔나와 너무 똑같아서 놀라고 말았다.
disk52	NO42	1570	31	スシャ－ナが話す。	disk52/ﾄﾝﾈﾙ.png	main/ｸﾗｰｸ.png	KO	수잔나가 말한다.
disk52	NO42	1570	32	ラフィルが話す。	disk52/ﾄﾝﾈﾙ.png	main/ｸﾗｰｸ.png	KO	라필이 말한다.
disk52	NO42	1770	33	スシャ－ナが話す。	disk52/ﾄﾝﾈﾙ.png	main/ｸﾗｰｸ.png	KO	수잔나가 말한다.
disk52	NO42	1790	34	フェンリルが話す。	disk52/ﾄﾝﾈﾙ.png	main/ｸﾗｰｸ.png	KO	펜릴이 말한다.
disk52	NO42	1850	35	フロオスが話す。	disk52/ﾄﾝﾈﾙ.png	main/ｸﾗｰｸ.png	KO	플로스가 말한다.
disk52	NO42	1900	36	ラフィル「フロオス様、大丈夫でございますか、スシャ－ナ、王に毒を消す薬を間違いなく飲ませてくれたな」	disk52/ﾄﾝﾈﾙ.png	main/ｸﾗｰｸ.png	KO	라필: 플로스 님, 정신이 드십니까? 수잔나, 해독약은 틀림없이 왕께 먹여 드렸겠지?
disk52	NO42	1910	37	スシャ－ナ「私が調合して飲んでいただきました。そろそろ効き目が現れると思います」	disk52/ﾄﾝﾈﾙ.png	main/ｸﾗｰｸ.png	KO	수잔나: 제가 직접 조제해서 드렸어요. 이제 곧 약효가 나타날 거예요.
disk52	NO42	1920	38	ラフィル「まさかホルカイが王に毒を盛るとは、北の王が我が国を狙っていたのは気づいていたが、ホルカイが裏切るとは・・・」	disk52/ﾄﾝﾈﾙ.png	main/ｸﾗｰｸ.png	KO	라필: 설마 홀카이가 왕께 독을 먹일 줄이야. 북방의 왕이 우리나라를 노리고 있다는 것은 알고 있었지만 홀카이가 배신할 줄은 몰랐네...
disk52	NO42	1930	39	スシャ－ナ「王が毒さえ盛られなかったら、城にたてこもり、暗黒の秘義を王が使えば北の兵も攻める事はできなかったのに・・・」	disk52/ﾄﾝﾈﾙ.png	main/ｸﾗｰｸ.png	KO	수잔나: 독에 당하지만 않으셨다면, 왕께서 암흑의 비술을 사용해 성을 지켜서 북방의 병사들도 공격할 수 없었을 텐데...
disk52	NO42	1940	40	ラフィル「いまさら悔やんでも・・・おっ！　王が気ずかれたようじゃ」	disk52/ﾄﾝﾈﾙ.png	main/ｸﾗｰｸ.png	KO	라필: 이제 와서 후회해 봐야 소용없네... 오! 왕께서 의식을 되찾으신 것 같구나.
disk52	NO42	1950	41	フロオス「私は死者の道を歩いていたような気がしていたが・・・ここは、どこなのか・・・」	disk52/ﾄﾝﾈﾙ.png	main/ｸﾗｰｸ.png	KO	플로스: 마치 죽음의 길을 걷고 있었던 것 같군... 여기는 어디...?
disk52	NO42	1960	42	ラフィル「フロオス様はホルカイの裏切りで毒を飲まされたのです。北の国の兵が攻めてきて城は燃え落ち、スシャ－ナと共に抜け道を通り逃げのびている所です」	disk52/ﾄﾝﾈﾙ.png	main/ｸﾗｰｸ.png	KO	라필: 플로스 님은 홀카이의 배신으로 독에 당하셨습니다. 북방군이 쳐들어와 성은 불탔고, 저희는 지금 수잔나와 함께 비밀 통로를 이용해 탈출하는 중입니다.
disk52	NO42	1970	43	フロオス「ではホルカイから渡された［生命の水］に毒が・・・北の王は暗黒の秘義を恐れ、私を殺すまで追い続けるだろう」	disk52/ﾄﾝﾈﾙ.png	main/ｸﾗｰｸ.png	KO	플로스: 그렇다면 홀카이에게 받은 `생명의 물'에 독이... 북방의 왕은 암흑의 비술을 두려워해 나를 죽일 때까지 계속 쫓아오겠군.
disk52	NO42	1980	44	ラフィル「逃げのびるだけ逃げるのです。きっと他国の王が助けて下さいます」	disk52/ﾄﾝﾈﾙ.png	main/ｸﾗｰｸ.png	KO	라필: 우선 최대한 멀리 달아나야 합니다. 다른 나라의 왕들이 분명 우리를 도와줄 겁니다.
disk52	NO42	1990	45	フロオス「気分が良くなった。この薬はスシャ－ナが調合したのか、スシャ－ナも魔導師として腕を上げたな」	disk52/ﾄﾝﾈﾙ.png	main/ｸﾗｰｸ.png	KO	플로스: 몸이 한결 나아졌군. 이 약은 수잔나가 만든 것인가? 마도사로서 실력이 많이 늘었구나.
disk52	NO42	2000	46	ラフィル「出口が見えて来ました。北の兵が攻めてきた時、フェンリルに兵を集めて出口を守るように命令しておきましたので、もう大丈夫です」	disk52/ﾄﾝﾈﾙ.png	main/ｸﾗｰｸ.png	KO	라필: 출구가 보입니다. 북방군이 들이닥쳤을 때, 펜릴에게 병사들을 모아 출구를 지키라고 명령해 두었으니 이제 안전할 겁니다.
disk52	NO42	2010	47	出口の方から数人の兵を従えた男がやってきた。	disk52/ﾄﾝﾈﾙ.png	main/ｸﾗｰｸ.png	KO	출구 쪽에서 몇 명의 병사를 거느린 남자가 다가왔다.
disk52	NO42	2020	48	ラフィル「おぉ、フェンリル、出迎えに来てくれたか、王はホルカイに毒を飲まされ、ここまで来るのがやっとだった。表に敵は来ているのか・・・」	disk52/ﾄﾝﾈﾙ.png	main/ｸﾗｰｸ.png	KO	라필: 오, 펜릴, 마중 나온 건가. 왕께서는 홀카이의 독에 당하셔서 여기까지 오는 것만으로도 힘드셨네. 밖에 적병이 있는가?
disk52	NO42	2030	49	フェンリル「表に敵はいませんが、王の命は私が頂きます」	disk52/ﾍｲﾀｲ.png	main/ｸﾗｰｸ.png	KO	펜릴: 밖에 적은 없습니다만, 왕의 목숨은 제가 거두겠습니다.
disk52	NO42	2040	50	フェンリルの剣がラフィルの心臓を一突きにした。スシャ－ナが、必死になって王を抱えている。	disk52/ﾄﾝﾈﾙ.png	main/ｸﾗｰｸ.png	KO	펜릴의 검이 라필의 심장을 단숨에 찔렀다. 수잔나는 필사적으로 왕을 붙잡았다.
disk52	NO42	2050	51	フェンリル「この国は、すでに北の王の物だ。毒を飲まされたフロオスには魔導師としての力は無い。スシャ－ナ、一緒に死にたくなければ王を放しなさい」	disk52/ﾍｲﾀｲ.png	main/ｸﾗｰｸ.png	KO	펜릴: 이 나라는 이미 북방의 왕께 넘어갔다. 독에 당한 플로스에게는 이제 마도사로서의 힘도 없다. 수잔나, 너도 죽고 싶지 않으면 왕에게서 떨어져라.
disk52	NO42	2060	52	スシャ－ナ「フェンリル、お前も王を裏切るのか、王を殺すなら私も一緒に殺せ！！」	disk52/ﾍｲﾀｲ.png	main/ｸﾗｰｸ.png	KO	수잔나: 펜릴, 너마저 왕을 배신하는 거냐! 왕을 죽이겠다면 나도 함께 죽여라!!
disk52	NO42	2070	53	その時、フロオス王は、スシャ－ナから離れ、自分の力で立った。	disk52/ﾄﾝﾈﾙ.png	main/ｸﾗｰｸ.png	KO	그 순간, 플로스는 수잔나의 부축을 뿌리치고,스스로 똑바로 일어섰다.
disk52	NO42	2080	54	フロオス「フェンリル、私に魔導師としての力が消えたというのか、それならば見せてやる」	disk52/ﾄﾝﾈﾙ.png	main/ｸﾗｰｸ.png	KO	플로스: 펜릴, 내게 마도사로서의 힘이 사라졌다고 했느냐. 그렇다면 보여 주마, 마도의 힘을.
disk52	NO42	2090	55	フロオスの指がフェンリルの額に向けられた。	disk52/ﾃｻｽ.png	main/ｸﾗｰｸ.png	KO	플로스의 손가락이 펜릴의 이마를 겨눴다.
disk52	NO42	2100	56	フェンリル「うあ－！！」	disk52/ﾋﾀｲ.png	main/ｸﾗｰｸ.png	KO	펜릴: 으아!!
disk52	NO42	2110	57	フェンリルは剣を投げ捨て、両手を額にあて倒れた。他の兵は慌てて逃げだしてしまった。	disk52/ﾋﾀｲ.png	main/ｸﾗｰｸ.png	KO	펜릴은 검을 내던진 채 양손으로 이마를 감싸며 쓰러졌다. 다른 병사들은 겁에 질려 달아나 버렸다.
disk52	NO42	2120	58	フロオス「フェンリル、いまつけられた額の傷は、貴様の血が続くかぎり、貴様の子孫の額にもアザとして残るだろう。そして額の傷から裏切りの血が流れ続けるのだ」	disk52/ﾋﾀｲ.png	main/ｸﾗｰｸ.png	KO	플로스: 펜릴, 지금 생긴 이마의 상처는 네놈의 피가 이어지는 한 자손의 이마에도 흉터로 남을 것이다. 그리고 그 흉터에서는 배신자의 피가 계속 흐르는 것이다.
disk52	NO42	2130	59	フロオスとスシャ－ナは、もがき苦しむフェンリルを後にして、出口へと消えた。	disk52/ﾋﾀｲ.png	main/ｸﾗｰｸ.png	KO	플로스와 수잔나는 몸부림치며 괴로워하는 펜릴을 뒤로 하고 출구 쪽으로 사라졌다.
disk52	NO42	2140	60	空間の映像を見続けるデビッドに、体力の限界がきていた。映像は消え、デビッドの大きな息づかいが聞こえる。	main/ﾒｱｸ.png	main/ｸﾗｰｸ.png	KO	환영을 계속 바라보던 데이비드는 체력의 한계에 다다랐다. 환영이 사라지고 방 안에는 데이비드의 거친 숨소리만 남았다.
disk52	NO42	10000	118	ＤＡＴＡをＳＡＶＥしますか？　Ｙ／Ｎ	main/ﾒｱｸ.png	main/ｸﾗｰｸ.png	KO	
disk52	NO42	10040	124	ドライブ１に、ＳＡＶＥ・ディスクを入れて下さい。	main/ﾒｱｸ.png	main/ｸﾗｰｸ.png	KO	
disk52	NO42	10070	126	ドライブ１のディスクが違います。	main/ﾒｱｸ.png	main/ｸﾗｰｸ.png	KO	드라이브 1의 디스크가 다릅니다.
disk52	NO42	10110	127	ＳＡＶＥしました。ドライブ１のディスクに、ＭＡＩＮディスクを入れて下さい。	main/ﾒｱｸ.png	main/ｸﾗｰｸ.png	KO	
disk52	NO42	10150	129	ドライブ１のディスクが違います。	main/ﾒｱｸ.png	main/ｸﾗｰｸ.png	KO	드라이브 1의 디스크가 다릅니다.
disk52	NO43	900	0	デビッドが話す。	main/ﾒｱｸ.png	main/ｸﾗｰｸ.png	KO	데이비드가 말한다.
disk52	NO43	900	1	アランが話す。	main/ﾒｱｸ.png	main/ｸﾗｰｸ.png	KO	앨런이 말한다.
disk52	NO43	900	2	マ－チンが話す。	main/ﾒｱｸ.png	main/ｸﾗｰｸ.png	KO	마틴이 말한다.
disk52	NO43	900	3	アンドリュ－が話す。	main/ﾒｱｸ.png	main/ｸﾗｰｸ.png	KO	앤드류가 말한다.
disk52	NO43	900	4	スシャ－ナが話す。	main/ﾒｱｸ.png	main/ｸﾗｰｸ.png	KO	수잔나가 말한다.
disk52	NO43	905	5	デビッド「ハァハァハァ・・・苦しい・・・あの薬を飲まなければ・・・」	disk52/OKIL.png	main/ｸﾗｰｸ.png	KO	데이비드: 하아, 하아... 괴로워... 약이 필요해...
disk52	NO43	990	6	デビッドは重たくなった腕をのばして電話をとりスシャ－ナに薬を持ってくるように頼んだ。	disk52/ﾍﾞｯﾄ.png	main/ｸﾗｰｸ.png	KO	데이비드는 무거워진 팔을 뻗어 전화를 들고 수잔나에게 약을 가져와 달라고 부탁했다.
disk52	NO43	1000	7	スシャ－ナがドアをノックしている。デビッドは、力を振り絞ってドアに近づきカギを開けた。	disk52/ﾍﾞｯﾄ.png	main/ｸﾗｰｸ.png	KO	잠시 후, 수잔나가 문을 두드렸다. 데이비드는 힘을 짜내 문으로 다가가 문을 열었다.
disk52	NO43	1010	8	スシャ－ナがデビッドを抱きかかえるようにしてベッドに寝かせ、あの薬を飲ませた。	disk52/ﾍﾞｯﾄ.png	main/ｸﾗｰｸ.png	KO	수잔나는 데이비드를 껴안듯 부축해 침대에 눕힌 뒤 약을 먹였다.
disk52	NO43	1300	9	スシャ－ナ「デビッド、あの幻影を造りだしていたのね」	disk52/ﾍﾞｯﾄ.png	main/linR.png	KO	수잔나: 데이비드, 그 환영을 만들어 냈군요.
disk52	NO43	1310	10	デビッド「うん、体力の限界まで見てしまったのか、身体の力が抜けて死ぬかと思ったよ」	disk52/ﾍﾞｯﾄ.png	main/davL.png	KO	데이비드: 그래, 너무 오래 봤는지 몸에서 힘이 빠져 죽는 줄 알았어.
disk52	NO43	1320	11	スシャ－ナ「死ぬだなんて、そんなこと私が許さないわ」	disk52/ﾍﾞｯﾄ.png	main/linR.png	KO	수잔나: 죽는다니, 그런 건 제가 절대 허락 못 해요.
disk52	NO43	1330	12	デビッド「あの幻想の話だけど、俺に良く似たフロオス王の国は、北の王に侵略され逃亡の人になったようだよ」	disk52/ﾍﾞｯﾄ.png	main/davL.png	KO	데이비드: 그 환상 말인데, 나와 닮은 플로스 왕의 나라는 북방의 왕에게 침략당해서 그는 도망자의 신세가 된 것 같아.
disk52	NO43	1340	13	スシャ－ナ「あの方は民に、したわれていたのでしょう。それに暗黒の秘義の力を持ってると言ってたのに・・・」	disk52/ﾍﾞｯﾄ.png	main/linR.png	KO	수잔나: 그 사람은 백성에게 사랑받고 있었고, 암흑의 비술을 가지고 있었잖아요...
disk52	NO43	1350	14	デビッド「それがホルカイという男に毒を盛られて、暗黒の秘義を使えなくなったのだ。フロオス王は、スシャ－ナそっくりの女性に解毒剤を調合してもらい助かったようだよ」	disk52/ﾍﾞｯﾄ.png	main/davL.png	KO	데이비드: 홀카이라는 자가 독을 먹여서 암흑의 비술을 쓰지 못하게 됐어. 다행히 수잔나와 닮은 여자가 해독제를 만들어 줘서 목숨은 건진 것 같아.
disk52	NO43	1360	15	スシャ－ナ「その女性は、もしかしてデビッドが前に見た夢の中のスシャ－ナと違うの・・・」	disk52/ﾍﾞｯﾄ.png	main/linR.png	KO	수잔나: 그 여자는 혹시 데이비드가 전에 본 꿈속의 수잔나와 같은 사람이 아닐까요?
disk52	NO43	1370	16	デビッド「そういえば、あの夢の中でスシャ－ナと一緒にいた男の名前がホルカイとか言っていたな、それにあの布の紋章の家の名前もホルカイと書かれていた。同じ一族かも知れないよ」	disk52/ﾍﾞｯﾄ.png	main/davL.png	KO	데이비드: 그러고 보니 그 꿈에서 수잔나와 함께 있던 남자 이름도 홀카이라고 했어. 그리고 우리가 찾아낸 문장의 가문도 홀카이라는 이름이었고. 같은 일족일지도 몰라.
disk52	NO43	1380	17	スシャ－ナ「裏切ったのはホルカイだけ・・・」	disk52/ﾍﾞｯﾄ.png	main/linR.png	KO	수잔나: 배신자는 홀카이뿐이었나요...?
disk52	NO43	1390	18	デビッド「いや、抜け道でラフィルを殺したフェンリルも王を裏切り、王の魔導の力で額に傷をつけられたんだ。彼の子孫には額にアザが残り裏切りの血が流れると言っていたよ」	disk52/ﾍﾞｯﾄ.png	main/davL.png	KO	데이비드: 아니, 비밀 통로에서 라필을 죽인 펜릴도 왕을 배신했어. 플로스가 마도의 힘으로 그의 이마에 상처를 새기면서, 후손들의 이마에도 흉터가 남아 배신자의 피가 흐를 거라고 했어.
disk52	NO43	1400	19	スシャ－ナ「額にアザが、フェンリルの子孫は今でも額にアザがあるのかしら・・・」	disk52/ﾍﾞｯﾄ.png	main/linR.png	KO	수잔나: 이마의 흉터라... 펜릴의 자손은 지금도 이마에 흉터가 있을까요?
disk52	NO43	1410	20	デビッド「額のアザに血を流している人なんか、いる筈がないよ。俺が見た幻想は古代の話で現代に、つながる筈がないさ」	disk52/ﾍﾞｯﾄ.png	main/davL.png	KO	데이비드: 이마의 흉터에서 피를 흘리고 있는 사람이 있을 리가 없잖아. 내가 본 건 아주 먼 옛날 일인데, 그게 지금까지 이어질 리 없잖아.
disk52	NO43	1420	21	スシャ－ナ「あら、デビッドの顔色が、いつの間にか良くなっているわ。あの薬は睡眠薬と栄養剤だけなのに、デビッドにはスタミナ・ドリンクと同じね」	disk52/ﾍﾞｯﾄ.png	main/linR.png	KO	수잔나: 어머, 어느새 안색이 좋아졌네요. 그냥 수면제와 영양제를 섞은 것뿐인데 당신한테는 완전히 원기 회복제 수준이네요.
disk52	NO43	1430	22	デビッド「偶然かも知れないが、あの薬は俺にとって元気の出る特効薬なんだ。身体の奥から力がよみがえるような感じがして・・・」	disk52/ﾍﾞｯﾄ.png	main/davL.png	KO	데이비드: 우연일지도 모르지만, 수잔나의 약은 내게 기운이 나는 특효약이야. 몸 깊숙한 곳에서 힘이 되살아나는 느낌이 들어...
disk52	NO43	1440	23	スシャ－ナ「でもあの薬はいまので最後なの、そうだわドイツの病院からパリの病院に電話してもらって薬を調合してもらえばいいのよね。明日行ってくるわ」	disk52/ﾍﾞｯﾄ.png	main/linR.png	KO	수잔나: 하지만 약은 방금 것이 마지막이에요. 맞다, 독일 병원에서 파리 병원에 연락해서 약을 조제해 달라고 하면 되겠네요. 내일 다녀올게요.
disk52	NO43	1450	24	デビッド「うん、頼むよスシャ－ナ、今あれがないと心ぼそくって心配だよ」	disk52/ﾍﾞｯﾄ.png	main/davL.png	KO	데이비드: 응, 부탁할게, 수잔나. 지금 약이 없으면 불안해서 견딜 수 없을 것 같아.
disk52	NO43	1460	25	スシャ－ナ「今夜は飲んだから大丈夫よ。それから、あの幻想を見るのはやめて、癖になって本当に身体をだめにするわ」	disk52/ﾍﾞｯﾄ.png	main/linR.png	KO	수잔나: 오늘 밤은 약을  먹었으니 괜찮을 거예요. 그리고 환영을 보는 건 그만둬요. 계속 그러다간 정말 몸을 망칠 거예요.
disk52	NO43	1470	26	スシャ－ナはデビッドが落ち着くのを確かめてから部屋をでていった。	disk52/ﾍﾞｯﾄ.png	main/linR.png	KO	수잔나는 데이비드가 진정된 것을 확인한 뒤 방을 나갔다.
disk52	NO43	1480	27	翌朝、デビッドは疲れのためか、昼の２時頃になって、ようやく目がさめた。	disk52/ﾍﾞｯﾄ.png	main/linR.png	KO	다음 날, 데이비드는 전날의 피로 탓인지 오후 두 시가 다 되어서야 겨우 잠에서 깨어났다.
disk52	NO43	1490	28	デビッドは、メンバ－を探しにロビ－に降りてみる。	disk52/ﾍﾞｯﾄ.png	main/linR.png	KO	데이비드는 멤버들을 찾아 로비로 내려갔다.
disk52	NO43	1495	29	ロビ－には、アラン達３人がいた。	disk52/ﾛﾋﾞｰ.png	main/linR.png	KO	로비에는 멤버들이 모여 있었다.
disk52	NO43	1700	30	アラン「デビッド、どうしたんだ。２時を過ぎて起きるなんて、今夜はコンサ－トだから、しっかりしてくれよ」	disk52/ﾛﾋﾞｰ.png	main/alnL.png	KO	앨런: 데이비드, 무슨 일 있었어? 2시가 넘어서 일어나다니, 오늘 밤은 공연이니까 정신 차려야 돼.
disk52	NO43	1710	31	デビッド「ごめん、悪夢を見ないかわりに、睡魔に取りつかれたのか、寝過ぎて頭がぼ－となってるんだ。コ－ヒ－を飲まなきゃ、注文してこようっと」	disk52/ﾛﾋﾞｰ.png	main/davL.png	KO	데이비드: 미안, 악몽을 안 꾸는 대신 수마에 씌었나 봐. 너무 자서 머리가 멍해서 커피라도 마셔야겠어. 주문하러 갔다 올게.
disk52	NO43	1715	32	デビッドはロビ－の喫茶カウンタ－に行った。	disk52/ﾛﾋﾞｰ.png	main/alnL.png	KO	데이비드는 로비의 카페 카운터로 향했다.
disk52	NO43	1720	33	アラン「デビッドの奴、この前まで悪夢にとりつかれたとか言って、こんどは睡魔だって、まあいいか、睡魔なら睡眠十分で体調はいい筈だよな」	disk52/ﾛﾋﾞｰ.png	main/alnL.png	KO	앨런: 데이비드 녀석, 얼마 전까지는 악몽에 죽겠다고 하더니 이번에는 수마라니... 뭐, 충분히 잤을 테니 컨디션은 좋겠구만.
disk52	NO43	1730	34	アンドリュ－「それにしても近ごろのデビッドは凄いよな、あの変わりようは・・・イギリスでは考えられなかったぜ」	disk52/ﾛﾋﾞｰ.png	main/andL.png	KO	앤드류: 그건 그렇고 요즘 데이비드는 굉장하지 않아? 사람이 완전 바뀌었다니까... 영국에 있을 때는 상상도 못할 정도야.
disk52	NO43	1740	35	マ－チン「音楽界ではよくある話だよ。ある日突然、大ヒットが出て、みるまに大スタ－になって人が変わるんだ。僕達もそうなるかもしれないよ」	disk52/ﾛﾋﾞｰ.png	main/marL.png	KO	마틴: 음악계에서는 드문 일도 아니야. 어느 날 갑자기 대박 나서 순식간에 대스타가 되면 사람도 달라지는 법이지. 우리라고 예외는 아닐지도 몰라.
disk52	NO43	1750	36	アンドリュ－「大金が入ったらロンドンでのラスト・コンサ－トの後、少し休暇が欲しいな、この一年間は働きづめだったからな」	disk52/ﾛﾋﾞｰ.png	main/andL.png	KO	앤드류: 돈도 많이 벌었으니 런던 마지막 공연이 끝나면 좀 쉬고 싶다. 지난 1년 내내 쉬지 않고 일했잖아.
disk52	NO43	1760	37	デビッドが戻ってきた。	disk52/ﾛﾋﾞｰ.png	main/davL.png	KO	데이비드가 다시 돌아왔다.
disk52	NO43	1770	38	デビッド「喫茶の女の子にサインを頼まれて、アラン、会場のセッティングはどうなってる・・・」	disk52/ﾛﾋﾞｰ.png	main/davL.png	KO	데이비드: 카페 직원한테 사인 부탁을 받아서 좀 늦었네. 앨런, 공연장 준비는 어떻게 되고 있어?
disk52	NO43	1780	39	アラン「いつもの通り連中がやってくれてる筈だし、スシャ－ナも先に行くと言ってたから大丈夫さ。でも俺達もあと一時間もしたらホテルを出ないと」	disk52/ﾛﾋﾞｰ.png	main/alnL.png	KO	앨런: 평소대로 스태프들이 준비하고 있을 거고, 수잔나도 먼저 가 있으니까 문제 없어. 그래도 한 시간쯤 뒤에는 출발해야 해.
disk52	NO43	1790	40	デビッド達は、コンサ－ト前の緊張をロビ－で雑談しながら、やわらげている。	disk52/ﾛﾋﾞｰ.png	main/alnL.png	KO	멤버들은 공연 전의 긴장을 로비에서 잡담을 나누며 누그러뜨렸다.
disk52	NO43	1800	41	その頃、レ－マベルク広場を、クラ－クとヴィンスが歩いている。	disk52/ﾋﾛﾊﾞ.png	main/alnL.png	KO	그 무렵, 레마베르크 광장을 클라크와 빈스가 걷고 있었다.
disk52	NO43	1810	42	その前をスシャ－ナとゲッヘルが連れそうように歩いていた。	disk52/ﾋﾛﾊﾞ.png	main/alnL.png	KO	그 앞을 수잔나와 쾨헬이 나란히 걷고 있었다.
disk52	NO43	1830	43	スシャ－ナが話す。	disk52/ﾋﾛﾊﾞ.png	main/alnL.png	KO	수잔나가 말한다.
disk52	NO43	1830	44	ゲッヘルが話す。	disk52/ﾋﾛﾊﾞ.png	main/alnL.png	KO	쾨헬이 말한다.
disk52	NO43	2000	45	ゲッヘル「額にアザがある人ですか、それだけで人を探すの無理ですよ。その人がこのドイツにいるとは決まってないのでしょう」	disk52/ﾋﾛﾊﾞ.png	disk43/ｹﾞﾍﾙ.png	KO	쾨헬: 이마에 흉터가 있는 사람이요? 그것만으로 누군가를 찾는 건 무리입니다. 그 사람이 정말 독일에 있다는 보장도 없지 않습니까?
disk52	NO43	2010	46	スシャ－ナ「魔王が見てしまうものは、その土地に関した人とか場所に限られているの、だから額のアザの人もきっと、この土地にいる筈よ」	disk52/ﾋﾛﾊﾞ.png	main/linR.png	KO	수잔나: 마왕님이 보는 환영에는 언제나 그 지역과 관계된 사람이나 장소만 나타나요. 그렇다면 이마에 흉터가 있는 사람도 분명 이곳 어딘가에 있을 거예요.
disk52	NO43	2020	47	ゲッヘル「スシャ－ナさんは、コンサ－トで忙しいから、私がアザの人間を探しましょう。こうみえても知り合いが大勢いますから、何かわかるかもしれません」	disk52/ﾋﾛﾊﾞ.png	main/linR.png	KO	쾨헬: 수잔나 씨는 공연 때문에 바쁘실 테니 그 사람은 제가 찾아보죠. 저도 아는 사람이 꽤 많으니 어쩌면 단서를 얻을 수 있을지 모릅니다.
disk52	NO43	2030	48	ゲッヘルはスシャ－ナに薬の入った紙袋を渡し、広場で別れた。	disk52/ﾋﾛﾊﾞ.png	main/linR.png	KO	쾨헬은 수잔나에게 약이 든 종이봉투를 건네고 광장에서 헤어졌다.
disk52	NO43	2040	49	クラ－クとヴィンスはスシャ－ナの後を歩いている。	disk52/ﾏﾁ1.png	main/linR.png	KO	클라크와 빈스는 수잔나의 뒤를 쫓았다.
disk52	NO43	2060	50	クラ－クが話す。	disk52/ﾏﾁ1.png	main/linR.png	KO	클라크가 말한다.
disk52	NO43	2060	51	ヴィンスが話す。	disk52/ﾏﾁ1.png	main/linR.png	KO	빈스가 말한다.
disk52	NO43	2300	52	ヴィンス「ゲッヘルを尾けなくていいのですか・・・」	disk52/ﾏﾁ1.png	main/ｳｲﾝｽ.png	KO	빈스: 쾨헬은 안 따라가도 되겠습니까?
disk52	NO43	2310	53	クラ－ク「ゲッヘルはスシャ－ナに、紙の袋を渡しに来ただけだ。あの袋の中身を知りたいが、無理だな」	disk52/ﾏﾁ1.png	main/ｸﾗｰｸ.png	KO	클라크: 쾨헬은 수잔나에게 저 종이봉투를 건네려고 온 것뿐이네. 내용물이 궁금하지만 확인할 방법은 없군.
disk52	NO43	2320	54	ヴィンス「広場を歩きながら話をされては、盗聴器も役にたちませんね。小型の集音マイクの性能の良いのがあれば・・・」	disk52/ﾏﾁ1.png	main/ｳｲﾝｽ.png	KO	빈스: 저렇게 걸어 다니면서 대화하면 도청기도 소용없네요. 성능 좋은 소형 집음 마이크라도 있으면 좋을 텐데...
disk52	NO43	2330	55	クラ－ク「集音マイクか、調べておこう。しかしスシャ－ナは今夜がコンサ－トだというのに、ゲッヘルから何かを受け取りに来たんだ。よほど重要の物かもしれないな」	disk52/ﾏﾁ1.png	main/ｸﾗｰｸ.png	KO	클라크: 집음 마이크라... 한 번 알아보겠네. 그런데 오늘 밤 공연인데도 쾨헬을 만나 뭔가를 받았다는 건 꽤 중요한 물건일지도 모르겠군.
disk52	NO43	2340	56	ヴィンス「あの紙袋の中は麻薬だったりして、ツア－を利用して麻薬の売買をしているのでは・・・」	disk52/ﾏﾁ1.png	main/ｳｲﾝｽ.png	KO	빈스: 혹시 안에 마약이라도 들어 있는 건 아닐까요? 투어를 이용해서 마약 거래를 한다든지...
disk52	NO43	2350	57	クラ－ク「ツア－を利用して取り引きするには、袋が小さすぎる。そのうちにわかるさ」	disk52/ﾏﾁ1.png	main/ｸﾗｰｸ.png	KO	클라크: 투어를 이용해 거래하기에는 봉투가 너무 작아. 어차피 조사하다 보면 알게 되겠지.
disk52	NO43	2360	58	クラ－ク達はスシャ－ナを後を歩き続けた。	disk52/ﾏﾁ1.png	main/ｸﾗｰｸ.png	KO	클라크와 빈스는 계속해서 수잔나의 뒤를 미행했다.
disk52	NO43	10000	95	ＤＡＴＡをＳＡＶＥしますか？　Ｙ／Ｎ	disk52/ﾏﾁ1.png	main/ｸﾗｰｸ.png	KO	
disk52	NO43	10040	101	ドライブ１に、ＳＡＶＥ・ディスクを入れて下さい。	disk52/ﾏﾁ1.png	main/ｸﾗｰｸ.png	KO	
disk52	NO43	10070	103	ドライブ１のディスクが違います。	disk52/ﾏﾁ1.png	main/ｸﾗｰｸ.png	KO	드라이브 1의 디스크가 다릅니다.
disk52	NO44	900	0	デビッドが話す。	disk52/ﾏﾁ1.png	main/ｸﾗｰｸ.png	KO	데이비드가 말한다.
disk52	NO44	900	1	アンドリュ－が話す。	disk52/ﾏﾁ1.png	main/ｸﾗｰｸ.png	KO	앤드류가 말한다.
disk52	NO44	900	2	マ－チンが話す。	disk52/ﾏﾁ1.png	main/ｸﾗｰｸ.png	KO	마틴이 말한다.
disk52	NO44	900	3	アランが話す。	disk52/ﾏﾁ1.png	main/ｸﾗｰｸ.png	KO	앨런이 말한다.
disk52	NO44	900	4	スシャ－ナが話す。	disk52/ﾏﾁ1.png	main/ｸﾗｰｸ.png	KO	수잔나가 말한다.
disk52	NO44	1000	5	ドイツでの最初のコンサ－トが始まった。	disk52/STG5.png	main/ｸﾗｰｸ.png	KO	독일에서의 첫 공연이 시작되었다.
disk52	NO44	1010	6	イタリアでのコンサ－ト以上の興奮が場内を包み、デビッド達を益々刺激している。	disk52/ﾃﾞ1.png	main/ｸﾗｰｸ.png	KO	이탈리아 공연 때보다도 훨씬 뜨거운 열기가 공연장을 뒤덮었고, 멤버들을 더욱 고조시켰다.
disk52	NO44	1030	7	デビッドのノりは、最高潮になった。あの、おとなしいマ－チンでさえ奇声を発し、ステ－ジの上も観客と変わらない興奮状態になっている。	disk52/STG5.png	main/ｸﾗｰｸ.png	KO	데이비드의 노래는 절정에 달했다. 평소 얌전한 마틴마저 괴성을 지를 정도로, 무대 위 역시 객석과 다를 바 없는 광란 상태였다.
disk52	NO44	1040	8	アラン「デビッド！　次のバラ－ドの曲を飛ばして、ガンガンやろうぜ！」	disk52/STG5.png	main/alnL.png	KO	앨런: 데이비드! 다음 발라드는 건너뛰고 계속 몰아붙이자!
disk52	NO44	1050	9	アランは、近ずいて来たデビッドに話している。	disk52/STG5.png	main/alnL.png	KO	앨런은 가까이 다가온 데이비드에게 소리쳤다.
disk52	NO44	1060	10	デビッド「俺も、そのつもりだ！　アンドリュ－に言ってくるぜ！」	disk52/STG5.png	main/davL.png	KO	데이비드: 나도 동감이야! 앤드류한테 말하고 올게!
disk52	NO44	1070	11	デビッドはリズムをとりながら、アンドリュ－に近ずいて話している。	disk52/STG5.png	main/davL.png	KO	데이비드는 몸으로 리듬을 타며 앤드류에게 다가갔다.
disk52	NO44	1080	12	アンドリュ－「だめだ！　いまでも危険だというのに、次はバラ－ドの曲を歌うんだ。アランに言っとけ！」	disk52/STG5.png	main/andL.png	KO	앤드류: 안 돼! 지금도 아슬아슬한 상태야. 다음 곡은 예정대로 발라드로 해. 앨런한테도 그렇게 전해줘!
disk52	NO44	1090	13	アンドリュ－だけは、メンバ－のまとめ役としての責任感からか、かろうじて正気を保っていたようだ。	disk52/STG5.png	main/andL.png	KO	리더로서의 책임감 때문인지, 앤드류만은 가까스로 이성을 유지하고 있었다.
disk52	NO44	1100	14	場内では、席から立ち上がった観客が、狂ったようにステ－ジにつめかける。数人の女の子が倒れ観客に踏みつけられた。	disk52/ｶﾝｷ7.png	main/andL.png	KO	공연장에서는 자리에서 일어난 관객들이 미친 듯이 무대로 몰려들었다. 몇 명의 여자아이들이 쓰러져 관객들에게 짓밟혔다.
disk52	NO44	1110	15	場内の整理員が観客を押しのけ助けだしたので、たいしたケガはなくコンサ－トは、そのまま続けられた。	disk52/STG5.png	main/andL.png	KO	다행히 안전요원들이 곧바로 관객들을 밀어내고 쓰러진 사람들을 구조했기에, 큰 부상자는 나오지 않아 콘서트는 계속 진행되었다.
disk52	NO44	1120	16	曲がバラ－ドに変わった時、観客も席につき、異常な興奮がわずだだが、さめている。	disk52/ﾃﾞ1.png	main/andL.png	KO	곡이 발라드로 바뀌면서 관객들도 다시 자리에 앉았고, 비정상적인 열기도 조금씩 가라앉았다.
disk52	NO44	1130	17	デビッド達も倒れた観客を眼の前に見て、少し興奮が覚めたのか、次からは観客をだましだましするように演奏を続け、無事にコンサ－トを終了させた。	disk52/STG5.png	main/andL.png	KO	멤버들도 눈앞에서 관객이 쓰러지는 모습을 보고 정신이 든 듯 이후에는 객석의 열기를 적당히 달래 가며 연주해 공연을 무사히 끝냈다.
disk52	NO44	1140	18	デビッド達は控え室で汗をふいている。	disk52/ﾋｶｴ.png	main/andL.png	KO	멤버들은 대기실에서 땀을 닦고 있었다.
disk52	NO44	1300	19	スシャ－ナ「ごくろうさん、みんなノり過ぎよ。あやうくコンサ－トが中止になるところだったわ」	disk52/ﾋｶｴ.png	main/linR.png	KO	수잔나: 다들 수고했어. 그런데 오늘은 너무 흥분했어요. 하마터면 공연이 중지될 뻔했잖아요.
disk52	NO44	1310	20	アンドリュ－「冷汗ものだったよ。この次は、デビッドもアランも調子にノり過ぎないように注意をしてくれよな」	disk52/ﾋｶｴ.png	main/andL.png	KO	앤드류: 정말 식은땀 났다니까. 다음부터는 데이비드도 앨런도 너무 분위기에 휩쓸리지 않게 조심해줘.
disk52	NO44	1320	21	スシャ－ナ「でも、デビッドが熱くならなかったら観客も盛り上がらないでしょう。ノり過ぎも困るけど、ノりのないコンサ－トは最低でしょう」	disk52/ﾋｶｴ.png	main/linR.png	KO	수잔나: 하지만 데이비드가 뜨거워지지 않으면 관객도 달아오르지 않잖아요. 너무 흥분하는 것도 곤란하지만, 흥이 없는 콘서트는 최악이에요.
disk52	NO44	1330	22	アンドリュ－「今夜はマ－チンまで興奮してしまって、これでは先が思いやられるよ」	disk52/ﾋｶｴ.png	main/andL.png	KO	앤드류: 오늘 밤은 마틴까지 흥분해 버렸으니, 앞으로 남은 투어가 걱정이야.
disk52	NO44	1340	23	マ－チン「しかたがないよ。デビッドの歌を聞いて興奮しない人間なんかいないよ」	disk52/ﾋｶｴ.png	main/marL.png	KO	마틴: 어쩔 수 없잖아. 데이비드 노래를 듣고도 흥분하지 않을 사람이 어디 있겠냐고.
disk52	NO44	1350	24	アラン「そうだ、興奮するなって言うのが無理な話だ。耳に栓をしろっていうのか・・・アンドリュ－だって興奮してたくせに、観客が倒れたのを俺のせいだと言うのか」	disk52/ﾋｶｴ.png	main/alnL.png	KO	앨런: 그래, 흥분하지 말라는 것이 무리라고. 귀를 틀어막고 연주하라는 거야? 앤드류, 너도 흥분했으면서 관객이 쓰러진 것을 내 탓이라고 하는 거야?
disk52	NO44	1360	25	アンドリュ－「俺は、興奮を押さえていたよ！　だから最悪の事態が避けられたんだ。気持ちの問題だ！！」	disk52/ﾋｶｴ.png	main/andL.png	KO	앤드류: 나는 최대한 억제하고 있었어! 그래서 최악의 사태를 피할 수 있었던 거라고. 결국 마음먹기에 달린 문제야!!
disk52	NO44	1370	26	デビッド「みんな、そんなにカッカするなよ。こうなったのは俺の責任だから、アンドリュ－、これからは曲の順番を守るから冷静になってくれよ」	disk52/ﾋｶｴ.png	main/davL.png	KO	데이비드: 다들 그만해. 이렇게 된 건 내 책임이야. 앤드류, 앞으로는 정해진 곡 순서를 지킬 테니까 진정해줘.
disk52	NO44	1380	27	スシャ－ナ「さあ、みんなホテルに戻るのよ。シャワ－を浴びれば、気持ちも落ちつくわ」	disk52/ﾋｶｴ.png	main/linR.png	KO	수잔나: 자, 이제 다들 호텔로 돌아가죠. 샤워라도 하고 나면 마음도 좀 가라앉을 거예요.
disk52	NO44	1390	28	デビッド達は、ホテルに戻ってシャワ－を浴びると興奮がさめ、乾杯のビ－ルを飲みながら、コンサ－トの成功を、楽しそうに話している。	disk52/Hﾚｽﾄ.png	main/linR.png	KO	호텔로 돌아와 샤워를 마치자, 멤버들의 흥분도 가라앉았다. 모두 맥주로 축배를 들며 성공적으로 끝난 공연 이야기를 즐겁게 나눴다.
disk52	NO44	1400	29	コンサ－トの疲れがでたころ、全員部屋にもどった。	disk52/Hﾚｽﾄ.png	main/linR.png	KO	공연의 피로가 밀려올 때쯤, 모두 각자의 방으로 돌아갔다.
disk52	NO44	1410	30	ベッドに入ったデビッドはコンサ－トで興奮した疲れから、幻影の誘惑も忘れ眠ってしまった。	disk52/Hﾚｽﾄ.png	main/linR.png	KO	침대에 누운 데이비드는 공연으로 쌓인 노곤함 탓에, 환영의 유혹도 잊고 잠들어 버렸다.
disk52	NO44	1420	31	翌日、デビッド達は次のコンサ－ト地、西ベルリンへとバスで移動していた。	disk52/ﾄﾞｳﾛ.png	main/linR.png	KO	다음 날, 멤버들은 다음 공연 장소인 서베를린으로 버스를 타고 이동했다.
disk52	NO44	1425	32	夜になってホテル［ベルリン］に到着した。	disk52/Bﾎﾃﾙ.png	main/linR.png	KO	밤이 되어서야 호텔 `베를린'에 도착했다.
disk52	NO44	1430	33	西ベルリンでのコンサ－トは２日後なので、デビッド達はスシャ－ナが特別に用意してくれた豪華なミ－ティング室で、雑談をしている。	disk52/ﾍﾔ.png	main/linR.png	KO	서베를린 공연까지는 아직 이틀이 남아 있었다. 멤버들은 수잔나가 마련해 준 호화로운 미팅룸에 모여 이야기를 나누고 있었다.
disk52	NO44	1600	34	アラン「コンサ－ト・ツア－で、こんなに豪勢な部屋ですごせるなんて、俺達も偉くなったもんだ。初めの頃は、ビジネス・ホテルでインスタントの食事だったからな」	disk52/ﾍﾔ.png	main/alnL.png	KO	앨런: 투어를 다니면서 이런 호화로운 방까지 쓰게 되다니, 우리도 정말 출세했구나. 처음에는 비즈니스 호텔에서 인스턴트 음식이나 먹었는데 말이야.
disk52	NO44	1610	35	アンドリュ－「俺達は有名になっても仲良くやっていこうよ。一人でも抜ければ［エレノ・ヴィジョン］でなくなってしまうからな」	disk52/ﾍﾔ.png	main/andL.png	KO	앤드류: 아무리 유명해져도 우리끼리는 사이좋게 지내자. 한 명이라도 빠지면 더 이상 `엘레노 비전'이 아니잖아.
disk52	NO44	1620	36	アラン「俺達は大丈夫さ、苦しい時も一緒に乗りこえた仲間だ。それより明日、ベルリンの壁を見にいかないか、この次ドイツにきたら壁が無くなってるかもしれないからな」	disk52/ﾍﾔ.png	main/alnL.png	KO	앨런: 우리는 괜찮을 거야. 힘들 때도 함께 버텨 온 사이잖아. 그것보다 내일 베를린 장벽을 보러 가지 않을래? 다음에 독일에 올 때는 장벽이 없어져 버릴지도 모르잖아.
disk52	NO44	1630	37	マ－チン「僕も行くよ。ベルリンの壁をぜひ見たいと思っていたんだ」	disk52/ﾍﾔ.png	main/marL.png	KO	마틴: 나도 갈래. 나 베를린 장벽은 꼭 직접 보고 싶었거든.
disk52	NO44	1640	38	その時、ドアがノックされスシャ－ナが入ってきた。	disk52/ﾍﾔ.png	main/marL.png	KO	그때, 노크 소리와 함께 수잔나가 방으로 들어왔다.
disk52	NO44	1800	39	スシャ－ナ「皆まだ寝てなかったのね。ラッキ－な話があるの聞いて、明日の夜、ブリストル・ホテルでチャリティ・マジック・ショ－があるの」	disk52/ﾍﾔ.png	main/linR.png	KO	수잔나: 다들 아직 안 잤네요. 솔깃한 소식이 하나 있어요. 내일 저녁 브리스톨 호텔에서 자선 마술 쇼가 열린대요.
disk52	NO44	1810	40	スシャ－ナ「招待券を５枚いただいたから行かない？　お客様は限定されているから、騒がれずに、ゆっくりできるわよ」	disk52/ﾍﾔ.png	main/linR.png	KO	수잔나: 초대권을 다섯 장 받았는데 같이 가지 않을래요? 초대받은 사람만 들어갈 수 있어서 팬들에게 시달리지 않고 편하게 볼 수 있을 거예요.
disk52	NO44	1820	41	アンドリュ－「チャリティならテ－ブル以外の客が入れないから、のんびりできるけど、ホテルの中でやる手品って指先だけで、つまらないよ」	disk52/ﾍﾔ.png	main/andL.png	KO	앤드류: 자선 행사라면 손님이 제한되어 있어서 조용히 볼 수는 있겠네. 그래도 호텔에서 하는 마술이면 기껏해야 손장난이나 보여 주는 정도라서 재미없는데.
disk52	NO44	1830	42	スシャ－ナ「それが普通の手品と違って、超能力を手品にみせかけたス－パ－・マジックなのよ。私も見たことがないのだけど、手品の種がないって言ってたわ」	disk52/ﾍﾔ.png	main/linR.png	KO	수잔나: 그게 보통 마술과 다른 초능력을 마술로 보여주는 슈퍼 매직이래요. 저도 본 적은 없지만 마술적 속임수는 없다고 하네요.
disk52	NO44	1840	43	マ－チン「ほんとに超能力を使うのかな、僕は超能力に凄く興味があるんだ。手品師の名前は・・・」	disk52/ﾍﾔ.png	main/marL.png	KO	마틴: 정말 초능력을 쓰는 걸까? 난 그런 쪽에 엄청 관심이 많거든. 그 사람 이름이...
disk52	NO44	1850	44	スシャ－ナ「ホルゲン・クロストと言ってたわ。ＴＶ嫌いで、舞台にしか出ないそうなの、だから見に行く価値があるのよ」	disk52/ﾍﾔ.png	main/linR.png	KO	수잔나: 홀겐 크로스트예요. TV 출연을 싫어해서 무대에서만 공연한대요. 그래서 더더욱 볼 가치가 있을 거예요.
disk52	NO44	1860	45	マ－チン「クロストの名前なら本で知ってるよ。第３の眼を持つ男といって、凄い超能力者なんだ。超能力では金が稼げないので、手品にみせかけショ－にしているんだ」	disk52/ﾍﾔ.png	main/marL.png	KO	마틴: 크로스트라면 책에서 봤어. 제3의 눈을 가진 남자라고 불리는 대단한 초능력자야. 초능력만으로 돈을 벌기 어려우니까 마술처럼 꾸며서 쇼를 하는 거랬어.
disk52	NO44	1870	46	スシャ－ナ「デビッド、行きましょうよ。超能力なんて、めったに見られないわよ」	disk52/ﾍﾔ.png	main/linR.png	KO	수잔나: 데이비드, 같이 가요. 진짜 초능력을 직접 볼 기회는 흔치 않잖아요.
disk52	NO44	1880	47	デビッド「皆が行くのなら俺も行くよ。手品は何度も見たけど、超能力は初めてだよ」	disk52/ﾍﾔ.png	main/davL.png	KO	데이비드: 모두가 간다면 나도 갈게. 마술은 몇 번이나 봤지만 초능력은 처음이라 궁금하네.
disk52	NO44	1890	48	アラン「俺は行くよ、超能力の手品なら見なきゃ損だ。しかし本当に超能力者なんているのかな・・・」	disk52/ﾍﾔ.png	main/alnL.png	KO	앨런: 나는 갈 거야. 초능력 마술이라면 보지 않으면 손해야. 근데 정말 초능력자라는 게 존재하긴 하는 걸까...?
disk52	NO44	1900	49	アンドリュ－「どうせインチキに決まってるさ、退屈しのぎに、俺も行くか」	disk52/ﾍﾔ.png	main/andL.png	KO	앤드류: 뭐, 어차피 사기겠지. 심심풀이로 나도 가볼까.
disk52	NO44	1910	50	スシャ－ナ「では明日の６時、皆で一緒に行く事に決定ね。私も超能力者を見るのが初めてなの、明日が楽しみだわ」	disk52/ﾍﾔ.png	main/linR.png	KO	수잔나: 그러면 내일 저녁 6시에 다 같이 가는 것으로 결정된 거예요. 저도 초능력자를 직접 보는 건 처음이라 벌써 기대돼요.
disk52	NO44	1920	51	デビッド達のいるホテルの部屋は、遅くまで灯りが消えなかった。	disk52/ﾍﾔ.png	main/linR.png	KO	그날 밤, 멤버들이 머무는 호텔 방에서는 늦은 시간까지 불빛이 꺼지지 않았다.
disk52	NO44	3000	52	ＣＤ－ＲＯＭよりＤＡＴＡの読み込みを始めます。ＨＩＴ　ＡＮＹ　ＫＥＹ	disk52/ﾍﾔ.png	main/linR.png	KO	CD-ROM에서 데이터 읽습니다. 아무 키나 눌러주세요.
disk52	NO44	3010	53	　　　　　　　　ＣＤ－ＲＯＭよりＤＡＴＡを読み込み中	disk52/ﾍﾔ.png	main/linR.png	KO	데이터를 읽는 중...
disk52	NO44	10000	90	ＤＡＴＡをＳＡＶＥしますか？　Ｙ／Ｎ	disk52/ﾍﾔ.png	main/linR.png	KO	
disk52	NO44	10040	96	ドライブ１に、ＳＡＶＥ・ディスクを入れて下さい。	disk52/ﾍﾔ.png	main/linR.png	KO	
disk52	NO44	10070	98	ドライブ１のディスクが違います。	disk52/ﾍﾔ.png	main/linR.png	KO	드라이브 1의 디스크가 다릅니다.
disk52	NO44	10110	99	ＳＡＶＥしました。ドライブ１のディスクに、ＭＡＩＮディスクを入れて下さい。	disk52/ﾍﾔ.png	main/linR.png	KO	
disk52	NO44	10150	101	ドライブ１のディスクが違います。	disk52/ﾍﾔ.png	main/linR.png	KO	드라이브 1의 디스크가 다릅니다.
intro	intro	205	0	Ｖ２モ－ドに変更して下さい。			KO	V2 모드로 변경해주세요.
intro	intro	210	1	スピ－ドを８Ｍｚに変更して下さい。			KO	속도를 8MHz로 변경해주세요.
